prefixo,data,forms,inicio,fim,tecnicos,garagens,cameras_formulario,cameras_texto,problemas,acoes,pendencia,janela_antes_h,depois_ate,depois_limitado_por_nova_manutencao,precisava,resultado,motivo,novo_problema,idx
7395,2026-08-27,210,2026-08-27T04:06,2026-08-27T04:06,Abner Melo,Viação Metrópole Pinedo,26,26,"Cabeamento rompido/danificado, Sem gravação de imagens, Switch apresentando falha","Correção e ajuste da configuração da câmera, Normalização da gravação de imagens, Reinicialização da câmera, Substituição do cabeamento, Substituição do switch",False,24,2026-09-28T20:59,False,Sem dados,Sem dados para avaliar,Prefixo sem registros no monitoramento,,0
10002,2026-09-05,74,2026-09-05T02:32,2026-09-05T02:32,Leandro Resende,Santa Brigida,,,,,False,24,2026-09-28T20:59,False,Sim,Resolvido com recorrência,"normalizaram, mas voltaram a apresentar problema depois","21, 23, 24, 25, 26",1
10008,2026-09-10,45,2026-09-10T01:38,2026-09-10T01:38,Leandro Resende,Santa Brigida,21,21,Câmera inoperante,,False,24,2026-09-28T20:59,False,Sim,Não resolvido,nenhuma câmera com problema antes voltou ao normal depois da visita,25,2
10215,2026-09-05,84,2026-09-05T00:31,2026-09-05T00:31,Leandro Resende,Santa Brigida,22,,"Câmera inoperante, Câmera travada, Sem gravação de imagens","Normalização da gravação de imagens, Reinicialização da câmera",False,24,2026-09-28T20:59,False,Sim,Resolvido com recorrência,"normalizaram, mas voltaram a apresentar problema depois","21, 23",3
10436,2026-09-03,139,2026-09-03T02:19,2026-09-03T02:19,Leandro Resende,Santa Brigida,22,,Câmera mal reposicionada,Reposicionamento adequado da câmera,False,24,2026-09-28T20:59,False,Não,Sem problema antes,CFTV normal nas 24 h anteriores à visita; surgiu problema depois,21,4
10585,2026-08-29,193,2026-08-29T01:33,2026-08-29T01:33,Leandro Resende,Santa Brigida,22,,"Câmera inoperante, Sem gravação de imagens","Normalização da gravação de imagens, Reinicialização da câmera",False,24,2026-09-28T20:59,False,Sem dados,Sem dados para avaliar,visita anterior ao início do monitoramento deste prefixo (31/08/2026 21:52),,5
10655,2026-08-22,306,2026-08-22T02:11,2026-08-22T02:11,Leandro Resende,Santa Brigida,22,,"Câmera mal reposicionada, Sem gravação de imagens","Normalização da gravação de imagens, Reposicionamento adequado da câmera",False,24,2026-09-05T01:52,True,Sem dados,Sem dados para avaliar,visita anterior ao início do monitoramento deste prefixo (31/08/2026 21:35),,6
10655,2026-09-05,79,2026-09-05T01:52,2026-09-05T01:52,Leandro Resende,Santa Brigida,,22,,,False,24,2026-09-28T20:59,False,Sim,Resolvido com recorrência,"normalizaram, mas voltaram a apresentar problema depois",,7
11014,2026-09-10,46,2026-09-10T01:17,2026-09-10T01:17,Leandro Resende,Santa Brigida,"21, 23","21, 23","Cabeamento rompido/danificado, Câmera inoperante",,False,24,2026-09-28T20:59,False,Sim,Não resolvido,nenhuma câmera com problema antes voltou ao normal depois da visita,"22, 24, 25, 26",8
11023,2026-09-10,47,2026-09-10T01:02,2026-09-10T01:02,Leandro Resende,Santa Brigida,"22, 23",22,"Cabeamento rompido/danificado, Câmera inoperante, Sem gravação de imagens",,False,24,2026-09-28T20:59,False,Sim,Parcialmente resolvido,parte das câmeras com problema normalizou e parte não,"21, 24, 25, 26",9
11038,2026-09-17,546,2026-09-17T01:06,2026-09-17T01:06,Leandro Resende,Santa Brigida,22,,Câmera mal reposicionada,Reposicionamento adequado da câmera,False,24,2026-09-28T20:59,False,Não,Sem problema antes,CFTV normal nas 24 h anteriores à visita; continuou normal depois,,10
11044,2026-09-16,596,2026-09-16T02:41,2026-09-16T02:41,Leandro Resende,Santa Brigida,22,,Câmera mal reposicionada,Reposicionamento adequado da câmera,False,24,2026-09-28T20:59,False,Sim,Não resolvido,nenhuma câmera com problema antes voltou ao normal depois da visita,"21, 22, 24, 25, 26",11
11052,2026-09-16,591,2026-09-16T02:57,2026-09-16T02:57,Leandro Resende,Santa Brigida,"21, 22",,Câmera mal reposicionada,Reposicionamento adequado da câmera,False,24,2026-09-28T20:59,False,Sim,Não resolvido,nenhuma câmera com problema antes voltou ao normal depois da visita,,12
11053,2026-09-17,550,2026-09-17T00:39,2026-09-17T00:39,Leandro Resende,Santa Brigida,"21, 22",,"Câmera mal reposicionada, Sem gravação de imagens","Normalização da gravação de imagens, Reposicionamento adequado da câmera",False,24,2026-09-28T20:59,False,Sim,Não resolvido,nenhuma câmera com problema antes voltou ao normal depois da visita,22,13
11055,2026-09-16,582,2026-09-16T03:19,2026-09-16T03:19,Leandro Resende,Santa Brigida,21,,Câmera mal reposicionada,Reposicionamento adequado da câmera,False,24,2026-09-28T20:59,False,Sim,Não resolvido,nenhuma câmera com problema antes voltou ao normal depois da visita,,14
11061,2026-09-16,611,2026-09-16T01:30,2026-09-16T01:30,Leandro Resende,Santa Brigida,22,,Câmera mal reposicionada,Reposicionamento adequado da câmera,False,24,2026-09-28T20:59,False,Não,Sem problema antes,CFTV normal nas 24 h anteriores à visita; continuou normal depois,,15
11064,2026-09-16,609,2026-09-16T01:39,2026-09-16T01:39,Leandro Resende,Santa Brigida,22,,Câmera mal reposicionada,Reposicionamento adequado da câmera,False,24,2026-09-28T20:59,False,Sim,Resolvido,todas as câmeras com problema antes normalizaram e não voltaram a falhar,21,16
11067,2026-09-16,600,2026-09-16T02:29,2026-09-16T02:29,Leandro Resende,Santa Brigida,22,,Câmera mal reposicionada,Reposicionamento adequado da câmera,False,24,2026-09-28T20:59,False,Sim,Não resolvido,nenhuma câmera com problema antes voltou ao normal depois da visita,21,17
11068,2026-09-16,604,2026-09-16T02:19,2026-09-16T02:19,Leandro Resende,Santa Brigida,22,,Câmera mal reposicionada,Reposicionamento adequado da câmera,False,24,2026-09-28T20:59,False,Sim,Não resolvido,nenhuma câmera com problema antes voltou ao normal depois da visita,21,18
11069,2026-09-03,152,2026-09-03T00:40,2026-09-03T00:40,Leandro Resende,Santa Brigida,23,,"Câmera travada, Sem gravação de imagens",Normalização da gravação de imagens,False,24,2026-09-28T20:59,False,Sim,Resolvido com recorrência,"normalizaram, mas voltaram a apresentar problema depois",,19
11072,2026-09-22,443,2026-09-22T02:52,2026-09-22T02:52,Leandro Resende,Santa Brigida,"21, 22, 23, 24, 25, 26",,"Câmera inoperante, Câmera mal reposicionada, Sem gravação de imagens","Correção da falha no switch, Correção na conexão dos cabos, Normalização da gravação de imagens, Substituição do switch",False,24,2026-09-28T20:59,False,Sim,Resolvido com recorrência,"normalizaram, mas voltaram a apresentar problema depois",,20
11077,2026-09-09,54,2026-09-09T01:13,2026-09-09T01:13,Leandro Resende,Santa Brigida,"22, 25",25,"Câmera inoperante, Câmera travada, Sem gravação de imagens","Normalização da gravação de imagens, Reinicialização da câmera",False,24,2026-09-28T20:59,False,Sim,Parcialmente resolvido,parte das câmeras com problema normalizou e parte não,,21
11078,2026-09-09,49,2026-09-09T03:03,2026-09-09T03:03,Leandro Resende,Santa Brigida,22,,"Câmera inoperante, Sem gravação de imagens","Normalização da gravação de imagens, Reinicialização da câmera",False,24,2026-09-17T00:54,True,Não,Sem problema antes,CFTV normal nas 24 h anteriores à visita; surgiu problema depois,23,22
11078,2026-09-17,547,2026-09-17T00:54,2026-09-17T00:54,Leandro Resende,Santa Brigida,"21, 22",,Câmera mal reposicionada,Reposicionamento adequado da câmera,False,24,2026-09-28T20:59,False,Não,Sem problema antes,CFTV normal nas 24 h anteriores à visita; surgiu problema depois,"22, 23",23
11086,2026-09-16,577,2026-09-16T03:39,2026-09-16T03:39,Leandro Resende,Santa Brigida,22,,"Câmera mal reposicionada, Sem gravação de imagens","Normalização da gravação de imagens, Reposicionamento adequado da câmera",False,24,2026-09-28T20:59,False,Sim,Resolvido,todas as câmeras com problema antes normalizaram e não voltaram a falhar,26,24
11088,2026-09-17,537,2026-09-17T01:42,2026-09-17T01:42,Leandro Resende,Santa Brigida,22,,Câmera mal reposicionada,Reposicionamento adequado da câmera,False,24,2026-09-28T20:59,False,Não,Sem problema antes,CFTV normal nas 24 h anteriores à visita; surgiu problema depois,25,25
11097,2026-09-16,615,2026-09-16T00:59,2026-09-16T00:59,Leandro Resende,Santa Brigida,"22, 23",,Câmera mal reposicionada,Reposicionamento adequado da câmera,False,24,2026-09-28T20:59,False,Não,Sem problema antes,CFTV normal nas 24 h anteriores à visita; continuou normal depois,,26
11100,2026-09-16,576,2026-09-16T03:47,2026-09-16T03:47,Leandro Resende,Santa Brigida,22,,Câmera mal reposicionada,Reposicionamento adequado da câmera,False,24,2026-09-28T20:59,False,Não,Sem problema antes,CFTV normal nas 24 h anteriores à visita; surgiu problema depois,"21, 25",27
11101,2026-09-16,586,2026-09-16T03:11,2026-09-16T03:11,Leandro Resende,Santa Brigida,22,,Câmera mal reposicionada,Reposicionamento adequado da câmera,False,24,2026-09-28T20:59,False,Não,Sem problema antes,CFTV normal nas 24 h anteriores à visita; continuou normal depois,,28
11103,2026-09-17,543,2026-09-17T01:17,2026-09-17T01:17,Leandro Resende,Santa Brigida,22,,Câmera mal reposicionada,Reposicionamento adequado da câmera,False,24,2026-09-19T00:57,True,Sim,Resolvido,todas as câmeras com problema antes normalizaram e não voltaram a falhar,,29
11103,2026-09-19,487,2026-09-19T00:57,2026-09-19T00:57,Leandro Resende,Santa Brigida,24,,Sem gravação de imagens,Normalização da gravação de imagens,False,24,2026-09-28T20:59,False,Não,Sem problema antes,CFTV normal nas 24 h anteriores à visita; continuou normal depois,,30
11107,2026-09-01,167,2026-09-01T01:53,2026-09-01T01:53,Leandro Resende,Santa Brigida,25,,"Câmera travada, Sem gravação de imagens",,False,24,2026-09-28T20:59,False,Sim,Não resolvido,nenhuma câmera com problema antes voltou ao normal depois da visita,"21, 22, 23, 24",31
11109,2026-09-16,619,2026-09-16T00:42,2026-09-16T00:42,Leandro Resende,Santa Brigida,22,,"Câmera mal reposicionada, Sem gravação de imagens","Normalização da gravação de imagens, Reposicionamento adequado da câmera",False,24,2026-09-28T20:59,False,Sim,Resolvido,todas as câmeras com problema antes normalizaram e não voltaram a falhar,,32
11111,2026-09-16,594,2026-09-16T02:49,2026-09-16T02:49,Leandro Resende,Santa Brigida,22,,Câmera mal reposicionada,Reposicionamento adequado da câmera,False,24,2026-09-28T20:59,False,Não,Sem problema antes,CFTV normal nas 24 h anteriores à visita; surgiu problema depois,"22, 24",33
11112,2026-09-05,75,2026-09-05T02:17,2026-09-05T02:17,Leandro Resende,Santa Brigida,23,,Sem gravação de imagens,,False,24,2026-09-28T20:59,False,Sim,Não resolvido,nenhuma câmera com problema antes voltou ao normal depois da visita,,34
11113,2026-09-10,43,2026-09-10T02:41,2026-09-10T02:41,Leandro Resende,Santa Brigida,25,25,"Cabeamento rompido/danificado, Câmera inoperante",,False,24,2026-09-28T20:59,False,Sim,Parcialmente resolvido,parte das câmeras com problema normalizou e parte não,22,35
11210,2026-09-04,112,2026-09-04T02:18,2026-09-04T02:18,Leandro Resende,Santa Brigida,22,,Câmera mal reposicionada,"Normalização da gravação de imagens, Reposicionamento adequado da câmera",False,24,2026-09-28T20:59,False,Sem dados,Sem dados para avaliar,Prefixo sem registros no monitoramento,,36
11435,2026-09-19,473,2026-09-19T03:25,2026-09-19T03:25,Leandro Resende,Santa Brigida,22,,Câmera mal reposicionada,Reposicionamento adequado da câmera,False,24,2026-09-28T20:59,False,Sem dados,Sem dados para avaliar,Prefixo sem registros no monitoramento,,37
11438,2026-08-22,309,2026-08-22T01:49,2026-08-22T01:49,Leandro Resende,Santa Brigida,"21, 22, 23",,Sem gravação de imagens,Normalização da gravação de imagens,False,24,2026-09-28T20:59,False,Sem dados,Sem dados para avaliar,visita anterior ao início do monitoramento deste prefixo (31/08/2026 21:28),,38
11439,2026-09-03,134,2026-09-03T03:02,2026-09-03T03:02,Leandro Resende,Santa Brigida,,,,,False,24,2026-09-28T20:59,False,Não,Sem problema antes,CFTV normal nas 24 h anteriores à visita; surgiu problema depois,"21, 22, 23",39
11452,2026-09-16,622,2026-09-16T00:21,2026-09-16T00:21,Leandro Resende,Santa Brigida,22,,Câmera mal reposicionada,Reposicionamento adequado da câmera,False,24,2026-09-28T20:59,False,Não,Sem problema antes,CFTV normal nas 24 h anteriores à visita; surgiu problema depois,"21, 22, 23",40
11454,2026-08-29,196,2026-08-29T00:36,2026-08-29T00:36,Leandro Resende,Santa Brigida,21,,Sem gravação de imagens,"Normalização da gravação de imagens, Reinicialização da câmera",False,24,2026-09-28T20:59,False,Sem dados,Sem dados para avaliar,visita anterior ao início do monitoramento deste prefixo (31/08/2026 21:19),,41
11457,2026-09-25,371,2026-09-25T03:10,2026-09-25T03:10,Leandro Resende,Santa Brigida,"22, 23",,"Câmera mal reposicionada, Sem gravação de imagens","Normalização da gravação de imagens, Reposicionamento adequado da câmera",False,24,2026-09-28T20:59,False,Sim,Resolvido,todas as câmeras com problema antes normalizaram e não voltaram a falhar,,42
11461,2026-09-09,53,2026-09-09T01:39,2026-09-09T01:39,Leandro Resende,Santa Brigida,,,,,False,24,2026-09-28T20:59,False,Não,Sem problema antes,CFTV normal nas 24 h anteriores à visita; surgiu problema depois,22,43
11471,2026-09-24,382,2026-09-24T03:25,2026-09-24T03:25,Leandro Resende,Santa Brigida,"22, 23",,Câmera mal reposicionada,Reposicionamento adequado da câmera,False,24,2026-09-28T20:59,False,Sim,Resolvido,todas as câmeras com problema antes normalizaram e não voltaram a falhar,,44
11479,2026-08-22,301,2026-08-22T03:30,2026-08-22T03:30,Leandro Resende,Santa Brigida,22,,Câmera mal reposicionada,Reposicionamento adequado da câmera,False,24,2026-09-28T20:59,False,Sem dados,Sem dados para avaliar,visita anterior ao início do monitoramento deste prefixo (31/08/2026 21:36),,45
11482,2026-09-10,40,2026-09-10T03:59,2026-09-10T03:59,Leandro Resende,Santa Brigida,23,,"Câmera inoperante, Sem gravação de imagens","Correção e ajuste da configuração da câmera, Normalização da gravação de imagens, Reposicionamento adequado da câmera",False,24,2026-09-28T20:59,False,Sem dados,Sem dados para avaliar,Prefixo sem registros no monitoramento,,46
11509,2026-09-04,114,2026-09-04T01:55,2026-09-04T01:55,Leandro Resende,Santa Brigida,21,,"Câmera inoperante, Câmera travada, Sem gravação de imagens","Normalização da gravação de imagens, Substituição da câmera defeituosa",False,24,2026-09-28T20:59,False,Sim,Resolvido com recorrência,"normalizaram, mas voltaram a apresentar problema depois",22,47
11523,2026-08-29,188,2026-08-29T02:26,2026-08-29T02:26,Leandro Resende,Santa Brigida,22,,"Câmera inoperante, Sem gravação de imagens","Normalização da gravação de imagens, Reinicialização da câmera",False,24,2026-09-28T20:59,False,Sem dados,Sem dados para avaliar,visita anterior ao início do monitoramento deste prefixo (31/08/2026 21:33),,48
11526,2026-08-29,194,2026-08-29T00:58,2026-08-29T00:58,Leandro Resende,Santa Brigida,21,,"Câmera inoperante, Sem gravação de imagens","Normalização da gravação de imagens, Reinicialização da câmera",False,24,2026-09-28T20:59,False,Sem dados,Sem dados para avaliar,visita anterior ao início do monitoramento deste prefixo (31/08/2026 21:09),,49
11527,2026-09-09,51,2026-09-09T02:20,2026-09-09T02:20,Leandro Resende,Santa Brigida,"21, 22",,"Câmera inoperante, Sem gravação de imagens","Correção das conexões do switch, Correção na conexão dos cabos, Normalização da gravação de imagens, Reinicialização da câmera",False,24,2026-09-28T20:59,False,Sim,Resolvido com recorrência,"normalizaram, mas voltaram a apresentar problema depois","21, 23",50
11528,2026-09-03,148,2026-09-03T01:10,2026-09-03T01:10,Leandro Resende,Santa Brigida,,,,,False,24,2026-09-28T20:59,False,Sim,Resolvido com recorrência,"normalizaram, mas voltaram a apresentar problema depois",,51
11536,2026-09-17,519,2026-09-17T03:39,2026-09-17T03:39,Leandro Resende,Santa Brigida,23,,Câmera mal reposicionada,Reposicionamento adequado da câmera,False,24,2026-09-28T20:59,False,Não,Sem problema antes,CFTV normal nas 24 h anteriores à visita; surgiu problema depois,21,52
11540,2026-09-11,15,2026-09-11T01:15,2026-09-11T01:15,Leandro Resende,Santa Brigida,22,,Câmera mal reposicionada,Reposicionamento adequado da câmera,False,24,2026-09-28T20:59,False,Não,Sem problema antes,CFTV normal nas 24 h anteriores à visita; surgiu problema depois,21,53
11550,2026-09-03,151,2026-09-03T00:54,2026-09-03T00:54,Leandro Resende,Santa Brigida,22,,Câmera mal reposicionada,Reposicionamento adequado da câmera,False,24,2026-09-28T20:59,False,Sem dados,Sem dados para avaliar,Prefixo sem registros no monitoramento,,54
11561,2026-09-11,20,2026-09-11T00:39,2026-09-11T00:39,Leandro Resende,Santa Brigida,22,,Câmera mal reposicionada,Reposicionamento adequado da câmera,False,24,2026-09-28T20:59,False,Não,Sem problema antes,CFTV normal nas 24 h anteriores à visita; continuou normal depois,,55
11576,2026-09-01,165,2026-09-01T02:20,2026-09-01T02:20,Leandro Resende,Santa Brigida,22,,"Câmera mal reposicionada, Sem gravação de imagens","Normalização da gravação de imagens, Reposicionamento adequado da câmera",False,24,2026-09-28T20:59,False,Sim,Resolvido com recorrência,"normalizaram, mas voltaram a apresentar problema depois",,56
11577,2026-09-01,169,2026-09-01T01:19,2026-09-01T01:19,Leandro Resende,Santa Brigida,22,,Câmera mal reposicionada,Reposicionamento adequado da câmera,False,24,2026-09-28T20:59,False,Não,Sem problema antes,CFTV normal nas 24 h anteriores à visita; surgiu problema depois,"21, 22, 23",57
11579,2026-09-11,13,2026-09-11T01:28,2026-09-11T01:28,Leandro Resende,Santa Brigida,22,,Câmera mal reposicionada,Reposicionamento adequado da câmera,False,24,2026-09-28T20:59,False,Não,Sem problema antes,CFTV normal nas 24 h anteriores à visita; surgiu problema depois,"21, 22, 23",58
11580,2026-09-09,50,2026-09-09T02:39,2026-09-09T02:39,Leandro Resende,Santa Brigida,,,,,False,24,2026-09-28T20:59,False,Não,Sem problema antes,CFTV normal nas 24 h anteriores à visita; surgiu problema depois,"21, 22, 23",59
11599,2026-09-05,78,2026-09-05T01:59,2026-09-05T01:59,Leandro Resende,Santa Brigida,,,,,False,24,2026-09-28T20:59,False,Sem dados,Sem dados para avaliar,Prefixo sem registros no monitoramento,,60
11607,2026-09-11,12,2026-09-11T01:46,2026-09-11T01:46,Leandro Resende,Santa Brigida,22,,Câmera mal reposicionada,Reposicionamento adequado da câmera,False,24,2026-09-28T20:59,False,Sem dados,Sem dados para avaliar,Prefixo sem registros no monitoramento,,61
11655,2026-08-29,187,2026-08-29T03:18,2026-08-29T03:18,Leandro Resende,Santa Brigida,22,,"Câmera inoperante, Sem gravação de imagens","Normalização da gravação de imagens, Reinicialização da câmera",False,24,2026-09-28T20:59,False,Sem dados,Sem dados para avaliar,Prefixo sem registros no monitoramento,,62
11661,2026-09-03,136,2026-09-03T02:53,2026-09-03T02:53,Leandro Resende,Santa Brigida,"21, 22, 23",,"Falha na conexão dos cabos, Sem gravação de imagens","Correção na conexão dos cabos, Normalização da gravação de imagens",False,24,2026-09-15T01:39,True,Sim,Resolvido com recorrência,"normalizaram, mas voltaram a apresentar problema depois",,63
11661,2026-09-15,644,2026-09-15T01:39,2026-09-15T01:39,Leandro Resende,Santa Brigida,22,,Câmera mal reposicionada,Reposicionamento adequado da câmera,False,24,2026-09-28T20:59,False,Não,Sem problema antes,CFTV normal nas 24 h anteriores à visita; continuou normal depois,,64
11667,2026-09-01,170,2026-09-01T00:59,2026-09-01T00:59,Leandro Resende,Santa Brigida,22,,Câmera travada,"Normalização da gravação de imagens, Reinicialização da câmera",False,24,2026-09-28T20:59,False,Sim,Resolvido com recorrência,"normalizaram, mas voltaram a apresentar problema depois","21, 23",65
11669,2026-09-17,521,2026-09-17T03:29,2026-09-17T03:29,Leandro Resende,Santa Brigida,23,,Câmera mal reposicionada,Reposicionamento adequado da câmera,False,24,2026-09-28T20:59,False,Não,Sem problema antes,CFTV normal nas 24 h anteriores à visita; surgiu problema depois,"21, 22, 23",66
11677,2026-09-25,367,2026-09-25T03:50,2026-09-25T03:50,Leandro Resende,Santa Brigida,22,,Câmera mal reposicionada,Reposicionamento adequado da câmera,False,24,2026-09-28T20:59,False,Não,Sem problema antes,CFTV normal nas 24 h anteriores à visita; surgiu problema depois,"21, 22, 23",67
11682,2026-09-25,366,2026-09-25T04:02,2026-09-25T04:02,Leandro Resende,Santa Brigida,22,,Câmera mal reposicionada,Reposicionamento adequado da câmera,False,24,2026-09-28T20:59,False,Não,Sem problema antes,CFTV normal nas 24 h anteriores à visita; continuou normal depois,,68
11688,2026-09-01,171,2026-09-01T00:33,2026-09-01T00:33,Leandro Resende,Santa Brigida,"21, 22",,"Câmera mal reposicionada, Câmera travada, Sem gravação de imagens","Normalização da gravação de imagens, Reposicionamento adequado da câmera",False,24,2026-09-28T20:59,False,Não,Sem problema antes,CFTV normal nas 24 h anteriores à visita; continuou normal depois,,69
11689,2026-09-17,531,2026-09-17T02:16,2026-09-17T02:16,Leandro Resende,Santa Brigida,22,,Câmera mal reposicionada,Reposicionamento adequado da câmera,False,24,2026-09-28T20:59,False,Não,Sem problema antes,CFTV normal nas 24 h anteriores à visita; surgiu problema depois,"21, 22, 23",70
11690,2026-08-22,313,2026-08-22T01:21,2026-08-22T01:21,Leandro Resende,Santa Brigida,22,,Câmera mal reposicionada,Reposicionamento adequado da câmera,False,24,2026-09-28T20:59,False,Sem dados,Sem dados para avaliar,visita anterior ao início do monitoramento deste prefixo (31/08/2026 21:20),,71
11691,2026-09-17,530,2026-09-17T02:34,2026-09-17T02:34,Leandro Resende,Santa Brigida,"21, 22, 23",,Câmera mal reposicionada,Reposicionamento adequado da câmera,False,24,2026-09-28T20:59,False,Não,Sem problema antes,CFTV normal nas 24 h anteriores à visita; surgiu problema depois,"21, 22, 23",72
11694,2026-09-25,368,2026-09-25T03:43,2026-09-25T03:43,Leandro Resende,Santa Brigida,22,,Câmera mal reposicionada,Reposicionamento adequado da câmera,False,24,2026-09-28T20:59,False,Não,Sem problema antes,CFTV normal nas 24 h anteriores à visita; continuou normal depois,,73
11695,2026-09-09,48,2026-09-09T03:22,2026-09-09T03:22,Leandro Resende,Santa Brigida,22,,Sem gravação de imagens,Normalização da gravação de imagens,False,24,2026-09-17T03:17,True,Sim,Resolvido com recorrência,"normalizaram, mas voltaram a apresentar problema depois",,74
11695,2026-09-17,522,2026-09-17T03:17,2026-09-17T03:17,Leandro Resende,Santa Brigida,22,,Câmera mal reposicionada,Reposicionamento adequado da câmera,False,24,2026-09-28T20:59,False,Sim,Resolvido com recorrência,"normalizaram, mas voltaram a apresentar problema depois",,75
11714,2026-09-17,527,2026-09-17T02:55,2026-09-17T02:55,Leandro Resende,Santa Brigida,23,,Câmera mal reposicionada,Reposicionamento adequado da câmera,False,24,2026-09-28T20:59,False,Não,Sem problema antes,CFTV normal nas 24 h anteriores à visita; surgiu problema depois,21,76
11725,2026-09-15,647,2026-09-15T00:58,2026-09-15T00:58,Leandro Resende,Santa Brigida,"22, 23",,Câmera mal reposicionada,Reposicionamento adequado da câmera,False,24,2026-09-28T20:59,False,Não,Sem problema antes,CFTV normal nas 24 h anteriores à visita; surgiu problema depois,"21, 22, 23",77
11735,2026-08-25,273,2026-08-25T03:33,2026-08-25T03:33,Leandro Resende,Santa Brigida,"21, 22, 23",,Sem gravação de imagens,Normalização da gravação de imagens,False,24,2026-09-28T20:59,False,Sem dados,Sem dados para avaliar,visita anterior ao início do monitoramento deste prefixo (31/08/2026 21:46),,78
11738,2026-09-19,477,2026-09-19T02:21,2026-09-19T02:21,Leandro Resende,Santa Brigida,22,,Câmera mal reposicionada,Reposicionamento adequado da câmera,False,24,2026-09-28T20:59,False,Não,Sem problema antes,CFTV normal nas 24 h anteriores à visita; surgiu problema depois,"21, 22, 23",79
11744,2026-09-15,645,2026-09-15T01:23,2026-09-15T01:23,Leandro Resende,Santa Brigida,22,,Câmera mal reposicionada,Reposicionamento adequado da câmera,False,24,2026-09-28T20:59,False,Não,Sem problema antes,CFTV normal nas 24 h anteriores à visita; continuou normal depois,,80
11754,2026-09-24,387,2026-09-24T02:24,2026-09-24T02:24,Leandro Resende,Santa Brigida,22,,Câmera mal reposicionada,Reposicionamento adequado da câmera,False,24,2026-09-28T20:59,False,Não,Sem problema antes,CFTV normal nas 24 h anteriores à visita; continuou normal depois,,81
11755,2026-09-04,106,2026-09-04T03:05,2026-09-04T03:05,Leandro Resende,Santa Brigida,22,22,"Câmera inoperante, Sem gravação de imagens",,False,24,2026-09-19T01:40,True,Sim,Parcialmente resolvido,parte das câmeras com problema normalizou e parte não,23,82
11755,2026-09-19,479,2026-09-19T01:40,2026-09-19T01:40,Leandro Resende,Santa Brigida,22,22,Câmera inoperante,,True,24,2026-09-28T20:59,False,Sim,Resolvido,todas as câmeras com problema antes normalizaram e não voltaram a falhar,,83
11759,2026-09-19,476,2026-09-19T02:30,2026-09-19T02:30,Leandro Resende,Santa Brigida,22,,Câmera mal reposicionada,Reposicionamento adequado da câmera,False,24,2026-09-28T20:59,False,Sim,Resolvido,todas as câmeras com problema antes normalizaram e não voltaram a falhar,21,84
11764,2026-08-22,303,2026-08-22T02:27,2026-08-22T02:27,Leandro Resende,Santa Brigida,22,,Câmera mal reposicionada,Reposicionamento adequado da câmera,False,24,2026-09-17T01:55,True,Sem dados,Sem dados para avaliar,visita anterior ao início do monitoramento deste prefixo (31/08/2026 21:45),,85
11764,2026-09-17,534,2026-09-17T01:55,2026-09-17T01:55,Leandro Resende,Santa Brigida,22,,Câmera mal reposicionada,Reposicionamento adequado da câmera,False,24,2026-09-28T20:59,False,Não,Sem problema antes,CFTV normal nas 24 h anteriores à visita; surgiu problema depois,"21, 22, 23",86
11765,2026-09-03,144,2026-09-03T01:36,2026-09-03T01:36,Leandro Resende,Santa Brigida,22,,"Câmera inoperante, Câmera travada, Sem gravação de imagens","Correção da falha no switch, Correção das conexões do switch, Normalização da gravação de imagens, Reinicialização da câmera",False,24,2026-09-28T20:59,False,Sim,Resolvido com recorrência,"normalizaram, mas voltaram a apresentar problema depois",,87
11775,2026-09-24,383,2026-09-24T03:00,2026-09-24T03:00,Leandro Resende,Santa Brigida,22,,Câmera mal reposicionada,Reposicionamento adequado da câmera,False,24,2026-09-28T20:59,False,Não,Sem problema antes,CFTV normal nas 24 h anteriores à visita; continuou normal depois,,88
11786,2026-09-25,369,2026-09-25T03:32,2026-09-25T03:32,Leandro Resende,Santa Brigida,23,,Sem gravação de imagens,Normalização da gravação de imagens,False,24,2026-09-28T20:59,False,Sim,Resolvido,todas as câmeras com problema antes normalizaram e não voltaram a falhar,,89
11787,2026-09-10,41,2026-09-10T03:40,2026-09-10T03:40,Leandro Resende,Santa Brigida,23,23,Câmera inoperante,,False,24,2026-09-28T20:59,False,Sim,Parcialmente resolvido,parte das câmeras com problema normalizou e parte não,22,90
11796,2026-09-04,109,2026-09-04T02:46,2026-09-04T02:46,Leandro Resende,Santa Brigida,"21, 22, 23",,Sem gravação de imagens,"Correção da falha no switch, Correção na conexão dos cabos",False,24,2026-09-10T03:13,True,Sim,Não resolvido,nenhuma câmera com problema antes voltou ao normal depois da visita,,91
11796,2026-09-10,42,2026-09-10T03:13,2026-09-10T03:13,Leandro Resende,Santa Brigida,"21, 22, 23",,Câmera travada,"Normalização da gravação de imagens, Reinicialização da câmera",False,24,2026-09-22T03:42,True,Sim,Não resolvido,nenhuma câmera com problema antes voltou ao normal depois da visita,,92
11796,2026-09-22,441,2026-09-22T03:42,2026-09-22T03:42,Leandro Resende,Santa Brigida,"21, 22, 23",,Switch apresentando falha,Substituição do switch,False,24,2026-09-28T20:59,False,Sim,Resolvido com recorrência,"normalizaram, mas voltaram a apresentar problema depois",,93
11801,2026-09-15,641,2026-09-15T01:52,2026-09-15T01:52,Leandro Resende,Santa Brigida,22,,Câmera mal reposicionada,Reposicionamento adequado da câmera,False,24,2026-09-28T20:59,False,Não,Sem problema antes,CFTV normal nas 24 h anteriores à visita; continuou normal depois,,94
11807,2026-09-24,390,2026-09-24T02:09,2026-09-24T02:09,Leandro Resende,Santa Brigida,22,,Câmera mal reposicionada,Reposicionamento adequado da câmera,False,24,2026-09-28T20:59,False,Não,Sem problema antes,CFTV normal nas 24 h anteriores à visita; continuou normal depois,,95
11810,2026-09-15,638,2026-09-15T02:06,2026-09-15T02:06,Leandro Resende,Santa Brigida,22,,Câmera mal reposicionada,Reposicionamento adequado da câmera,False,24,2026-09-28T20:59,False,Não,Sem problema antes,CFTV normal nas 24 h anteriores à visita; continuou normal depois,,96
11813,2026-09-03,130,2026-09-03T03:33,2026-09-03T03:33,Leandro Resende,Santa Brigida,22,,"Câmera travada, Sem gravação de imagens",,False,24,2026-09-28T20:59,False,Sim,Não resolvido,nenhuma câmera com problema antes voltou ao normal depois da visita,"21, 23",97
11816,2026-08-29,192,2026-08-29T01:50,2026-08-29T01:50,Leandro Resende,Santa Brigida,22,,"Câmera inoperante, Sem gravação de imagens","Normalização da gravação de imagens, Reinicialização da câmera, Reposicionamento adequado da câmera",False,24,2026-09-28T20:59,False,Sem dados,Sem dados para avaliar,visita anterior ao início do monitoramento deste prefixo (31/08/2026 21:38),,98
11819,2026-09-19,478,2026-09-19T02:11,2026-09-19T02:11,Leandro Resende,Santa Brigida,"22, 23",,"Câmera mal reposicionada, Sem gravação de imagens",Reposicionamento adequado da câmera,False,24,2026-09-28T20:59,False,Sim,Não resolvido,nenhuma câmera com problema antes voltou ao normal depois da visita,"21, 22",99
11829,2026-09-24,385,2026-09-24T02:39,2026-09-24T02:39,Leandro Resende,Santa Brigida,22,,Câmera mal reposicionada,Reposicionamento adequado da câmera,False,24,2026-09-28T20:59,False,Não,Sem problema antes,CFTV normal nas 24 h anteriores à visita; continuou normal depois,,100
11831,2026-09-15,650,2026-09-15T00:41,2026-09-15T00:41,Leandro Resende,Santa Brigida,22,,Câmera mal reposicionada,Reposicionamento adequado da câmera,False,24,2026-09-28T20:59,False,Não,Sem problema antes,CFTV normal nas 24 h anteriores à visita; surgiu problema depois,"21, 22, 23",101
11834,2026-09-15,646,2026-09-15T01:10,2026-09-15T01:10,Leandro Resende,Santa Brigida,22,,Câmera mal reposicionada,Reposicionamento adequado da câmera,False,24,2026-09-28T20:59,False,Não,Sem problema antes,CFTV normal nas 24 h anteriores à visita; continuou normal depois,,102
11840,2026-09-15,635,2026-09-15T02:14,2026-09-15T02:14,Leandro Resende,Santa Brigida,22,,Câmera mal reposicionada,Reposicionamento adequado da câmera,False,24,2026-09-28T20:59,False,Sim,Não resolvido,nenhuma câmera com problema antes voltou ao normal depois da visita,"22, 23",103
11857,2026-09-25,370,2026-09-25T03:19,2026-09-25T03:19,Leandro Resende,Santa Brigida,22,,Câmera mal reposicionada,Reposicionamento adequado da câmera,False,24,2026-09-28T20:59,False,Sim,Resolvido com recorrência,"normalizaram, mas voltaram a apresentar problema depois",,104
11873,2026-09-24,401,2026-09-24T00:54,2026-09-24T00:54,Leandro Resende,Santa Brigida,22,,Câmera mal reposicionada,Reposicionamento adequado da câmera,False,24,2026-09-28T20:59,False,Sim,Resolvido com recorrência,"normalizaram, mas voltaram a apresentar problema depois",,105
11874,2026-09-25,373,2026-09-25T02:28,2026-09-25T02:28,Leandro Resende,Santa Brigida,22,,Câmera mal reposicionada,Reposicionamento adequado da câmera,False,24,2026-09-28T20:59,False,Não,Sem problema antes,CFTV normal nas 24 h anteriores à visita; surgiu problema depois,"21, 22, 23",106
11880,2026-09-24,398,2026-09-24T01:30,2026-09-24T01:30,Leandro Resende,Santa Brigida,"21, 22",,"Câmera mal reposicionada, Sem gravação de imagens",Reposicionamento adequado da câmera,False,24,2026-09-28T20:59,False,Sim,Não resolvido,nenhuma câmera com problema antes voltou ao normal depois da visita,"22, 23",107
11883,2026-09-25,375,2026-09-25T01:51,2026-09-25T01:51,Leandro Resende,Santa Brigida,21,,Sem gravação de imagens,"Correção e ajuste da configuração da câmera, Normalização da gravação de imagens",False,24,2026-09-28T20:59,False,Não,Sem problema antes,CFTV normal nas 24 h anteriores à visita; surgiu problema depois,"21, 22, 23",108
11884,2026-09-19,475,2026-09-19T02:54,2026-09-19T02:54,Leandro Resende,Santa Brigida,"21, 22",22,"Câmera inoperante, Sem gravação de imagens",Normalização da gravação de imagens,False,24,2026-09-28T20:59,False,Sim,Parcialmente resolvido,parte das câmeras com problema normalizou e parte não,23,109
11903,2026-09-24,397,2026-09-24T01:49,2026-09-24T01:49,Leandro Resende,Santa Brigida,22,,Câmera mal reposicionada,Reposicionamento adequado da câmera,False,24,2026-09-28T20:59,False,Não,Sem problema antes,CFTV normal nas 24 h anteriores à visita; surgiu problema depois,"21, 22, 23",110
11998,2026-09-09,61,2026-09-09T00:24,2026-09-09T00:24,Leandro Resende,Santa Brigida,22,,"Câmera inoperante, Sem gravação de imagens","Normalização da gravação de imagens, Reinicialização da câmera",False,24,2026-09-28T20:59,False,Sim,Parcialmente resolvido,parte das câmeras com problema normalizou e parte não,,111
31003,2026-09-21,459,2026-09-21T14:56,2026-09-21T14:56,Luiz Rodrigo,Viação Metrópole Iguatemi,"22, 23","21, 22, 23",Sem gravação de imagens,"Correção e ajuste da configuração da câmera, Normalização da gravação de imagens",False,24,2026-09-28T20:59,False,Não,Sem problema antes,CFTV normal nas 24 h anteriores à visita; continuou normal depois,,112
31005,2026-09-04,107,2026-09-04T02:52,2026-09-04T02:52,Gesnei souza,Viação Metrópole Iguatemi,22,,"Câmera travada, Sem gravação de imagens","Normalização da gravação de imagens, Reinicialização da câmera",False,24,2026-09-11T09:02,True,Sim,Parcialmente resolvido,parte das câmeras com problema normalizou e parte não,,113
31005,2026-09-11,7,2026-09-11T09:02,2026-09-11T09:02,Luiz Rodrigo,Viação Metrópole Iguatemi,"21, 22, 23","21, 22, 23","Configuração incorreta da câmera, Câmera mal reposicionada, Sem gravação de imagens","Correção e ajuste da configuração da câmera, Inserção ou substituição do cartão de memória, Normalização da gravação de imagens, Reposicionamento adequado da câmera",False,24,2026-09-28T20:59,False,Sim,Resolvido com recorrência,"normalizaram, mas voltaram a apresentar problema depois",,114
31008,2026-09-10,36,2026-09-10T10:17,2026-09-10T10:17,Luiz Rodrigo,Viação Metrópole Iguatemi,"21, 22, 23","21, 22, 23",Câmera mal reposicionada,Reposicionamento adequado da câmera,False,24,2026-09-28T20:59,False,Não,Sem problema antes,CFTV normal nas 24 h anteriores à visita; continuou normal depois,,115
31011,2026-09-14,663,2026-09-14T11:58,2026-09-14T11:58,Luiz Rodrigo,Viação Metrópole Iguatemi,21,"21, 22, 23","Câmera com infiltração, Câmera inoperante, Sem gravação de imagens",,False,24,2026-09-28T20:59,False,Sim,Não resolvido,nenhuma câmera com problema antes voltou ao normal depois da visita,,116
31012,2026-09-16,617,2026-09-16T00:49,2026-09-16T00:49,Gesnei souza,Viação Metrópole Iguatemi,21,21,"Câmera com infiltração, Câmera inoperante",,True,24,2026-09-28T20:59,False,Sim,Não resolvido,nenhuma câmera com problema antes voltou ao normal depois da visita,,117
31014,2026-09-21,464,2026-09-21T08:28,2026-09-21T08:28,Luiz Rodrigo,Viação Metrópole Iguatemi,"21, 23, 24","21, 22, 23, 24, 25, 26",Câmera mal reposicionada,Reposicionamento adequado da câmera,False,24,2026-09-28T20:59,False,Sim,Resolvido,todas as câmeras com problema antes normalizaram e não voltaram a falhar,,118
31024,2026-08-27,203,2026-08-27T23:49,2026-08-27T23:49,Anderson Silva,Via Sudeste Cursino,,,,,False,24,2026-09-28T20:59,False,Sem dados,Sem dados para avaliar,Prefixo sem registros no monitoramento,,119
31042,2026-08-27,202,2026-08-27T23:51,2026-08-27T23:51,Anderson Silva,Via Sudeste Cursino,,,,,False,24,2026-09-28T20:59,False,Sem dados,Sem dados para avaliar,Prefixo sem registros no monitoramento,,120
31093,2026-09-11,8,2026-09-11T03:08,2026-09-11T03:08,Gesnei souza,Viação Metrópole Iguatemi,,"21, 22, 25",,,False,24,2026-09-28T20:59,False,Sim,Parcialmente resolvido,parte das câmeras com problema normalizou e parte não,,121
31094,2026-09-18,504,2026-09-18T14:54,2026-09-18T14:54,Luiz Rodrigo,Viação Metrópole Iguatemi,"21, 22, 23, 25","21, 22, 23, 24, 25, 26","Cabeamento rompido/danificado, Configuração incorreta da câmera, Câmera desligada manualmente, Câmera inoperante, Câmera mal reposicionada, Falha na conexão dos cabos, Sem gravação de imagens","Ativação da câmera, Correção das conexões do switch, Correção e ajuste da configuração da câmera, Correção na conexão dos cabos, Crimpagem correta do conector RJ45, Normalização da gravação de imagens, Reinicialização da câmera, Reparo do cabeamento, Reposicionamento adequado da câmera",False,24,2026-09-28T20:59,False,Sim,Não resolvido,nenhuma câmera com problema antes voltou ao normal depois da visita,,122
31095,2026-09-11,680,2026-09-11T14:54,2026-09-11T14:54,Luiz Rodrigo,Viação Metrópole Iguatemi,"24, 25, 26","24, 25, 26","Câmera inoperante, Câmera mal reposicionada, Câmera removida por terceiros",Reposicionamento adequado da câmera,False,24,2026-09-28T20:59,False,Sim,Não resolvido,nenhuma câmera com problema antes voltou ao normal depois da visita,,123
31100,2026-09-16,567,2026-09-16T11:56,2026-09-16T11:56,Luiz Rodrigo,Viação Metrópole Iguatemi,"21, 22, 24, 25, 26","21, 22, 24, 25, 26","Câmera mal reposicionada, Sem gravação de imagens","Correção e ajuste da configuração da câmera, Normalização da gravação de imagens, Reposicionamento adequado da câmera",False,24,2026-09-28T20:59,False,Não,Sem problema antes,CFTV normal nas 24 h anteriores à visita; surgiu problema depois,"21, 22, 23, 24, 25, 26",124
31105,2026-09-11,679,2026-09-11T15:30,2026-09-11T15:30,Luiz Rodrigo,Viação Metrópole Iguatemi,"21, 22, 23, 24, 25","21, 22, 23, 24, 25, 26","Configuração incorreta da câmera, Câmera mal reposicionada, Sem gravação de imagens","Correção e ajuste da configuração da câmera, Normalização da gravação de imagens, Reposicionamento adequado da câmera",False,24,2026-09-28T20:59,False,Sim,Não resolvido,nenhuma câmera com problema antes voltou ao normal depois da visita,,125
31120,2026-09-21,452,2026-09-21T23:09,2026-09-21T23:09,Joel,Viação Metrópole Imperador,"21, 22, 23, 24, 25, 26",,Configuração incorreta da câmera,Correção e ajuste da configuração da câmera,False,24,2026-09-28T20:59,False,Sim,Resolvido com recorrência,"normalizaram, mas voltaram a apresentar problema depois",25,126
31136,2026-09-19,486,2026-09-19T01:11,2026-09-19T01:11,Joel,Viação Metrópole Imperador,"21, 22, 23, 24, 25, 26",22,"Configuração incorreta da câmera, Câmera sem cartão de memória, Sem gravação de imagens",Correção e ajuste da configuração da câmera,False,24,2026-09-28T20:59,False,Sim,Não resolvido,nenhuma câmera com problema antes voltou ao normal depois da visita,"21, 23, 24, 25, 26",127
31152,2026-09-28,347,2026-09-28T01:23,2026-09-28T01:23,Joel,Viação Metrópole Imperador,"21, 22, 23, 24, 25, 26",,Configuração incorreta da câmera,Correção e ajuste da configuração da câmera,False,24,2026-09-28T20:59,False,Sim,Resolvido,todas as câmeras com problema antes normalizaram e não voltaram a falhar,,128
31157,2026-09-22,442,2026-09-22T02:58,2026-09-22T02:58,Joel,Viação Metrópole Imperador,"21, 22, 23","23, 24, 25, 26","Configuração incorreta da câmera, RJ45 crimpado incorretamente, Sem gravação de imagens","Correção e ajuste da configuração da câmera, Crimpagem correta do conector RJ45, Normalização da gravação de imagens",True,24,2026-09-28T20:59,False,Sim,Resolvido,todas as câmeras com problema antes normalizaram e não voltaram a falhar,22,129
31161,2026-09-28,345,2026-09-28T01:51,2026-09-28T01:51,Joel,Viação Metrópole Imperador,"21, 22, 23, 24, 25, 26",21,"Configuração incorreta da câmera, Sem gravação de imagens","Correção e ajuste da configuração da câmera, Inserção ou substituição do cartão de memória, Normalização da gravação de imagens",False,24,2026-09-28T20:59,False,Sim,Resolvido com recorrência,"normalizaram, mas voltaram a apresentar problema depois","22, 23",130
31165,2026-09-19,488,2026-09-19T00:38,2026-09-19T00:38,Joel,Viação Metrópole Imperador,"21, 22, 23, 24, 25, 26",21,"Configuração incorreta da câmera, Câmera sem cartão de memória, Sem gravação de imagens",Correção e ajuste da configuração da câmera,False,24,2026-09-28T20:59,False,Sim,Não resolvido,nenhuma câmera com problema antes voltou ao normal depois da visita,"22, 23, 24, 26",131
31180,2026-09-17,529,2026-09-17T02:45,2026-09-17T02:45,Joel,Viação Metrópole Imperador,"21, 22, 23, 24, 25, 26",26,"Configuração incorreta da câmera, Câmera com sinal de vandalismo, Câmera inoperante, Sem gravação de imagens","Correção e ajuste da configuração da câmera, Normalização da gravação de imagens",False,24,2026-09-28T20:59,False,Sim,Parcialmente resolvido,parte das câmeras com problema normalizou e parte não,,132
31182,2026-09-15,626,2026-09-15T23:26,2026-09-15T23:26,Joel,Viação Metrópole Imperador,25,25,Sem gravação de imagens,,False,24,2026-09-28T20:59,False,Sim,Resolvido com recorrência,"normalizaram, mas voltaram a apresentar problema depois",24,133
31204,2026-09-17,520,2026-09-17T03:33,2026-09-17T03:33,Joel,Viação Metrópole Imperador,"21, 22, 23, 24, 25, 26","22, 26","Configuração incorreta da câmera, Câmera sem cartão de memória, Sem gravação de imagens","Correção e ajuste da configuração da câmera, Normalização da gravação de imagens",False,24,2026-09-28T20:59,False,Sim,Parcialmente resolvido,parte das câmeras com problema normalizou e parte não,"21, 23, 24",134
31205,2026-09-17,515,2026-09-17T04:51,2026-09-17T04:51,Joel,Viação Metrópole Imperador,"21, 22, 23, 24, 25, 26","25, 26","Cabeamento rompido/danificado, Configuração incorreta da câmera, Falha na conexão dos cabos, Sem gravação de imagens","Correção e ajuste da configuração da câmera, Normalização da gravação de imagens",False,24,2026-09-28T20:59,False,Sim,Não resolvido,nenhuma câmera com problema antes voltou ao normal depois da visita,"21, 22, 23, 24",135
31206,2026-09-28,343,2026-09-28T02:11,2026-09-28T02:11,Joel,Viação Metrópole Imperador,"21, 22, 23, 24, 25, 26",,Configuração incorreta da câmera,Correção e ajuste da configuração da câmera,False,24,2026-09-28T20:59,False,Sim,Resolvido,todas as câmeras com problema antes normalizaram e não voltaram a falhar,,136
31210,2026-09-16,585,2026-09-16T03:00,2026-09-16T03:00,Joel,Viação Metrópole Imperador,"21, 22, 23",21,"Câmera com infiltração, Switch apresentando falha",Substituição do switch,True,24,2026-09-28T20:59,False,Sim,Resolvido com recorrência,"normalizaram, mas voltaram a apresentar problema depois",,137
31212,2026-09-17,538,2026-09-17T01:21,2026-09-17T01:21,Joel,Viação Metrópole Imperador,"21, 22, 23, 24, 25, 26",,"Configuração incorreta da câmera, Switch apresentando falha","Correção e ajuste da configuração da câmera, Normalização da gravação de imagens, Substituição do switch",False,24,2026-09-28T20:59,False,Sim,Resolvido,todas as câmeras com problema antes normalizaram e não voltaram a falhar,,138
31214,2026-09-28,348,2026-09-28T00:43,2026-09-28T00:43,Joel,Viação Metrópole Imperador,"21, 22, 23, 24, 25, 26",,"Configuração incorreta da câmera, Sem gravação de imagens","Correção e ajuste da configuração da câmera, Normalização da gravação de imagens",False,24,2026-09-28T20:59,False,Sim,Resolvido,todas as câmeras com problema antes normalizaram e não voltaram a falhar,,139
31218,2026-09-04,103,2026-09-04T04:21,2026-09-04T04:21,Gesnei souza,Viação Metrópole Iguatemi,22,,Câmera travada,"Normalização da gravação de imagens, Reinicialização da câmera",False,24,2026-09-28T20:59,False,Sim,Resolvido com recorrência,"normalizaram, mas voltaram a apresentar problema depois","21, 23, 24, 25, 26",140
31245,2026-09-21,463,2026-09-21T09:55,2026-09-21T09:55,Luiz Rodrigo,Viação Metrópole Iguatemi,"21, 22, 23, 24, 25, 26","21, 22, 23, 24, 25, 26","Câmera com infiltração, Câmera inoperante, Sem gravação de imagens, Switch apresentando falha","Ativação da câmera, Correção da falha no switch, Correção das conexões do switch, Correção e ajuste da configuração da câmera, Correção na conexão dos cabos, Normalização da gravação de imagens",False,24,2026-09-28T20:59,False,Sim,Não resolvido,nenhuma câmera com problema antes voltou ao normal depois da visita,,141
31248,2026-09-28,339,2026-09-28T09:10,2026-09-28T09:10,Luiz Rodrigo,Viação Metrópole Iguatemi,"21, 23, 24, 25","21, 22, 23, 24, 25, 26","Configuração incorreta da câmera, Câmera mal reposicionada, Câmera não fixada corretamente, Sem gravação de imagens","Correção e ajuste da configuração da câmera, Fixação adequada da câmera, Normalização da gravação de imagens, Reposicionamento adequado da câmera",False,24,2026-09-28T20:59,False,Sim,Resolvido,todas as câmeras com problema antes normalizaram e não voltaram a falhar,,142
31255,2026-09-16,613,2026-09-16T01:22,2026-09-16T01:22,Gesnei souza,Viação Metrópole Iguatemi,"21, 22, 23","21, 22, 23","Câmera desligada manualmente, Sem gravação de imagens","Ativação da câmera, Normalização da gravação de imagens, Reinicialização da câmera",False,24,2026-09-28T20:59,False,Sim,Resolvido com recorrência,"normalizaram, mas voltaram a apresentar problema depois",,143
31256,2026-09-10,34,2026-09-10T11:42,2026-09-10T11:42,Luiz Rodrigo,Viação Metrópole Iguatemi,,"23, 26",,,False,24,2026-09-28T20:59,False,Sim,Parcialmente resolvido,parte das câmeras com problema normalizou e parte não,"22, 24, 25",144
31260,2026-09-22,437,2026-09-22T22:31,2026-09-22T22:31,Rafael Diniz,Viação Metrópole Iguatemi,"21, 22, 23, 24, 25, 26",,"Conexões do switch incorretas, RJ45 crimpado incorretamente, Sem gravação de imagens","Correção das conexões do switch, Crimpagem correta do conector RJ45, Normalização da gravação de imagens",False,24,2026-09-28T20:59,False,Sim,Resolvido,todas as câmeras com problema antes normalizaram e não voltaram a falhar,,145
31262,2026-09-05,76,2026-09-05T02:05,2026-09-05T02:05,Gesnei souza,Viação Metrópole Iguatemi,24,,Sem gravação de imagens,Normalização da gravação de imagens,False,24,2026-09-18T13:43,True,Sim,Resolvido com recorrência,"normalizaram, mas voltaram a apresentar problema depois",,146
31262,2026-09-18,506,2026-09-18T13:43,2026-09-18T13:43,Lui,Viação Metrópole Iguatemi,24,24,"Câmera inoperante, Câmera travada",Reinicialização da câmera,False,24,2026-09-28T20:59,False,Sim,Resolvido com recorrência,"normalizaram, mas voltaram a apresentar problema depois",26,147
31266,2026-09-28,338,2026-09-28T10:43,2026-09-28T10:43,Luiz Rodrigo,Viação Metrópole Iguatemi,"21, 22","21, 22, 23, 24, 25, 26","Configuração incorreta da câmera, Câmera inoperante, Câmera mal reposicionada, Falha na conexão dos cabos, Sem gravação de imagens","Ativação da câmera, Correção das conexões do switch, Correção e ajuste da configuração da câmera, Correção na conexão dos cabos, Crimpagem correta do conector RJ45, Fixação adequada da câmera, Normalização da gravação de imagens, Reposicionamento adequado da câmera, Substituição do cabeamento",False,24,2026-09-28T20:59,False,Sim,Resolvido com recorrência,"normalizaram, mas voltaram a apresentar problema depois",22,148
31269,2026-09-23,414,2026-09-23T23:28,2026-09-23T23:28,Joel,Viação Metrópole Imperador,"21, 22, 23, 24, 25, 26",,"Configuração incorreta da câmera, Sem gravação de imagens","Correção e ajuste da configuração da câmera, Normalização da gravação de imagens",False,24,2026-09-28T20:59,False,Sim,Resolvido,todas as câmeras com problema antes normalizaram e não voltaram a falhar,,149
31299,2026-09-15,637,2026-09-15T02:01,2026-09-15T02:01,Joel,Viação Metrópole Imperador,"21, 22, 23",,"Configuração incorreta da câmera, Câmera mal reposicionada, Sem gravação de imagens","Correção e ajuste da configuração da câmera, Normalização da gravação de imagens, Reinicialização da câmera, Reposicionamento adequado da câmera",False,24,2026-09-28T20:59,False,Sim,Resolvido,todas as câmeras com problema antes normalizaram e não voltaram a falhar,"25, 26",150
31373,2026-09-08,68,2026-09-08T09:21,2026-09-08T09:21,Luiz Rodrigo,Viação Metrópole Brás,21,"22, 23","Conexões do switch incorretas, Configuração incorreta da câmera, Câmera sem cartão de memória, Sem gravação de imagens","Correção e ajuste da configuração da câmera, Correção na conexão dos cabos, Inserção ou substituição do cartão de memória, Normalização da gravação de imagens",False,24,2026-09-28T20:59,False,Sem dados,Sem dados para avaliar,visita anterior ao início do monitoramento deste prefixo (21/09/2026 12:10),,151
31484,2026-09-11,3,2026-09-11T12:22,2026-09-11T12:22,Luiz Rodrigo,Viação Metrópole Iguatemi,"21, 22, 23","21, 22, 23","Câmera inoperante, Câmera removida por terceiros, Câmera travada, Sem gravação de imagens, Switch apresentando falha",,True,24,2026-09-28T20:59,False,Sim,Parcialmente resolvido,parte das câmeras com problema normalizou e parte não,,152
31486,2026-09-03,129,2026-09-03T03:32,2026-09-03T03:32,Gesnei souza,Viação Metrópole Iguatemi,22,,Sem gravação de imagens,Normalização da gravação de imagens,False,24,2026-09-16T13:17,True,Sim,Não resolvido,nenhuma câmera com problema antes voltou ao normal depois da visita,,153
31486,2026-09-16,565,2026-09-16T13:17,2026-09-16T13:17,Luiz Rodrigo,Viação Metrópole Iguatemi,"21, 23","21, 22, 23","Câmera com infiltração, Câmera inoperante, Sem gravação de imagens","Correção e ajuste da configuração da câmera, Normalização da gravação de imagens",True,24,2026-09-28T20:59,False,Sim,Não resolvido,nenhuma câmera com problema antes voltou ao normal depois da visita,,154
31490,2026-09-28,341,2026-09-28T08:12,2026-09-28T08:12,Luiz Rodrigo,Viação Metrópole Iguatemi,,,,,False,24,2026-09-28T20:59,False,Não,Sem problema antes,CFTV normal nas 24 h anteriores à visita; continuou normal depois,,155
31501,2026-09-11,23,2026-09-11T00:06,2026-09-11T00:06,Gesnei souza,Viação Metrópole Iguatemi,"21, 22",21,"Cabeamento rompido/danificado, Câmera inoperante, Sem gravação de imagens",Normalização da gravação de imagens,False,24,2026-09-28T20:59,False,Sim,Não resolvido,nenhuma câmera com problema antes voltou ao normal depois da visita,,156
31503,2026-09-16,593,2026-09-16T02:50,2026-09-16T02:50,Gesnei souza,Viação Metrópole Iguatemi,22,22,"Câmera desligada manualmente, Sem gravação de imagens","Normalização da gravação de imagens, Reinicialização da câmera",False,24,2026-09-28T20:59,False,Sim,Resolvido com recorrência,"normalizaram, mas voltaram a apresentar problema depois",22,157
31560,2026-09-16,597,2026-09-16T02:35,2026-09-16T02:35,Gesnei souza,Viação Metrópole Iguatemi,23,23,Sem gravação de imagens,"Inserção ou substituição do cartão de memória, Normalização da gravação de imagens",False,24,2026-09-28T20:59,False,Sim,Resolvido,todas as câmeras com problema antes normalizaram e não voltaram a falhar,,158
31590,2026-09-11,6,2026-09-11T10:24,2026-09-11T10:24,Luiz Rodrigo,Viação Metrópole Iguatemi,"21, 22, 23, 24, 25, 26","21, 22, 23, 24, 25, 26","Configuração incorreta da câmera, Câmera inoperante, Câmera mal reposicionada, Sem gravação de imagens","Correção e ajuste da configuração da câmera, Normalização da gravação de imagens, Reposicionamento adequado da câmera",False,24,2026-09-28T20:59,False,Sim,Parcialmente resolvido,parte das câmeras com problema normalizou e parte não,,159
31593,2026-09-18,509,2026-09-18T11:23,2026-09-18T11:23,Luiz Rodrigo,Viação Metrópole Iguatemi,"21, 22, 23, 24, 25, 26","21, 22, 23, 24, 25, 26","Configuração incorreta da câmera, Câmera mal reposicionada, Sem gravação de imagens","Correção e ajuste da configuração da câmera, Normalização da gravação de imagens, Reposicionamento adequado da câmera",False,24,2026-09-28T20:59,False,Não,Sem problema antes,CFTV normal nas 24 h anteriores à visita; continuou normal depois,,160
31594,2026-09-03,153,2026-09-03T00:28,2026-09-03T00:28,Gesnei souza,Viação Metrópole Iguatemi,"21, 22, 23, 24, 25, 26",,Sem gravação de imagens,Normalização da gravação de imagens,False,24,2026-09-28T20:59,False,Sim,Resolvido com recorrência,"normalizaram, mas voltaram a apresentar problema depois",,161
31611,2026-09-03,127,2026-09-03T03:41,2026-09-03T03:41,Gesnei souza,Viação Metrópole Iguatemi,21,,Sem gravação de imagens,Normalização da gravação de imagens,False,24,2026-09-28T20:59,False,Sim,Parcialmente resolvido,parte das câmeras com problema normalizou e parte não,,162
31615,2026-09-16,621,2026-09-16T00:23,2026-09-16T00:23,Gesnei souza,Viação Metrópole Iguatemi,23,23,Sem gravação de imagens,"Normalização da gravação de imagens, Reinicialização da câmera",False,24,2026-09-28T20:59,False,Sim,Resolvido com recorrência,"normalizaram, mas voltaram a apresentar problema depois",,163
31622,2026-09-03,150,2026-09-03T01:06,2026-09-03T01:06,Gesnei souza,Viação Metrópole Iguatemi,22,,Sem gravação de imagens,Normalização da gravação de imagens,False,24,2026-09-16T12:26,True,Sim,Resolvido com recorrência,"normalizaram, mas voltaram a apresentar problema depois",,164
31622,2026-09-16,566,2026-09-16T12:26,2026-09-16T12:26,Luiz Rodrigo,Viação Metrópole Iguatemi,22,"21, 23","Câmera mal reposicionada, Sem gravação de imagens","Correção e ajuste da configuração da câmera, Normalização da gravação de imagens, Reposicionamento adequado da câmera",False,24,2026-09-28T20:59,False,Sim,Resolvido com recorrência,"normalizaram, mas voltaram a apresentar problema depois",,165
31624,2026-09-16,607,2026-09-16T01:59,2026-09-16T01:59,Gesnei souza,Viação Metrópole Iguatemi,21,21,Câmera desligada manualmente,"Ativação da câmera, Normalização da gravação de imagens, Reinicialização da câmera",False,24,2026-09-28T20:59,False,Sim,Resolvido com recorrência,"normalizaram, mas voltaram a apresentar problema depois",,166
31629,2026-09-15,656,2026-09-15T00:00,2026-09-15T00:00,Joel,Viação Metrópole Imperador,21,,"Câmera inoperante, Câmera travada",Reinicialização da câmera,False,24,2026-09-28T20:59,False,Sim,Resolvido com recorrência,"normalizaram, mas voltaram a apresentar problema depois","22, 23",167
31635,2026-09-03,142,2026-09-03T01:44,2026-09-03T01:44,Gesnei souza,Viação Metrópole Iguatemi,21,,Sem gravação de imagens,Normalização da gravação de imagens,False,24,2026-09-24T09:19,True,Sim,Não resolvido,nenhuma câmera com problema antes voltou ao normal depois da visita,21,168
31635,2026-09-24,380,2026-09-24T09:19,2026-09-24T09:19,Luiz Rodrigo,Viação Metrópole Iguatemi,"21, 22","21, 22, 23","Câmera mal reposicionada, Sem gravação de imagens","Normalização da gravação de imagens, Reposicionamento adequado da câmera",False,24,2026-09-28T20:59,False,Sim,Parcialmente resolvido,parte das câmeras com problema normalizou e parte não,,169
31651,2026-09-24,407,2026-09-24T00:24,2026-09-24T00:24,Joel,Viação Metrópole Imperador,21,21,"Configuração incorreta da câmera, Câmera sem cartão de memória, Sem gravação de imagens","Correção e ajuste da configuração da câmera, Inserção ou substituição do cartão de memória, Normalização da gravação de imagens",False,24,2026-09-28T20:59,False,Sim,Resolvido com recorrência,"normalizaram, mas voltaram a apresentar problema depois",23,170
31652,2026-09-24,394,2026-09-24T01:51,2026-09-24T01:51,Joel,Viação Metrópole Imperador,"21, 22, 23","21, 22","Configuração incorreta da câmera, Sem gravação de imagens","Correção e ajuste da configuração da câmera, Inserção ou substituição do cartão de memória, Normalização da gravação de imagens",False,24,2026-09-28T20:59,False,Sim,Parcialmente resolvido,parte das câmeras com problema normalizou e parte não,,171
31654,2026-09-16,"573, 568",2026-09-16T04:07,2026-09-16T10:22,"Gesnei souza, Luiz Rodrigo",Viação Metrópole Iguatemi,"21, 22","21, 22, 23","Câmera mal reposicionada, Sem gravação de imagens","Correção e ajuste da configuração da câmera, Normalização da gravação de imagens, Reinicialização da câmera, Reposicionamento adequado da câmera",False,24,2026-09-28T20:59,False,Sim,Resolvido,todas as câmeras com problema antes normalizaram e não voltaram a falhar,23,172
31656,2026-09-03,146,2026-09-03T01:18,2026-09-03T01:18,Gesnei souza,Viação Metrópole Iguatemi,21,,Sem gravação de imagens,Normalização da gravação de imagens,False,24,2026-09-22T23:31,True,Sim,Resolvido com recorrência,"normalizaram, mas voltaram a apresentar problema depois",,173
31656,2026-09-22,436,2026-09-22T23:31,2026-09-22T23:31,Gesnei souza,Viação Metrópole Iguatemi,"21, 22, 23",21,Sem gravação de imagens,Normalização da gravação de imagens,False,24,2026-09-28T20:59,False,Sim,Resolvido com recorrência,"normalizaram, mas voltaram a apresentar problema depois","22, 23",174
31657,2026-09-15,632,2026-09-15T11:22,2026-09-15T11:22,Luiz Rodrigo,Viação Metrópole Iguatemi,"22, 23","21, 22, 23","Configuração incorreta da câmera, Sem gravação de imagens","Correção e ajuste da configuração da câmera, Normalização da gravação de imagens",False,24,2026-09-28T20:59,False,Não,Sem problema antes,CFTV normal nas 24 h anteriores à visita; continuou normal depois,,175
31661,2026-09-17,512,2026-09-17T09:11,2026-09-17T09:11,Luiz Rodrigo,Viação Metrópole Iguatemi,22,"21, 22, 23",Câmera mal reposicionada,Reposicionamento adequado da câmera,False,24,2026-09-28T20:59,False,Não,Sem problema antes,CFTV normal nas 24 h anteriores à visita; continuou normal depois,,176
31663,2026-09-04,110,2026-09-04T02:28,2026-09-04T02:28,Gesnei souza,Viação Metrópole Iguatemi,23,,Câmera travada,"Normalização da gravação de imagens, Reinicialização da câmera",False,24,2026-09-28T20:59,False,Sim,Resolvido com recorrência,"normalizaram, mas voltaram a apresentar problema depois",,177
31664,2026-09-04,117,2026-09-04T01:38,2026-09-04T01:38,Gesnei souza,Viação Metrópole Iguatemi,21,21,Cabeamento rompido/danificado,,False,24,2026-09-18T12:18,True,Sim,Não resolvido,nenhuma câmera com problema antes voltou ao normal depois da visita,,178
31664,2026-09-18,507,2026-09-18T12:18,2026-09-18T12:18,Luiz Rodrigo,Viação Metrópole Iguatemi,"21, 22","21, 22, 23","Configuração incorreta da câmera, Câmera inoperante, Falha na conexão dos cabos, Sem gravação de imagens","Correção e ajuste da configuração da câmera, Normalização da gravação de imagens",False,24,2026-09-28T20:59,False,Sim,Não resolvido,nenhuma câmera com problema antes voltou ao normal depois da visita,,179
31665,2026-09-28,340,2026-09-28T08:31,2026-09-28T08:31,Luiz Rodrigo,Viação Metrópole Iguatemi,,,,,False,24,2026-09-28T20:59,False,Não,Sem problema antes,CFTV normal nas 24 h anteriores à visita; continuou normal depois,,180
31667,2026-09-21,460,2026-09-21T13:05,2026-09-21T13:05,Luiz Rodrigo,Viação Metrópole Iguatemi,22,"21, 22, 23",Câmera mal reposicionada,Reposicionamento adequado da câmera,False,24,2026-09-28T20:59,False,Não,Sem problema antes,CFTV normal nas 24 h anteriores à visita; continuou normal depois,,181
31668,2026-09-14,664,2026-09-14T11:35,2026-09-14T11:35,Luiz Rodrigo,Viação Metrópole Iguatemi,"21, 22","21, 22, 23","Câmera mal reposicionada, Sem gravação de imagens","Correção e ajuste da configuração da câmera, Normalização da gravação de imagens, Reposicionamento adequado da câmera",False,24,2026-09-28T20:59,False,Não,Sem problema antes,CFTV normal nas 24 h anteriores à visita; continuou normal depois,,182
31670,2026-09-14,667,2026-09-14T09:15,2026-09-14T09:15,Luiz Rodrigo,Viação Metrópole Iguatemi,"21, 22, 23","21, 22, 23",Câmera mal reposicionada,Reposicionamento adequado da câmera,False,24,2026-09-17T11:13,True,Não,Sem problema antes,CFTV normal nas 24 h anteriores à visita; continuou normal depois,,183
31670,2026-09-17,510,2026-09-17T11:13,2026-09-17T11:13,Luiz Rodrigo,Viação Metrópole Iguatemi,,"21, 22, 23",,,False,24,2026-09-28T20:59,False,Não,Sem problema antes,CFTV normal nas 24 h anteriores à visita; continuou normal depois,,184
31673,2026-09-21,462,2026-09-21T11:43,2026-09-21T11:43,Luiz Rodrigo,Viação Metrópole Iguatemi,"21, 22, 23","21, 22, 23","Configuração incorreta da câmera, Câmera mal reposicionada, Sem gravação de imagens","Correção e ajuste da configuração da câmera, Normalização da gravação de imagens, Reposicionamento adequado da câmera",False,24,2026-09-28T20:59,False,Não,Sem problema antes,CFTV normal nas 24 h anteriores à visita; continuou normal depois,,185
31674,2026-09-03,131,2026-09-03T03:22,2026-09-03T03:22,Gesnei souza,Viação Metrópole Iguatemi,23,,Sem gravação de imagens,Normalização da gravação de imagens,False,24,2026-09-28T20:59,False,Sim,Resolvido com recorrência,"normalizaram, mas voltaram a apresentar problema depois","21, 22",186
31700,2026-09-15,649,2026-09-15T00:43,2026-09-15T00:43,Joel,Viação Metrópole Imperador,"21, 22, 23",,"Configuração incorreta da câmera, Câmera travada, Falha na conexão dos cabos, Sem gravação de imagens","Correção e ajuste da configuração da câmera, Correção na conexão dos cabos, Normalização da gravação de imagens",False,24,2026-09-28T20:59,False,Sim,Não resolvido,nenhuma câmera com problema antes voltou ao normal depois da visita,,187
31733,2026-09-24,388,2026-09-24T02:17,2026-09-24T02:17,Joel,Viação Metrópole Imperador,"21, 22, 23",,"Configuração incorreta da câmera, RJ45 crimpado incorretamente, Sem gravação de imagens","Correção e ajuste da configuração da câmera, Crimpagem correta do conector RJ45, Normalização da gravação de imagens",False,24,2026-09-28T20:59,False,Sim,Resolvido com recorrência,"normalizaram, mas voltaram a apresentar problema depois",,188
31738,2026-09-23,422,2026-09-23T02:38,2026-09-23T02:38,Joel,Viação Metrópole Imperador,"21, 22, 23",22,"Configuração incorreta da câmera, Câmera sem cartão de memória, Sem gravação de imagens","Correção e ajuste da configuração da câmera, Normalização da gravação de imagens",False,24,2026-09-28T20:59,False,Sim,Não resolvido,nenhuma câmera com problema antes voltou ao normal depois da visita,"21, 23",189
31750,2026-09-23,420,2026-09-23T03:10,2026-09-23T03:10,Joel,Viação Metrópole Imperador,"21, 22, 23","22, 23","Configuração incorreta da câmera, Sem gravação de imagens","Correção e ajuste da configuração da câmera, Normalização da gravação de imagens",False,24,2026-09-28T20:59,False,Sim,Não resolvido,nenhuma câmera com problema antes voltou ao normal depois da visita,21,190
31751,2026-09-24,400,2026-09-24T01:07,2026-09-24T01:07,Joel,Viação Metrópole Imperador,"21, 22, 23","21, 22","Configuração incorreta da câmera, Câmera com sinal de vandalismo, Sem gravação de imagens","Correção e ajuste da configuração da câmera, Inserção ou substituição do cartão de memória, Normalização da gravação de imagens",False,24,2026-09-28T20:59,False,Sim,Resolvido,todas as câmeras com problema antes normalizaram e não voltaram a falhar,,191
31753,2026-09-15,629,2026-09-15T15:41,2026-09-15T15:41,Luiz Rodrigo,Viação Metrópole Iguatemi,"21, 22, 23","21, 22, 23","Câmera mal reposicionada, Sem gravação de imagens","Correção e ajuste da configuração da câmera, Normalização da gravação de imagens, Reposicionamento adequado da câmera",False,24,2026-09-23T00:06,True,Sim,Não resolvido,nenhuma câmera com problema antes voltou ao normal depois da visita,,192
31753,2026-09-23,434,2026-09-23T00:06,2026-09-23T00:06,Gesnei souza,Viação Metrópole Iguatemi,21,21,Sem gravação de imagens,"Inserção ou substituição do cartão de memória, Normalização da gravação de imagens, Reinicialização da câmera",False,24,2026-09-28T20:59,False,Sim,Resolvido com recorrência,"normalizaram, mas voltaram a apresentar problema depois",,193
31755,2026-09-16,584,2026-09-16T03:11,2026-09-16T03:11,Gesnei souza,Viação Metrópole Iguatemi,23,23,Sem gravação de imagens,"Normalização da gravação de imagens, Reinicialização da câmera",False,24,2026-09-28T20:59,False,Sim,Resolvido com recorrência,"normalizaram, mas voltaram a apresentar problema depois",,194
31758,2026-09-24,378,2026-09-24T11:41,2026-09-24T11:41,Luiz Rodrigo,Viação Metrópole Iguatemi,"21, 22, 23","21, 22, 23","Configuração incorreta da câmera, Câmera mal reposicionada, Sem gravação de imagens","Correção e ajuste da configuração da câmera, Normalização da gravação de imagens, Reposicionamento adequado da câmera",False,24,2026-09-28T20:59,False,Não,Sem problema antes,CFTV normal nas 24 h anteriores à visita; continuou normal depois,,195
31760,2026-09-03,"137, 132",2026-09-03T02:37,2026-09-03T03:05,Gesnei souza,Viação Metrópole Iguatemi,"22, 23",,Sem gravação de imagens,Normalização da gravação de imagens,False,24,2026-09-23T00:43,True,Sim,Não resolvido,nenhuma câmera com problema antes voltou ao normal depois da visita,,196
31760,2026-09-23,431,2026-09-23T00:43,2026-09-23T00:43,Gesnei souza,Viação Metrópole Iguatemi,22,,Câmera travada,"Normalização da gravação de imagens, Reinicialização da câmera",False,24,2026-09-28T20:59,False,Sim,Não resolvido,nenhuma câmera com problema antes voltou ao normal depois da visita,,197
31761,2026-09-24,379,2026-09-24T10:18,2026-09-24T10:18,Luiz Rodrigo,Viação Metrópole Iguatemi,"21, 22","21, 22, 23","Conexões do switch incorretas, Câmera inoperante, Câmera mal reposicionada, Sem gravação de imagens","Ativação da câmera, Correção da falha no switch, Correção das conexões do switch, Correção e ajuste da configuração da câmera, Normalização da gravação de imagens, Reinicialização da câmera, Reposicionamento adequado da câmera",False,24,2026-09-28T20:59,False,Sim,Resolvido,todas as câmeras com problema antes normalizaram e não voltaram a falhar,,198
31762,2026-09-23,426,2026-09-23T01:46,2026-09-23T01:46,Joel,Viação Metrópole Imperador,"21, 22, 23",,"Configuração incorreta da câmera, Sem gravação de imagens","Correção e ajuste da configuração da câmera, Normalização da gravação de imagens",False,24,2026-09-28T20:59,False,Sim,Resolvido com recorrência,"normalizaram, mas voltaram a apresentar problema depois",,199
31763,2026-09-23,418,2026-09-23T03:30,2026-09-23T03:30,Joel,Viação Metrópole Imperador,"21, 22, 23",,"Configuração incorreta da câmera, Sem gravação de imagens","Correção e ajuste da configuração da câmera, Normalização da gravação de imagens",False,24,2026-09-28T20:59,False,Sim,Resolvido,todas as câmeras com problema antes normalizaram e não voltaram a falhar,21,200
31771,2026-09-18,505,2026-09-18T14:07,2026-09-18T14:07,Luiz Rodrigo,Viação Metrópole Iguatemi,21,"21, 22, 23",Câmera mal reposicionada,Reposicionamento adequado da câmera,False,24,2026-09-28T20:59,False,Não,Sem problema antes,CFTV normal nas 24 h anteriores à visita; continuou normal depois,,201
31772,2026-09-03,140,2026-09-03T02:04,2026-09-03T02:04,Gesnei souza,Viação Metrópole Iguatemi,22,,Sem gravação de imagens,Normalização da gravação de imagens,False,24,2026-09-28T20:59,False,Sim,Não resolvido,nenhuma câmera com problema antes voltou ao normal depois da visita,,202
31774,2026-09-10,37,2026-09-10T09:02,2026-09-10T09:02,Luiz Rodrigo,Viação Metrópole Iguatemi,"21, 22, 23","22, 23","Configuração incorreta da câmera, Câmera mal reposicionada, Sem gravação de imagens","Correção e ajuste da configuração da câmera, Normalização da gravação de imagens, Reposicionamento adequado da câmera",False,24,2026-09-28T20:59,False,Não,Sem problema antes,CFTV normal nas 24 h anteriores à visita; surgiu problema depois,23,203
31775,2026-09-12,675,2026-09-12T03:27,2026-09-12T03:27,Gesnei souza,Viação Metrópole Iguatemi,23,23,Sem gravação de imagens,"Normalização da gravação de imagens, Reinicialização da câmera",False,24,2026-09-28T20:59,False,Não,Sem problema antes,CFTV normal nas 24 h anteriores à visita; surgiu problema depois,22,204
31786,2026-09-24,413,2026-09-24T00:01,2026-09-24T00:01,Joel,Viação Metrópole Imperador,"21, 22, 23",,"Configuração incorreta da câmera, Sem gravação de imagens","Correção e ajuste da configuração da câmera, Normalização da gravação de imagens",False,24,2026-09-28T20:59,False,Sim,Resolvido com recorrência,"normalizaram, mas voltaram a apresentar problema depois","21, 23",205
31787,2026-09-22,448,2026-09-22T00:38,2026-09-22T00:38,Joel,Viação Metrópole Imperador,"21, 22, 23",,"Configuração incorreta da câmera, Sem gravação de imagens","Correção e ajuste da configuração da câmera, Normalização da gravação de imagens, Reinicialização da câmera",False,24,2026-09-28T20:59,False,Sim,Resolvido com recorrência,"normalizaram, mas voltaram a apresentar problema depois",22,206
31795,2026-09-23,433,2026-09-23T00:14,2026-09-23T00:14,Joel,Viação Metrópole Imperador,"21, 22, 23",23,"Configuração incorreta da câmera, Sem gravação de imagens","Correção e ajuste da configuração da câmera, Normalização da gravação de imagens",True,24,2026-09-28T20:59,False,Sim,Parcialmente resolvido,parte das câmeras com problema normalizou e parte não,21,207
31805,2026-09-10,32,2026-09-10T13:05,2026-09-10T13:05,Luiz Rodrigo,Viação Metrópole Iguatemi,"22, 23, 25","22, 23, 25",Câmera mal reposicionada,Reposicionamento adequado da câmera,False,24,2026-09-28T20:59,False,Não,Sem problema antes,CFTV normal nas 24 h anteriores à visita; surgiu problema depois,25,208
31815,2026-09-05,82,2026-09-05T01:32,2026-09-05T01:32,Gesnei souza,Viação Metrópole Iguatemi,25,,Câmera desligada manualmente,"Ativação da câmera, Normalização da gravação de imagens",False,24,2026-09-28T20:59,False,Sim,Resolvido com recorrência,"normalizaram, mas voltaram a apresentar problema depois",26,209
31816,2026-09-17,511,2026-09-17T09:36,2026-09-17T09:36,Luiz Rodrigo,Viação Metrópole Iguatemi,,,,,False,24,2026-09-28T20:59,False,Não,Sem problema antes,CFTV normal nas 24 h anteriores à visita; continuou normal depois,,210
31818,2026-09-15,630,2026-09-15T13:28,2026-09-15T13:28,Luiz Rodrigo,Viação Metrópole Iguatemi,"21, 22, 23, 24, 25","21, 22, 23, 24, 25, 26","Configuração incorreta da câmera, Câmera mal reposicionada, Sem gravação de imagens","Correção e ajuste da configuração da câmera, Inserção ou substituição do cartão de memória, Normalização da gravação de imagens, Reposicionamento adequado da câmera",False,24,2026-09-16T03:23,True,Sim,Resolvido,todas as câmeras com problema antes normalizaram e não voltaram a falhar,26,211
31818,2026-09-16,578,2026-09-16T03:23,2026-09-16T03:23,Gesnei souza,Viação Metrópole Iguatemi,22,22,Sem gravação de imagens,Normalização da gravação de imagens,False,24,2026-09-28T20:59,False,Sim,Resolvido com recorrência,"normalizaram, mas voltaram a apresentar problema depois",,212
31820,2026-09-05,80,2026-09-05T01:39,2026-09-05T01:39,Gesnei souza,Viação Metrópole Iguatemi,21,,"Câmera desligada manualmente, Sem gravação de imagens","Normalização da gravação de imagens, Reinicialização da câmera",False,24,2026-09-28T20:59,False,Sim,Não resolvido,nenhuma câmera com problema antes voltou ao normal depois da visita,"21, 23, 24, 25, 26",213
31822,2026-09-14,665,2026-09-14T11:15,2026-09-14T11:15,Luiz Rodrigo,Viação Metrópole Iguatemi,,,,,False,24,2026-09-28T20:59,False,Não,Sem problema antes,CFTV normal nas 24 h anteriores à visita; continuou normal depois,,214
31823,2026-09-18,508,2026-09-18T11:45,2026-09-18T11:45,Luiz Rodrigo,Viação Metrópole Iguatemi,22,"21, 22, 23, 24, 25, 26",Câmera mal reposicionada,Reposicionamento adequado da câmera,False,24,2026-09-28T20:59,False,Não,Sem problema antes,CFTV normal nas 24 h anteriores à visita; continuou normal depois,,215
31841,2026-09-15,634,2026-09-15T06:08,2026-09-15T06:08,Rafael Diniz,Viação Metrópole Itaim,"21, 22, 23, 24, 25, 26","22, 24, 26","Cabeamento rompido/danificado, Configuração incorreta da câmera, Câmera desligada manualmente, Câmera inoperante, Sem gravação de imagens, Switch não fixado corretamente","Ativação da câmera, Correção e ajuste da configuração da câmera, Crimpagem correta do conector RJ45, Fixação adequada do switch, Inserção ou substituição do cartão de memória, Normalização da gravação de imagens, Substituição do cabeamento",False,24,2026-09-28T20:59,False,Sim,Resolvido,todas as câmeras com problema antes normalizaram e não voltaram a falhar,,216
31844,2026-09-16,592,2026-09-16T02:49,2026-09-16T02:49,Rafael Diniz,Viação Metrópole Itaim,"21, 22, 23, 24, 25, 26","23, 24, 25, 26","Configuração incorreta da câmera, Fusível queimado, Sem gravação de imagens","Correção e ajuste da configuração da câmera, Normalização da gravação de imagens, Substituição do fusível",False,24,2026-09-28T20:59,False,Sim,Resolvido com recorrência,"normalizaram, mas voltaram a apresentar problema depois",23,217
31851,2026-09-11,"19, 11",2026-09-11T00:39,2026-09-11T02:06,Gesnei souza,Viação Metrópole Iguatemi,"21, 23",,"RJ45 crimpado incorretamente, Sem gravação de imagens","Crimpagem correta do conector RJ45, Normalização da gravação de imagens",False,24,2026-09-28T20:59,False,Sim,Não resolvido,nenhuma câmera com problema antes voltou ao normal depois da visita,24,218
31852,2026-09-04,102,2026-09-04T04:35,2026-09-04T04:35,Gesnei souza,Viação Metrópole Iguatemi,21,,Sem gravação de imagens,"Normalização da gravação de imagens, Reinicialização da câmera",False,24,2026-09-28T20:59,False,Sim,Resolvido com recorrência,"normalizaram, mas voltaram a apresentar problema depois",,219
31855,2026-09-10,38,2026-09-10T08:53,2026-09-10T08:53,Luiz Rodrigo,Viação Metrópole Iguatemi,22,22,Câmera inoperante,,False,24,2026-09-28T20:59,False,Sim,Não resolvido,nenhuma câmera com problema antes voltou ao normal depois da visita,"21, 23",220
31856,2026-09-10,35,2026-09-10T11:32,2026-09-10T11:32,Luiz Rodrigo,Viação Metrópole Iguatemi,"21, 22, 23, 24, 25","21, 22, 24, 25",Câmera mal reposicionada,"Fixação adequada da câmera, Reposicionamento adequado da câmera",False,24,2026-09-28T20:59,False,Não,Sem problema antes,CFTV normal nas 24 h anteriores à visita; continuou normal depois,,221
31859,2026-09-21,461,2026-09-21T12:42,2026-09-21T12:42,Luiz Rodrigo,Viação Metrópole Iguatemi,"21, 24, 25, 26","21, 22, 23, 24, 25, 26",Sem gravação de imagens,"Correção e ajuste da configuração da câmera, Normalização da gravação de imagens",False,24,2026-09-28T20:59,False,Não,Sem problema antes,CFTV normal nas 24 h anteriores à visita; surgiu problema depois,26,222
31862,2026-09-04,118,2026-09-04T01:22,2026-09-04T01:22,Gesnei souza,Viação Metrópole Iguatemi,26,,"Câmera inoperante, RJ45 crimpado incorretamente","Crimpagem correta do conector RJ45, Normalização da gravação de imagens, Reinicialização da câmera",False,24,2026-09-14T10:51,True,Sim,Resolvido com recorrência,"normalizaram, mas voltaram a apresentar problema depois",,223
31862,2026-09-14,666,2026-09-14T10:51,2026-09-14T10:51,Luiz Rodrigo,Viação Metrópole Iguatemi,"21, 23, 24, 25, 26","21, 22, 23, 24, 25, 26","Câmera inoperante, Câmera mal reposicionada, Sem gravação de imagens","Correção e ajuste da configuração da câmera, Normalização da gravação de imagens, Reposicionamento adequado da câmera",False,24,2026-09-28T20:59,False,Sim,Não resolvido,nenhuma câmera com problema antes voltou ao normal depois da visita,22,224
31864,2026-09-04,121,2026-09-04T00:11,2026-09-04T00:11,Gesnei souza,Viação Metrópole Iguatemi,21,,Sem gravação de imagens,Normalização da gravação de imagens,False,24,2026-09-28T20:59,False,Sim,Parcialmente resolvido,parte das câmeras com problema normalizou e parte não,,225
31927,2026-09-22,440,2026-09-22T04:26,2026-09-22T04:26,Joel,Viação Metrópole Imperador,"21, 22, 23, 24, 25, 26",,"Configuração incorreta da câmera, RJ45 crimpado incorretamente, Sem gravação de imagens","Correção e ajuste da configuração da câmera, Crimpagem correta do conector RJ45, Normalização da gravação de imagens",False,24,2026-09-28T20:59,False,Sim,Parcialmente resolvido,parte das câmeras com problema normalizou e parte não,"22, 24",226
31947,2026-09-05,83,2026-09-05T01:11,2026-09-05T01:11,Gesnei souza,Viação Metrópole Iguatemi,21,,Configuração incorreta da câmera,"Correção e ajuste da configuração da câmera, Normalização da gravação de imagens, Reinicialização da câmera",False,24,2026-09-10T12:57,True,Sim,Resolvido,todas as câmeras com problema antes normalizaram e não voltaram a falhar,,227
31947,2026-09-10,33,2026-09-10T12:57,2026-09-10T12:57,Luiz Rodrigo,Viação Metrópole Iguatemi,"21, 22, 23","22, 23","Câmera mal reposicionada, Sem gravação de imagens","Correção e ajuste da configuração da câmera, Normalização da gravação de imagens, Reposicionamento adequado da câmera",False,24,2026-09-28T20:59,False,Não,Sem problema antes,CFTV normal nas 24 h anteriores à visita; continuou normal depois,,228
31948,2026-09-04,91,2026-09-04T23:50,2026-09-04T23:50,Gesnei souza,Viação Metrópole Iguatemi,21,,Sem gravação de imagens,Normalização da gravação de imagens,False,24,2026-09-16T08:53,True,Não,Sem problema antes,CFTV normal nas 24 h anteriores à visita; surgiu problema depois,"21, 22, 23",229
31948,2026-09-16,569,2026-09-16T08:53,2026-09-16T08:53,Luiz Rodrigo,Viação Metrópole Iguatemi,21,"21, 22, 23",Câmera mal reposicionada,Reposicionamento adequado da câmera,False,24,2026-09-28T20:59,False,Não,Sem problema antes,CFTV normal nas 24 h anteriores à visita; surgiu problema depois,"21, 22, 23",230
31949,2026-09-16,563,2026-09-16T14:08,2026-09-16T14:08,Luiz Rodrigo,Viação Metrópole Iguatemi,,,,,False,24,2026-09-28T20:59,False,Não,Sem problema antes,CFTV normal nas 24 h anteriores à visita; continuou normal depois,,231
31950,2026-09-17,513,2026-09-17T08:32,2026-09-17T08:32,Luiz Rodrigo,Viação Metrópole Iguatemi,"21, 22, 23","21, 22, 23","Câmera mal reposicionada, Sem gravação de imagens","Correção e ajuste da configuração da câmera, Normalização da gravação de imagens, Reposicionamento adequado da câmera",False,24,2026-09-28T20:59,False,Não,Sem problema antes,CFTV normal nas 24 h anteriores à visita; continuou normal depois,,232
31951,2026-09-16,564,2026-09-16T13:51,2026-09-16T13:51,Luiz Rodrigo,Viação Metrópole Iguatemi,"21, 22, 23","21, 22, 23","Configuração incorreta da câmera, Câmera inoperante, Sem gravação de imagens","Ativação da câmera, Correção e ajuste da configuração da câmera, Correção na conexão dos cabos, Normalização da gravação de imagens, Reposicionamento adequado da câmera",False,24,2026-09-28T20:59,False,Sim,Resolvido,todas as câmeras com problema antes normalizaram e não voltaram a falhar,,233
31952,2026-09-11,5,2026-09-11T11:17,2026-09-11T11:17,Luiz Rodrigo,Viação Metrópole Iguatemi,"21, 22, 23","22, 23","Câmera mal reposicionada, Sem gravação de imagens","Correção e ajuste da configuração da câmera, Normalização da gravação de imagens, Reposicionamento adequado da câmera",False,24,2026-09-28T20:59,False,Não,Sem problema antes,CFTV normal nas 24 h anteriores à visita; continuou normal depois,,234
31953,2026-09-15,631,2026-09-15T12:02,2026-09-15T12:02,Luiz Rodrigo,Viação Metrópole Iguatemi,"21, 22, 23","21, 22, 23","Câmera mal reposicionada, Sem gravação de imagens","Correção e ajuste da configuração da câmera, Normalização da gravação de imagens, Reposicionamento adequado da câmera",False,24,2026-09-28T20:59,False,Não,Sem problema antes,CFTV normal nas 24 h anteriores à visita; surgiu problema depois,"21, 22, 23",235
31954,2026-09-04,100,2026-09-04T04:56,2026-09-04T04:56,Gesnei souza,Viação Metrópole Iguatemi,21,,Sem gravação de imagens,"Normalização da gravação de imagens, Reinicialização da câmera",False,24,2026-09-28T20:59,False,Sim,Resolvido com recorrência,"normalizaram, mas voltaram a apresentar problema depois","22, 23",236
31955,2026-09-14,668,2026-09-14T08:35,2026-09-14T08:35,Luiz Rodrigo,Viação Metrópole Iguatemi,21,"22, 23",Câmera mal reposicionada,Reposicionamento adequado da câmera,False,24,2026-09-28T20:59,False,Sim,Resolvido com recorrência,"normalizaram, mas voltaram a apresentar problema depois",,237
31956,2026-09-11,2,2026-09-11T14:09,2026-09-11T14:09,Luiz Rodrigo,Viação Metrópole Iguatemi,"21, 22, 23","21, 22, 23","Configuração incorreta da câmera, Câmera mal reposicionada, Sem gravação de imagens","Correção e ajuste da configuração da câmera, Normalização da gravação de imagens, Reposicionamento adequado da câmera",False,24,2026-09-28T20:59,False,Não,Sem problema antes,CFTV normal nas 24 h anteriores à visita; surgiu problema depois,"21, 22, 23",238
31957,2026-09-11,10,2026-09-11T02:39,2026-09-11T02:39,Gesnei souza,Viação Metrópole Iguatemi,22,,"RJ45 crimpado incorretamente, Sem gravação de imagens","Crimpagem correta do conector RJ45, Normalização da gravação de imagens",False,24,2026-09-28T20:59,False,Sim,Resolvido com recorrência,"normalizaram, mas voltaram a apresentar problema depois","21, 23",239
31958,2026-09-10,29,2026-09-10T15:59,2026-09-10T15:59,Luiz Rodrigo,Viação Metrópole Iguatemi,"21, 22, 23","21, 22, 23","Configuração incorreta da câmera, Câmera mal reposicionada, Sem gravação de imagens","Correção e ajuste da configuração da câmera, Normalização da gravação de imagens, Reposicionamento adequado da câmera",False,24,2026-09-28T20:59,False,Não,Sem problema antes,CFTV normal nas 24 h anteriores à visita; surgiu problema depois,21,240
31959,2026-09-10,31,2026-09-10T14:35,2026-09-10T14:35,Luiz Rodrigo,Viação Metrópole Iguatemi,"21, 22, 23","21, 22, 23","Câmera mal reposicionada, Sem gravação de imagens","Correção e ajuste da configuração da câmera, Normalização da gravação de imagens, Reposicionamento adequado da câmera",False,24,2026-09-28T20:59,False,Não,Sem problema antes,CFTV normal nas 24 h anteriores à visita; continuou normal depois,,241
31960,2026-09-11,4,2026-09-11T11:43,2026-09-11T11:43,Luiz Rodrigo,Viação Metrópole Iguatemi,"21, 22","21, 22, 23",Sem gravação de imagens,"Correção e ajuste da configuração da câmera, Normalização da gravação de imagens",False,24,2026-09-28T20:59,False,Sim,Resolvido,todas as câmeras com problema antes normalizaram e não voltaram a falhar,"22, 23",242
31962,2026-09-10,30,2026-09-10T15:21,2026-09-10T15:21,Luiz Rodrigo,Viação Metrópole Iguatemi,21,21,"Configuração incorreta da câmera, Câmera mal reposicionada, Sem gravação de imagens","Correção e ajuste da configuração da câmera, Normalização da gravação de imagens, Reposicionamento adequado da câmera",False,24,2026-09-15T08:25,True,Não,Sem problema antes,CFTV normal nas 24 h anteriores à visita; surgiu problema depois,22,243
31962,2026-09-15,633,2026-09-15T08:25,2026-09-15T08:25,Luiz Rodrigo,Viação Metrópole Iguatemi,"22, 23","21, 22, 23","Câmera mal reposicionada, Sem gravação de imagens","Correção e ajuste da configuração da câmera, Normalização da gravação de imagens, Reposicionamento adequado da câmera",False,24,2026-09-28T20:59,False,Não,Sem problema antes,CFTV normal nas 24 h anteriores à visita; surgiu problema depois,"21, 22, 23",244
31964,2026-09-16,614,2026-09-16T01:00,2026-09-16T01:00,Rafael Diniz,Viação Metrópole Itaim,25,25,Sem gravação de imagens,Normalização da gravação de imagens,False,24,2026-09-28T20:59,False,Sim,Resolvido com recorrência,"normalizaram, mas voltaram a apresentar problema depois","21, 24",245
31972,2026-09-17,549,2026-09-17T00:39,2026-09-17T00:39,Rafael Diniz,Viação Metrópole Itaim,"21, 22, 23, 24, 25","21, 22, 23, 24, 25","Câmera sem cartão de memória, Sem gravação de imagens","Inserção ou substituição do cartão de memória, Normalização da gravação de imagens",False,24,2026-09-28T20:59,False,Sim,Resolvido com recorrência,"normalizaram, mas voltaram a apresentar problema depois",26,246
31973,2026-09-16,612,2026-09-16T01:25,2026-09-16T01:25,Rafael Diniz,Viação Metrópole Itaim,"23, 24","23, 24",Sem gravação de imagens,"Inserção ou substituição do cartão de memória, Normalização da gravação de imagens",False,24,2026-09-28T20:59,False,Sim,Resolvido com recorrência,"normalizaram, mas voltaram a apresentar problema depois",,247
31980,2026-09-16,624,2026-09-16T00:03,2026-09-16T00:03,Rafael Diniz,Viação Metrópole Itaim,"23, 25, 26","23, 25, 26","Conexões do switch incorretas, Câmera inoperante, Falha na conexão dos cabos, Sem gravação de imagens","Ativação da câmera, Correção na conexão dos cabos, Normalização da gravação de imagens",False,24,2026-09-28T20:59,False,Sim,Resolvido com recorrência,"normalizaram, mas voltaram a apresentar problema depois",,248
31983,2026-09-16,623,2026-09-16T00:10,2026-09-16T00:10,Rafael Diniz,Viação Metrópole Itaim,,"21, 24",,,False,24,2026-09-28T20:59,False,Não,Sem problema antes,CFTV normal nas 24 h anteriores à visita; surgiu problema depois,24,249
31984,2026-09-16,620,2026-09-16T00:38,2026-09-16T00:38,Rafael Diniz,Viação Metrópole Itaim,"24, 25","24, 25",Sem gravação de imagens,Normalização da gravação de imagens,False,24,2026-09-28T20:59,False,Sim,Resolvido com recorrência,"normalizaram, mas voltaram a apresentar problema depois",24,250
31986,2026-09-11,14,2026-09-11T01:09,2026-09-11T01:09,Rafael Diniz,Viação Metrópole Itaim,22,"21, 22",Câmera inoperante,,True,24,2026-09-14T23:53,True,Sim,Não resolvido,nenhuma câmera com problema antes voltou ao normal depois da visita,"21, 23, 24, 25, 26",251
31986,2026-09-14,658,2026-09-14T23:53,2026-09-14T23:53,Rafael Diniz,Viação Metrópole Itaim,22,22,Câmera inoperante,"Correção e ajuste da configuração da câmera, Substituição da câmera defeituosa",False,24,2026-09-28T20:59,False,Sim,Resolvido com recorrência,"normalizaram, mas voltaram a apresentar problema depois","21, 23, 24, 25, 26",252
32038,2026-09-14,662,2026-09-14T22:25,2026-09-14T22:25,Anderson Silva,Viação Metrópole AE Carvalho,"21, 22, 23",,"Configuração incorreta da câmera, Sem gravação de imagens","Correção e ajuste da configuração da câmera, Normalização da gravação de imagens",False,24,2026-09-28T20:59,False,Sim,Resolvido,todas as câmeras com problema antes normalizaram e não voltaram a falhar,23,253
32039,2026-09-12,677,2026-09-12T00:15,2026-09-12T00:15,Anderson Silva,Viação Metrópole AE Carvalho,"21, 22, 23",22,"Câmera mal reposicionada, Câmera travada, Sem gravação de imagens","Correção e ajuste da configuração da câmera, Câmera encaminhada para manutenção, Normalização da gravação de imagens, Reposicionamento adequado da câmera",False,24,2026-09-28T20:59,False,Sim,Resolvido com recorrência,"normalizaram, mas voltaram a apresentar problema depois",,254
32062,2026-09-14,"674, 673",2026-09-14T00:33,2026-09-14T01:01,Anderson Silva,Viação Metrópole AE Carvalho,"21, 22, 23",,"Configuração incorreta da câmera, Sem gravação de imagens","Correção e ajuste da configuração da câmera, Normalização da gravação de imagens",False,24,2026-09-28T20:59,False,Sim,Resolvido com recorrência,"normalizaram, mas voltaram a apresentar problema depois",,255
32091,2026-09-17,541,2026-09-17T01:19,2026-09-17T01:19,Rafael Diniz,Viação Metrópole Itaim,"21, 23","21, 23","Câmera mal reposicionada, Sem gravação de imagens","Normalização da gravação de imagens, Reposicionamento adequado da câmera",False,24,2026-09-28T20:59,False,Sim,Resolvido,todas as câmeras com problema antes normalizaram e não voltaram a falhar,,256
32100,2026-09-16,606,2026-09-16T02:03,2026-09-16T02:03,Rafael Diniz,Viação Metrópole Itaim,"21, 22, 23",21,"Configuração incorreta da câmera, Câmera mal reposicionada, Câmera não fixada corretamente, Sem gravação de imagens","Correção e ajuste da configuração da câmera, Fixação adequada da câmera, Inserção ou substituição do cartão de memória, Normalização da gravação de imagens, Reposicionamento adequado da câmera",False,24,2026-09-28T20:59,False,Sim,Resolvido,todas as câmeras com problema antes normalizaram e não voltaram a falhar,,257
32129,2026-09-17,554,2026-09-17T00:14,2026-09-17T00:14,Rafael Diniz,Viação Metrópole Itaim,21,21,Sem gravação de imagens,"Inserção ou substituição do cartão de memória, Normalização da gravação de imagens",False,24,2026-09-28T20:59,False,Sim,Resolvido com recorrência,"normalizaram, mas voltaram a apresentar problema depois",22,258
32198,2026-09-16,575,2026-09-16T03:48,2026-09-16T03:48,Rafael Diniz,Viação Metrópole Itaim,"21, 22, 23",23,"Configuração incorreta da câmera, Sem gravação de imagens","Correção e ajuste da configuração da câmera, Inserção ou substituição do cartão de memória, Normalização da gravação de imagens",False,24,2026-09-28T20:59,False,Sim,Resolvido,todas as câmeras com problema antes normalizaram e não voltaram a falhar,,259
32272,2026-09-12,676,2026-09-12T02:13,2026-09-12T02:13,Anderson Silva,Viação Metrópole AE Carvalho,"21, 22, 23","21, 22","Configuração incorreta da câmera, Sem gravação de imagens","Correção e ajuste da configuração da câmera, Normalização da gravação de imagens",False,24,2026-09-28T20:59,False,Sim,Não resolvido,nenhuma câmera com problema antes voltou ao normal depois da visita,23,260
32521,2026-09-15,648,2026-09-15T00:46,2026-09-15T00:46,Rafael Diniz,Viação Metrópole Itaim,"25, 26","25, 26","Câmera desligada manualmente, Sem gravação de imagens, Switch não fixado corretamente","Ativação da câmera, Correção e ajuste da configuração da câmera, Fixação adequada do switch, Normalização da gravação de imagens",False,24,2026-09-28T20:59,False,Sim,Resolvido,todas as câmeras com problema antes normalizaram e não voltaram a falhar,,261
32616,2026-09-14,670,2026-09-14T01:50,2026-09-14T01:50,Anderson Silva,Viação Metrópole AE Carvalho,22,,Sem gravação de imagens,Normalização da gravação de imagens,False,24,2026-09-28T20:59,False,Sim,Resolvido com recorrência,"normalizaram, mas voltaram a apresentar problema depois",,262
32641,2026-09-14,669,2026-09-14T03:11,2026-09-14T03:11,Anderson Silva,Viação Metrópole AE Carvalho,"22, 23",23,"Câmera mal reposicionada, Sem gravação de imagens",Correção e ajuste da configuração da câmera,False,24,2026-09-28T20:59,False,Sim,Não resolvido,nenhuma câmera com problema antes voltou ao normal depois da visita,,263
32901,2026-09-11,9,2026-09-11T02:51,2026-09-11T02:51,Rafael Diniz,Viação Metrópole Itaim,"21, 22, 23","21, 22, 23","Configuração incorreta da câmera, Câmera mal reposicionada, Sem gravação de imagens","Correção e ajuste da configuração da câmera, Normalização da gravação de imagens, Reposicionamento adequado da câmera",False,24,2026-09-28T20:59,False,Sim,Resolvido com recorrência,"normalizaram, mas voltaram a apresentar problema depois",22,264
32960,2026-09-11,678,2026-09-11T22:37,2026-09-11T22:37,Anderson Silva,Viação Metrópole AE Carvalho,"21, 22, 23",21,"Câmera com sinal de vandalismo, Câmera travada, Sem gravação de imagens","Correção e ajuste da configuração da câmera, Normalização da gravação de imagens",True,24,2026-09-28T20:59,False,Sim,Resolvido com recorrência,"normalizaram, mas voltaram a apresentar problema depois",22,265
51001,2026-08-22,318,2026-08-22T00:40,2026-08-22T00:40,FELIX SECURITY GABRIEL,Via Sudeste Sapopemba,,,,,False,24,2026-09-28T20:59,False,Sem dados,Sem dados para avaliar,visita anterior ao início do monitoramento deste prefixo (31/08/2026 21:10),,266
51003,2026-09-10,28,2026-09-10T23:27,2026-09-10T23:27,FELIX SECURITY GABRIEL,Via Sudeste Sapopemba,,,,,False,24,2026-09-17T01:21,True,Não,Sem problema antes,CFTV normal nas 24 h anteriores à visita; continuou normal depois,,267
51003,2026-09-17,540,2026-09-17T01:21,2026-09-17T01:21,Anderson Silva,Via Sudeste Sapopemba,,,,,False,24,2026-09-28T20:59,False,Não,Sem problema antes,CFTV normal nas 24 h anteriores à visita; continuou normal depois,,268
51004,2026-09-24,403,2026-09-24T00:46,2026-09-24T00:46,Gustavo Nunes,Via Sudeste Sapopemba,"21, 22","21, 22",Sem gravação de imagens,"Inserção ou substituição do cartão de memória, Normalização da gravação de imagens",False,24,2026-09-28T20:59,False,Sim,Resolvido,todas as câmeras com problema antes normalizaram e não voltaram a falhar,,269
51007,2026-09-01,162,2026-09-01T23:24,2026-09-01T23:24,FELIX SECURITY GABRIEL,Via Sudeste Sapopemba,,,,,False,24,2026-09-28T20:59,False,Não,Sem problema antes,CFTV normal nas 24 h anteriores à visita; surgiu problema depois,23,270
51011,2026-08-31,181,2026-08-31T03:22,2026-08-31T03:22,Anderson Silva,Via Sudeste Cursino,,,,,False,24,2026-09-28T20:59,False,Sem dados,Sem dados para avaliar,visita anterior ao início do monitoramento deste prefixo (31/08/2026 21:13),,271
51016,2026-08-26,255,2026-08-26T00:48,2026-08-26T00:48,Anderson Silva,Via Sudeste Cursino,,,,,False,24,2026-09-28T20:59,False,Sem dados,Sem dados para avaliar,visita anterior ao início do monitoramento deste prefixo (31/08/2026 21:34),,272
51019,2026-08-25,261,2026-08-25T23:28,2026-08-25T23:28,FELIX SECURITY GABRIEL,Via Sudeste Sapopemba,,,,,False,24,2026-09-28T20:59,False,Sem dados,Sem dados para avaliar,visita anterior ao início do monitoramento deste prefixo (31/08/2026 21:37),,273
51020,2026-08-26,254,2026-08-26T00:50,2026-08-26T00:50,Anderson Silva,Via Sudeste Cursino,,,,,False,24,2026-09-28T20:59,False,Sem dados,Sem dados para avaliar,visita anterior ao início do monitoramento deste prefixo (31/08/2026 21:06),,274
51022,2026-09-14,671,2026-09-14T01:37,2026-09-14T01:37,Gustavo Nunes,Via Sudeste Cursino,"21, 23","21, 23",Sem gravação de imagens,"Inserção ou substituição do cartão de memória, Normalização da gravação de imagens",False,24,2026-09-28T20:59,False,Sim,Parcialmente resolvido,parte das câmeras com problema normalizou e parte não,,275
51023,2026-08-27,215,2026-08-27T02:50,2026-08-27T02:50,Anderson Silva,Via Sudeste Cursino,,,,,False,24,2026-09-28T20:59,False,Sem dados,Sem dados para avaliar,visita anterior ao início do monitoramento deste prefixo (31/08/2026 21:11),,276
51027,2026-08-27,206,2026-08-27T23:32,2026-08-27T23:32,Anderson Silva,Via Sudeste Cursino,,,,,False,24,2026-09-28T20:59,False,Sem dados,Sem dados para avaliar,visita anterior ao início do monitoramento deste prefixo (31/08/2026 21:49),,277
51028,2026-08-22,299,2026-08-22T04:08,2026-08-22T04:08,Gustavo Nunes,Via Sudeste Cursino,21,21,Sem gravação de imagens,"Inserção ou substituição do cartão de memória, Normalização da gravação de imagens",False,24,2026-08-27T01:11,True,Sem dados,Sem dados para avaliar,visita anterior ao início do monitoramento deste prefixo (31/08/2026 21:06),,278
51028,2026-08-27,223,2026-08-27T01:11,2026-08-27T01:11,Anderson Silva,Via Sudeste Cursino,,,,,False,24,2026-09-28T20:59,False,Sem dados,Sem dados para avaliar,visita anterior ao início do monitoramento deste prefixo (31/08/2026 21:06),,279
51031,2026-08-26,253,2026-08-26T00:52,2026-08-26T00:52,Anderson Silva,Via Sudeste Cursino,,,,,False,24,2026-09-28T20:59,False,Sem dados,Sem dados para avaliar,visita anterior ao início do monitoramento deste prefixo (31/08/2026 21:56),,280
51034,2026-08-27,226,2026-08-27T01:02,2026-08-27T01:02,Anderson Silva,Via Sudeste Cursino,,,,,False,24,2026-09-28T20:59,False,Sem dados,Sem dados para avaliar,visita anterior ao início do monitoramento deste prefixo (31/08/2026 21:40),,281
51039,2026-08-26,257,2026-08-26T00:41,2026-08-26T00:41,Anderson Silva,Via Sudeste Cursino,,,,,False,24,2026-09-28T20:59,False,Sem dados,Sem dados para avaliar,visita anterior ao início do monitoramento deste prefixo (31/08/2026 21:00),,282
51040,2026-08-27,225,2026-08-27T01:06,2026-08-27T01:06,Anderson Silva,Via Sudeste Cursino,,,,,False,24,2026-09-28T20:59,False,Sem dados,Sem dados para avaliar,visita anterior ao início do monitoramento deste prefixo (31/08/2026 21:58),,283
51044,2026-09-11,16,2026-09-11T01:15,2026-09-11T01:15,FELIX SECURITY GABRIEL,Via Sudeste Sapopemba,,,,,False,24,2026-09-28T20:59,False,Não,Sem problema antes,CFTV normal nas 24 h anteriores à visita; surgiu problema depois,"21, 22, 23",284
51045,2026-08-27,234,2026-08-27T00:00,2026-08-27T00:00,FELIX SECURITY GABRIEL,Via Sudeste Sapopemba,,,,,False,24,2026-09-28T20:59,False,Sem dados,Sem dados para avaliar,visita anterior ao início do monitoramento deste prefixo (31/08/2026 21:34),,285
51047,2026-08-22,324,2026-08-22T00:08,2026-08-22T00:08,FELIX SECURITY GABRIEL,Via Sudeste Sapopemba,,,,,False,24,2026-09-28T20:59,False,Sem dados,Sem dados para avaliar,visita anterior ao início do monitoramento deste prefixo (31/08/2026 21:43),,286
51049,2026-08-27,205,2026-08-27T23:44,2026-08-27T23:44,Anderson Silva,Via Sudeste Cursino,,,,,False,24,2026-09-28T20:59,False,Sem dados,Sem dados para avaliar,visita anterior ao início do monitoramento deste prefixo (31/08/2026 21:45),,287
51051,2026-08-31,180,2026-08-31T03:51,2026-08-31T03:51,Anderson Silva,Via Sudeste Cursino,,,,,False,24,2026-09-28T20:59,False,Sem dados,Sem dados para avaliar,visita anterior ao início do monitoramento deste prefixo (31/08/2026 21:57),,288
51052,2026-09-11,18,2026-09-11T01:03,2026-09-11T01:03,Gustavo Nunes,Via Sudeste Cursino,23,23,Sem gravação de imagens,Inserção ou substituição do cartão de memória,True,24,2026-09-28T20:59,False,Sim,Não resolvido,nenhuma câmera com problema antes voltou ao normal depois da visita,"21, 22",289
51053,2026-08-27,213,2026-08-27T02:55,2026-08-27T02:55,Anderson Silva,Via Sudeste Cursino,,,,,False,24,2026-09-28T20:59,False,Sem dados,Sem dados para avaliar,visita anterior ao início do monitoramento deste prefixo (31/08/2026 21:09),,290
51054,2026-08-25,272,2026-08-25T03:37,2026-08-25T03:37,Gustavo Nunes,Via Sudeste Cursino,,,,,True,24,2026-08-27T01:14,True,Sem dados,Sem dados para avaliar,visita anterior ao início do monitoramento deste prefixo (31/08/2026 21:52),,291
51054,2026-08-27,222,2026-08-27T01:14,2026-08-27T01:14,Anderson Silva,Via Sudeste Cursino,,,,,False,24,2026-09-28T20:59,False,Sem dados,Sem dados para avaliar,visita anterior ao início do monitoramento deste prefixo (31/08/2026 21:52),,292
51057,2026-08-22,317,2026-08-22T00:49,2026-08-22T00:49,FELIX SECURITY GABRIEL,Via Sudeste Sapopemba,,,,,False,24,2026-09-14T23:45,True,Sem dados,Sem dados para avaliar,visita anterior ao início do monitoramento deste prefixo (31/08/2026 21:19),,293
51057,2026-09-14,660,2026-09-14T23:45,2026-09-14T23:45,FELIX SECURITY GABRIEL,Via Sudeste Sapopemba,,,,,False,24,2026-09-16T03:22,True,Sim,Não resolvido,nenhuma câmera com problema antes voltou ao normal depois da visita,,294
51057,2026-09-16,580,2026-09-16T03:22,2026-09-16T03:22,Anderson Silva,Via Sudeste Sapopemba,,,,,False,24,2026-09-28T20:59,False,Sim,Não resolvido,nenhuma câmera com problema antes voltou ao normal depois da visita,22,295
51059,2026-08-22,321,2026-08-22T00:16,2026-08-22T00:16,FELIX SECURITY GABRIEL,Via Sudeste Sapopemba,,,,,False,24,2026-09-28T20:59,False,Sem dados,Sem dados para avaliar,visita anterior ao início do monitoramento deste prefixo (31/08/2026 21:07),,296
51060,2026-09-19,"470, 469",2026-09-19T03:51,2026-09-19T04:07,Anderson Silva,Via Sudeste Sapopemba,,,,,False,24,2026-09-28T20:59,False,Sim,Parcialmente resolvido,parte das câmeras com problema normalizou e parte não,,297
51061,2026-08-26,256,2026-08-26T00:45,2026-08-26T00:45,Anderson Silva,Via Sudeste Cursino,,,,,False,24,2026-09-14T01:25,True,Sem dados,Sem dados para avaliar,visita anterior ao início do monitoramento deste prefixo (31/08/2026 21:56),,298
51061,2026-09-14,672,2026-09-14T01:25,2026-09-14T01:25,Gustavo Nunes,Via Sudeste Cursino,,,,,False,24,2026-09-28T20:59,False,Sim,Resolvido,todas as câmeras com problema antes normalizaram e não voltaram a falhar,,299
51065,2026-08-26,243,2026-08-26T01:59,2026-08-26T01:59,Anderson Silva,Via Sudeste Cursino,,,,,False,24,2026-09-28T20:59,False,Sem dados,Sem dados para avaliar,visita anterior ao início do monitoramento deste prefixo (31/08/2026 21:51),,300
51066,2026-08-24,292,2026-08-24T04:06,2026-08-24T04:06,Gustavo Nunes,Via Sudeste Cursino,"21, 22, 23",,Câmera inoperante,Substituição do fusível,False,24,2026-09-28T20:59,False,Sem dados,Sem dados para avaliar,visita anterior ao início do monitoramento deste prefixo (31/08/2026 21:27),,301
51070,2026-08-26,242,2026-08-26T02:01,2026-08-26T02:01,Anderson Silva,Via Sudeste Cursino,,,,,False,24,2026-09-28T20:59,False,Sem dados,Sem dados para avaliar,visita anterior ao início do monitoramento deste prefixo (31/08/2026 21:29),,302
51071,2026-08-27,216,2026-08-27T02:46,2026-08-27T02:46,Anderson Silva,Via Sudeste Cursino,,,,,False,24,2026-09-28T20:59,False,Sem dados,Sem dados para avaliar,visita anterior ao início do monitoramento deste prefixo (31/08/2026 21:15),,303
51074,2026-08-27,214,2026-08-27T02:52,2026-08-27T02:52,Anderson Silva,Via Sudeste Cursino,,,,,False,24,2026-09-28T20:59,False,Sem dados,Sem dados para avaliar,visita anterior ao início do monitoramento deste prefixo (31/08/2026 21:42),,304
51077,2026-08-30,185,2026-08-30T23:49,2026-08-30T23:49,Anderson Silva,Via Sudeste Cursino,,,,,False,24,2026-09-28T20:59,False,Sem dados,Sem dados para avaliar,visita anterior ao início do monitoramento deste prefixo (31/08/2026 21:20),,305
51079,2026-09-17,526,2026-09-17T03:02,2026-09-17T03:02,Anderson Silva,Via Sudeste Sapopemba,,,,,False,24,2026-09-28T20:59,False,Não,Sem problema antes,CFTV normal nas 24 h anteriores à visita; continuou normal depois,,306
51080,2026-08-27,232,2026-08-27T00:18,2026-08-27T00:18,FELIX SECURITY GABRIEL,Via Sudeste Sapopemba,,,,,False,24,2026-09-28T20:59,False,Sem dados,Sem dados para avaliar,visita anterior ao início do monitoramento deste prefixo (31/08/2026 21:42),,307
51083,2026-08-27,204,2026-08-27T23:47,2026-08-27T23:47,Anderson Silva,Via Sudeste Cursino,,,,,False,24,2026-09-28T20:59,False,Sem dados,Sem dados para avaliar,visita anterior ao início do monitoramento deste prefixo (31/08/2026 21:59),,308
51084,2026-08-27,228,2026-08-27T01:00,2026-08-27T01:00,Anderson Silva,Via Sudeste Cursino,,,,,False,24,2026-09-28T20:59,False,Sem dados,Sem dados para avaliar,visita anterior ao início do monitoramento deste prefixo (31/08/2026 21:48),,309
51109,2026-08-22,316,2026-08-22T00:55,2026-08-22T00:55,FELIX SECURITY GABRIEL,Via Sudeste Sapopemba,,,,,False,24,2026-09-28T20:59,False,Sem dados,Sem dados para avaliar,visita anterior ao início do monitoramento deste prefixo (31/08/2026 21:01),,310
51111,2026-08-25,264,2026-08-25T23:25,2026-08-25T23:25,FELIX SECURITY GABRIEL,Via Sudeste Sapopemba,,,,,False,24,2026-09-17T03:05,True,Sem dados,Sem dados para avaliar,visita anterior ao início do monitoramento deste prefixo (31/08/2026 21:41),,311
51111,2026-09-17,525,2026-09-17T03:05,2026-09-17T03:05,Anderson Silva,Via Sudeste Sapopemba,,,,,False,24,2026-09-28T20:59,False,Não,Sem problema antes,CFTV normal nas 24 h anteriores à visita; surgiu problema depois,"21, 22, 23",312
51113,2026-08-26,248,2026-08-26T01:06,2026-08-26T01:06,FELIX SECURITY GABRIEL,Via Sudeste Sapopemba,,,,,False,24,2026-09-16T23:50,True,Sem dados,Sem dados para avaliar,visita anterior ao início do monitoramento deste prefixo (31/08/2026 21:35),,313
51113,2026-09-16,559,2026-09-16T23:50,2026-09-16T23:50,FELIX SECURITY GABRIEL,Via Sudeste Sapopemba,,,,,False,24,2026-09-28T20:59,False,Não,Sem problema antes,CFTV normal nas 24 h anteriores à visita; surgiu problema depois,21,314
51114,2026-08-27,231,2026-08-27T00:29,2026-08-27T00:29,FELIX SECURITY GABRIEL,Via Sudeste Sapopemba,,,,,False,24,2026-09-28T20:59,False,Sem dados,Sem dados para avaliar,visita anterior ao início do monitoramento deste prefixo (31/08/2026 21:33),,315
51116,2026-08-25,268,2026-08-25T22:52,2026-08-25T22:52,FELIX SECURITY GABRIEL,Via Sudeste Sapopemba,,,,,False,24,2026-09-16T23:40,True,Sem dados,Sem dados para avaliar,visita anterior ao início do monitoramento deste prefixo (31/08/2026 21:24),,316
51116,2026-09-16,561,2026-09-16T23:40,2026-09-16T23:40,FELIX SECURITY GABRIEL,Via Sudeste Sapopemba,,,,,False,24,2026-09-28T20:59,False,Não,Sem problema antes,CFTV normal nas 24 h anteriores à visita; continuou normal depois,,317
51117,2026-09-16,560,2026-09-16T23:46,2026-09-16T23:46,FELIX SECURITY GABRIEL,Via Sudeste Sapopemba,,,,,False,24,2026-09-28T20:59,False,Não,Sem problema antes,CFTV normal nas 24 h anteriores à visita; continuou normal depois,,318
51121,2026-09-19,474,2026-09-19T03:03,2026-09-19T03:03,Anderson Silva,Via Sudeste Sapopemba,,,,,False,24,2026-09-28T20:59,False,Sim,Parcialmente resolvido,parte das câmeras com problema normalizou e parte não,,319
51122,2026-09-03,155,2026-09-03T00:07,2026-09-03T00:07,FELIX SECURITY GABRIEL,Via Sudeste Sapopemba,,,,,False,24,2026-09-19T01:32,True,Sim,Resolvido com recorrência,"normalizaram, mas voltaram a apresentar problema depois",,320
51122,2026-09-19,483,2026-09-19T01:32,2026-09-19T01:32,Anderson Silva,Via Sudeste Sapopemba,,,,,False,24,2026-09-28T20:59,False,Sem dados,Sem dados para avaliar,sem registros do monitoramento nas 24 h anteriores à visita,,321
51124,2026-08-26,237,2026-08-26T23:32,2026-08-26T23:32,FELIX SECURITY GABRIEL,Via Sudeste Sapopemba,,,,,False,24,2026-09-28T20:59,False,Sem dados,Sem dados para avaliar,visita anterior ao início do monitoramento deste prefixo (31/08/2026 21:23),,322
51126,2026-09-25,362,2026-09-25T21:27,2026-09-25T21:27,Gustavo Nunes,Via Sudeste Sapopemba,22,22,"Câmera inoperante, Câmera travada",Crimpagem correta do conector RJ45,False,24,2026-09-28T20:59,False,Sim,Resolvido,todas as câmeras com problema antes normalizaram e não voltaram a falhar,,323
51132,2026-09-17,523,2026-09-17T03:08,2026-09-17T03:08,Anderson Silva,Via Sudeste Sapopemba,,,,,False,24,2026-09-28T20:59,False,Sim,Não resolvido,nenhuma câmera com problema antes voltou ao normal depois da visita,,324
51133,2026-09-17,551,2026-09-17T00:32,2026-09-17T00:32,FELIX SECURITY GABRIEL,Via Sudeste Sapopemba,,,,,False,24,2026-09-28T20:59,False,Sim,Não resolvido,nenhuma câmera com problema antes voltou ao normal depois da visita,,325
51135,2026-08-27,230,2026-08-27T00:38,2026-08-27T00:38,FELIX SECURITY GABRIEL,Via Sudeste Sapopemba,,,,,False,24,2026-09-28T20:59,False,Sem dados,Sem dados para avaliar,visita anterior ao início do monitoramento deste prefixo (31/08/2026 21:53),,326
51138,2026-09-02,157,2026-09-02T23:50,2026-09-02T23:50,FELIX SECURITY GABRIEL,Via Sudeste Sapopemba,,,,,False,24,2026-09-28T20:59,False,Não,Sem problema antes,CFTV normal nas 24 h anteriores à visita; surgiu problema depois,"21, 22, 23",327
51141,2026-08-26,250,2026-08-26T00:53,2026-08-26T00:53,FELIX SECURITY GABRIEL,Via Sudeste Sapopemba,,,,,False,24,2026-09-28T20:59,False,Sem dados,Sem dados para avaliar,visita anterior ao início do monitoramento deste prefixo (31/08/2026 21:25),,328
51143,2026-09-02,156,2026-09-02T23:58,2026-09-02T23:58,FELIX SECURITY GABRIEL,Via Sudeste Sapopemba,,,,,False,24,2026-09-17T01:18,True,Não,Sem problema antes,CFTV normal nas 24 h anteriores à visita; continuou normal depois,,329
51143,2026-09-17,542,2026-09-17T01:18,2026-09-17T01:18,Anderson Silva,Via Sudeste Sapopemba,,,,,False,24,2026-09-28T20:59,False,Não,Sem problema antes,CFTV normal nas 24 h anteriores à visita; surgiu problema depois,"21, 22, 23",330
51145,2026-08-24,293,2026-08-24T04:03,2026-08-24T04:03,Gustavo Nunes,Via Sudeste Cursino,"21, 23","21, 23",RJ45 crimpado incorretamente,"Crimpagem correta do conector RJ45, Inserção ou substituição do cartão de memória, Normalização da gravação de imagens",False,24,2026-09-28T20:59,False,Sem dados,Sem dados para avaliar,visita anterior ao início do monitoramento deste prefixo (31/08/2026 21:56),,331
51204,2026-09-04,101,2026-09-04T04:38,2026-09-04T04:38,Gustavo Nunes,Via Sudeste Cursino,26,26,Sem gravação de imagens,"Inserção ou substituição do cartão de memória, Normalização da gravação de imagens",False,24,2026-09-28T20:59,False,Sim,Resolvido com recorrência,"normalizaram, mas voltaram a apresentar problema depois",,332
51210,2026-09-25,356,2026-09-25T23:41,2026-09-25T23:41,FELIX SECURITY GABRIEL,Via Sudeste Sapopemba,,,,,False,24,2026-09-28T20:59,False,Não,Sem problema antes,CFTV normal nas 24 h anteriores à visita; continuou normal depois,,333
51218,2026-09-23,430,2026-09-23T00:49,2026-09-23T00:49,FELIX SECURITY GABRIEL,Via Sudeste Sapopemba,,,,,False,24,2026-09-28T20:59,False,Sim,Não resolvido,nenhuma câmera com problema antes voltou ao normal depois da visita,,334
51223,2026-09-09,56,2026-09-09T01:02,2026-09-09T01:02,FELIX SECURITY GABRIEL,Via Sudeste Sapopemba,,,,,False,24,2026-09-28T20:59,False,Sem dados,Sem dados para avaliar,visita anterior ao início do monitoramento deste prefixo (09/09/2026 15:49),,335
51300,2026-08-21,335,2026-08-21T00:19,2026-08-21T00:19,Gustavo Nunes,Via Sudeste Cursino,21,22,RJ45 crimpado incorretamente,Crimpagem correta do conector RJ45,False,24,2026-09-28T20:59,False,Sem dados,Sem dados para avaliar,visita anterior ao início do monitoramento deste prefixo (31/08/2026 21:54),,336
51303,2026-09-10,39,2026-09-10T04:11,2026-09-10T04:11,Gustavo Nunes,Via Sudeste Cursino,21,21,Sem gravação de imagens,"Inserção ou substituição do cartão de memória, Normalização da gravação de imagens",False,24,2026-09-28T20:59,False,Sim,Não resolvido,nenhuma câmera com problema antes voltou ao normal depois da visita,23,337
51310,2026-08-26,251,2026-08-26T00:54,2026-08-26T00:54,Victor Gabriel,Via Sudeste Cursino,23,,Sem gravação de imagens,"Inserção ou substituição do cartão de memória, Normalização da gravação de imagens",False,24,2026-09-28T20:59,False,Sem dados,Sem dados para avaliar,visita anterior ao início do monitoramento deste prefixo (31/08/2026 21:42),,338
51424,2026-08-22,300,2026-08-22T04:04,2026-08-22T04:04,Gustavo Nunes,Via Sudeste Cursino,21,21,RJ45 crimpado incorretamente,Normalização da gravação de imagens,False,24,2026-09-28T20:59,False,Sem dados,Sem dados para avaliar,visita anterior ao início do monitoramento deste prefixo (31/08/2026 21:52),,339
51439,2026-09-10,44,2026-09-10T01:56,2026-09-10T01:56,Gustavo Nunes,Via Sudeste Cursino,23,23,"Falha na conexão dos cabos, RJ45 crimpado incorretamente","Crimpagem correta do conector RJ45, Reparo do cabeamento",False,24,2026-09-28T20:59,False,Sim,Resolvido com recorrência,"normalizaram, mas voltaram a apresentar problema depois","21, 22",340
51444,2026-09-02,161,2026-09-02T21:47,2026-09-02T21:47,Gustavo Nunes,Via Sudeste Cursino,23,23,Câmera inoperante,Crimpagem correta do conector RJ45,False,24,2026-09-28T20:59,False,Sim,Parcialmente resolvido,parte das câmeras com problema normalizou e parte não,22,341
51573,2026-09-18,"496, 492",2026-09-18T23:29,2026-09-18T23:45,FELIX SECURITY GABRIEL,Via Sudeste Sapopemba,,,,,False,24,2026-09-28T20:59,False,Não,Sem problema antes,CFTV normal nas 24 h anteriores à visita; continuou normal depois,,342
51574,2026-09-24,404,2026-09-24T00:44,2026-09-24T00:44,Gustavo Nunes,Via Sudeste Sapopemba,26,26,Sem gravação de imagens,"Inserção ou substituição do cartão de memória, Normalização da gravação de imagens",False,24,2026-09-28T20:59,False,Sim,Resolvido com recorrência,"normalizaram, mas voltaram a apresentar problema depois","21, 22, 23, 24, 25",343
51578,2026-09-15,639,2026-09-15T02:02,2026-09-15T02:02,FELIX SECURITY GABRIEL,Via Sudeste Sapopemba,,,,,False,24,2026-09-19T01:37,True,Sim,Não resolvido,nenhuma câmera com problema antes voltou ao normal depois da visita,,344
51578,2026-09-19,481,2026-09-19T01:37,2026-09-19T01:37,Anderson Silva,Via Sudeste Sapopemba,,,,,False,24,2026-09-28T20:59,False,Sim,Não resolvido,nenhuma câmera com problema antes voltou ao normal depois da visita,,345
51579,2026-09-24,411,2026-09-24T00:10,2026-09-24T00:10,FELIX SECURITY GABRIEL,Via Sudeste Sapopemba,,,,,False,24,2026-09-28T20:59,False,Não,Sem problema antes,CFTV normal nas 24 h anteriores à visita; continuou normal depois,,346
51580,2026-08-26,247,2026-08-26T01:17,2026-08-26T01:17,FELIX SECURITY GABRIEL,Via Sudeste Sapopemba,,,,,False,24,2026-09-28T20:59,False,Sem dados,Sem dados para avaliar,visita anterior ao início do monitoramento deste prefixo (31/08/2026 21:37),,347
51584,2026-08-21,328,2026-08-21T04:03,2026-08-21T04:03,Gustavo Nunes,Via Sudeste Cursino,"22, 25","22, 25","Câmera travada, Sem gravação de imagens","Câmera encaminhada para manutenção, Inserção ou substituição do cartão de memória, Instalação da câmera removida, Normalização da gravação de imagens, Reinicialização da câmera",True,24,2026-09-28T20:59,False,Sem dados,Sem dados para avaliar,visita anterior ao início do monitoramento deste prefixo (31/08/2026 23:16),,348
52014,2026-09-19,480,2026-09-19T01:39,2026-09-19T01:39,Anderson Silva,Via Sudeste Sapopemba,,,,,False,24,2026-09-28T20:59,False,Sim,Não resolvido,nenhuma câmera com problema antes voltou ao normal depois da visita,,349
52017,2026-08-26,249,2026-08-26T00:59,2026-08-26T00:59,FELIX SECURITY GABRIEL,Via Sudeste Sapopemba,,,,,False,24,2026-09-28T20:59,False,Sem dados,Sem dados para avaliar,visita anterior ao início do monitoramento deste prefixo (31/08/2026 21:47),,350
52021,2026-09-19,472,2026-09-19T03:44,2026-09-19T03:44,Anderson Silva,Via Sudeste Sapopemba,,,,,False,24,2026-09-28T20:59,False,Não,Sem problema antes,CFTV normal nas 24 h anteriores à visita; surgiu problema depois,23,351
52024,2026-09-19,471,2026-09-19T03:49,2026-09-19T03:49,Anderson Silva,Via Sudeste Sapopemba,,,,,False,24,2026-09-28T20:59,False,Sim,Resolvido,todas as câmeras com problema antes normalizaram e não voltaram a falhar,,352
52028,2026-09-02,158,2026-09-02T23:39,2026-09-02T23:39,FELIX SECURITY GABRIEL,Via Sudeste Sapopemba,,,,,False,24,2026-09-28T20:59,False,Não,Sem problema antes,CFTV normal nas 24 h anteriores à visita; continuou normal depois,,353
52029,2026-09-02,159,2026-09-02T23:32,2026-09-02T23:32,FELIX SECURITY GABRIEL,Via Sudeste Sapopemba,,,,,False,24,2026-09-28T20:59,False,Sim,Resolvido,todas as câmeras com problema antes normalizaram e não voltaram a falhar,"22, 23",354
52031,2026-09-04,113,2026-09-04T02:10,2026-09-04T02:10,Gustavo Nunes,Via Sudeste Cursino,22,22,"Falha na conexão dos cabos, RJ45 crimpado incorretamente","Crimpagem correta do conector RJ45, Reparo do cabeamento",False,24,2026-09-28T20:59,False,Sim,Resolvido com recorrência,"normalizaram, mas voltaram a apresentar problema depois",,355
52032,2026-08-22,314,2026-08-22T01:08,2026-08-22T01:08,FELIX SECURITY GABRIEL,Via Sudeste Sapopemba,,,,,False,24,2026-09-28T20:59,False,Sem dados,Sem dados para avaliar,visita anterior ao início do monitoramento deste prefixo (31/08/2026 21:23),,356
52036,2026-08-22,312,2026-08-22T01:19,2026-08-22T01:19,FELIX SECURITY GABRIEL,Via Sudeste Sapopemba,,,,,False,24,2026-09-03T00:22,True,Sem dados,Sem dados para avaliar,visita anterior ao início do monitoramento deste prefixo (31/08/2026 21:46),,357
52036,2026-09-03,154,2026-09-03T00:22,2026-09-03T00:22,FELIX SECURITY GABRIEL,Via Sudeste Sapopemba,,,,,False,24,2026-09-28T20:59,False,Não,Sem problema antes,CFTV normal nas 24 h anteriores à visita; continuou normal depois,,358
52041,2026-08-26,236,2026-08-26T23:35,2026-08-26T23:35,FELIX SECURITY GABRIEL,Via Sudeste Sapopemba,,,,,False,24,2026-09-17T01:12,True,Sem dados,Sem dados para avaliar,visita anterior ao início do monitoramento deste prefixo (31/08/2026 21:05),,359
52041,2026-09-17,545,2026-09-17T01:12,2026-09-17T01:12,Anderson Silva,Via Sudeste Sapopemba,,,,,False,24,2026-09-28T20:59,False,Não,Sem problema antes,CFTV normal nas 24 h anteriores à visita; continuou normal depois,,360
52042,2026-09-17,558,2026-09-17T00:03,2026-09-17T00:03,FELIX SECURITY GABRIEL,Via Sudeste Sapopemba,,,,,False,24,2026-09-28T20:59,False,Sim,Não resolvido,nenhuma câmera com problema antes voltou ao normal depois da visita,"22, 23",361
52044,2026-08-22,323,2026-08-22T00:09,2026-08-22T00:09,FELIX SECURITY GABRIEL,Via Sudeste Sapopemba,,,,,False,24,2026-09-28T20:59,False,Sem dados,Sem dados para avaliar,visita anterior ao início do monitoramento deste prefixo (31/08/2026 21:05),,362
52050,2026-08-25,265,2026-08-25T23:15,2026-08-25T23:15,FELIX SECURITY GABRIEL,Via Sudeste Sapopemba,,,,,False,24,2026-09-28T20:59,False,Sem dados,Sem dados para avaliar,visita anterior ao início do monitoramento deste prefixo (31/08/2026 21:10),,363
52051,2026-08-21,329,2026-08-21T04:01,2026-08-21T04:01,Gustavo Nunes,Via Sudeste Cursino,23,23,Sem gravação de imagens,"Inserção ou substituição do cartão de memória, Normalização da gravação de imagens",False,24,2026-09-28T20:59,False,Sem dados,Sem dados para avaliar,visita anterior ao início do monitoramento deste prefixo (31/08/2026 21:09),,364
52055,2026-08-22,320,2026-08-22T00:39,2026-08-22T00:39,FELIX SECURITY GABRIEL,Via Sudeste Sapopemba,,,,,False,24,2026-09-17T03:07,True,Sem dados,Sem dados para avaliar,visita anterior ao início do monitoramento deste prefixo (31/08/2026 21:13),,365
52055,2026-09-17,524,2026-09-17T03:07,2026-09-17T03:07,Anderson Silva,Via Sudeste Sapopemba,,,,,False,24,2026-09-28T20:59,False,Sim,Não resolvido,nenhuma câmera com problema antes voltou ao normal depois da visita,"21, 23",366
52059,2026-08-27,229,2026-08-27T00:41,2026-08-27T00:41,FELIX SECURITY GABRIEL,Via Sudeste Sapopemba,,,,,False,24,2026-09-21T22:17,True,Sem dados,Sem dados para avaliar,visita anterior ao início do monitoramento deste prefixo (31/08/2026 21:15),,367
52059,2026-09-21,456,2026-09-21T22:17,2026-09-21T22:17,Anderson Silva,Via Sudeste Sapopemba,,,,,False,24,2026-09-28T20:59,False,Não,Sem problema antes,CFTV normal nas 24 h anteriores à visita; continuou normal depois,,368
52062,2026-08-25,260,2026-08-25T23:48,2026-08-25T23:48,FELIX SECURITY GABRIEL,Via Sudeste Sapopemba,,,,,False,24,2026-09-28T20:59,False,Sem dados,Sem dados para avaliar,visita anterior ao início do monitoramento deste prefixo (31/08/2026 21:37),,369
52063,2026-08-27,227,2026-08-27T01:04,2026-08-27T01:04,FELIX SECURITY GABRIEL,Via Sudeste Sapopemba,,,,,False,24,2026-09-28T20:59,False,Sem dados,Sem dados para avaliar,visita anterior ao início do monitoramento deste prefixo (31/08/2026 21:47),,370
52067,2026-09-03,149,2026-09-03T01:09,2026-09-03T01:09,FELIX SECURITY GABRIEL,Via Sudeste Sapopemba,,,,,False,24,2026-09-28T20:59,False,Sim,Não resolvido,nenhuma câmera com problema antes voltou ao normal depois da visita,,371
52070,2026-09-17,544,2026-09-17T01:14,2026-09-17T01:14,Anderson Silva,Via Sudeste Sapopemba,,,,,False,24,2026-09-28T20:59,False,Não,Sem problema antes,CFTV normal nas 24 h anteriores à visita; surgiu problema depois,23,372
52074,2026-08-27,224,2026-08-27T01:11,2026-08-27T01:11,FELIX SECURITY GABRIEL,Via Sudeste Sapopemba,,,,,False,24,2026-09-17T00:13,True,Sem dados,Sem dados para avaliar,visita anterior ao início do monitoramento deste prefixo (31/08/2026 21:57),,373
52074,2026-09-17,"556, 553",2026-09-17T00:13,2026-09-17T00:17,FELIX SECURITY GABRIEL,Via Sudeste Sapopemba,,,,,False,24,2026-09-28T20:59,False,Não,Sem problema antes,CFTV normal nas 24 h anteriores à visita; continuou normal depois,,374
52075,2026-09-02,160,2026-09-02T23:22,2026-09-02T23:22,FELIX SECURITY GABRIEL,Via Sudeste Sapopemba,,,,,False,24,2026-09-28T20:59,False,Não,Sem problema antes,CFTV normal nas 24 h anteriores à visita; surgiu problema depois,23,375
52076,2026-08-26,235,2026-08-26T23:49,2026-08-26T23:49,FELIX SECURITY GABRIEL,Via Sudeste Sapopemba,,,,,False,24,2026-09-28T20:59,False,Sem dados,Sem dados para avaliar,visita anterior ao início do monitoramento deste prefixo (31/08/2026 21:09),,376
52078,2026-09-17,557,2026-09-17T00:07,2026-09-17T00:07,FELIX SECURITY GABRIEL,Via Sudeste Sapopemba,,,,,False,24,2026-09-28T20:59,False,Não,Sem problema antes,CFTV normal nas 24 h anteriores à visita; continuou normal depois,,377
52103,2026-09-17,533,2026-09-17T02:02,2026-09-17T02:02,FELIX SECURITY GABRIEL,Via Sudeste Sapopemba,,,,,False,24,2026-09-28T20:59,False,Sim,Não resolvido,nenhuma câmera com problema antes voltou ao normal depois da visita,,378
52104,2026-09-18,502,2026-09-18T22:46,2026-09-18T22:46,FELIX SECURITY GABRIEL,Via Sudeste Sapopemba,,,,,False,24,2026-09-28T20:59,False,Sim,Não resolvido,nenhuma câmera com problema antes voltou ao normal depois da visita,"21, 23, 25",379
52105,2026-09-17,532,2026-09-17T02:07,2026-09-17T02:07,FELIX SECURITY GABRIEL,Via Sudeste Sapopemba,,,,,False,24,2026-09-28T20:59,False,Não,Sem problema antes,CFTV normal nas 24 h anteriores à visita; continuou normal depois,,380
52110,2026-08-22,307,2026-08-22T02:04,2026-08-22T02:04,FELIX SECURITY GABRIEL,Via Sudeste Sapopemba,,,,,False,24,2026-09-15T00:33,True,Sem dados,Sem dados para avaliar,visita anterior ao início do monitoramento deste prefixo (31/08/2026 21:07),,381
52110,2026-09-15,"652, 651",2026-09-15T00:33,2026-09-15T00:34,FELIX SECURITY GABRIEL,Via Sudeste Sapopemba,,,,,False,24,2026-09-28T20:59,False,Não,Sem problema antes,CFTV normal nas 24 h anteriores à visita; surgiu problema depois,"21, 22, 23, 24",382
52111,2026-09-24,406,2026-09-24T00:30,2026-09-24T00:30,FELIX SECURITY GABRIEL,Via Sudeste Sapopemba,,,,,False,24,2026-09-28T20:59,False,Não,Sem problema antes,CFTV normal nas 24 h anteriores à visita; continuou normal depois,,383
52113,2026-09-24,389,2026-09-24T02:16,2026-09-24T02:16,FELIX SECURITY GABRIEL,Via Sudeste Sapopemba,,,,,False,24,2026-09-28T20:59,False,Não,Sem problema antes,CFTV normal nas 24 h anteriores à visita; continuou normal depois,,384
52115,2026-09-18,493,2026-09-18T23:40,2026-09-18T23:40,FELIX SECURITY GABRIEL,Via Sudeste Sapopemba,,,,,False,24,2026-09-28T20:59,False,Não,Sem problema antes,CFTV normal nas 24 h anteriores à visita; surgiu problema depois,"21, 22",385
52119,2026-09-19,482,2026-09-19T01:35,2026-09-19T01:35,Anderson Silva,Via Sudeste Sapopemba,,,,,False,24,2026-09-28T20:59,False,Não,Sem problema antes,CFTV normal nas 24 h anteriores à visita; continuou normal depois,,386
52121,2026-09-25,357,2026-09-25T23:36,2026-09-25T23:36,FELIX SECURITY GABRIEL,Via Sudeste Sapopemba,,,,,False,24,2026-09-28T20:59,False,Sim,Não resolvido,nenhuma câmera com problema antes voltou ao normal depois da visita,,387
52124,2026-08-22,305,2026-08-22T02:12,2026-08-22T02:12,FELIX SECURITY GABRIEL,Via Sudeste Sapopemba,,,,,False,24,2026-09-14T23:19,True,Sem dados,Sem dados para avaliar,visita anterior ao início do monitoramento deste prefixo (31/08/2026 21:37),,388
52124,2026-09-14,661,2026-09-14T23:19,2026-09-14T23:19,FELIX SECURITY GABRIEL,Via Sudeste Sapopemba,,,,,False,24,2026-09-28T20:59,False,Sim,Não resolvido,nenhuma câmera com problema antes voltou ao normal depois da visita,"22, 23, 24, 25",389
52126,2026-09-23,423,2026-09-23T02:12,2026-09-23T02:12,FELIX SECURITY GABRIEL,Via Sudeste Sapopemba,,,,,False,24,2026-09-25T23:50,True,Não,Sem problema antes,CFTV normal nas 24 h anteriores à visita; continuou normal depois,,390
52126,2026-09-25,355,2026-09-25T23:50,2026-09-25T23:50,FELIX SECURITY GABRIEL,Via Sudeste Sapopemba,,,,,False,24,2026-09-28T20:59,False,Não,Sem problema antes,CFTV normal nas 24 h anteriores à visita; continuou normal depois,,391
52127,2026-09-24,396,2026-09-24T01:45,2026-09-24T01:45,FELIX SECURITY GABRIEL,Via Sudeste Sapopemba,,,,,False,24,2026-09-28T20:59,False,Não,Sem problema antes,CFTV normal nas 24 h anteriores à visita; continuou normal depois,,392
52130,2026-09-11,17,2026-09-11T01:09,2026-09-11T01:09,FELIX SECURITY GABRIEL,Via Sudeste Sapopemba,,,,,False,24,2026-09-28T20:59,False,Sim,Não resolvido,nenhuma câmera com problema antes voltou ao normal depois da visita,,393
52132,2026-09-24,391,2026-09-24T02:05,2026-09-24T02:05,FELIX SECURITY GABRIEL,Via Sudeste Sapopemba,,,,,False,24,2026-09-28T20:59,False,Sim,Não resolvido,nenhuma câmera com problema antes voltou ao normal depois da visita,,394
52133,2026-09-21,453,2026-09-21T22:59,2026-09-21T22:59,Gustavo Nunes,Via Sudeste Sapopemba,,26,,,True,24,2026-09-28T20:59,False,Sim,Não resolvido,nenhuma câmera com problema antes voltou ao normal depois da visita,,395
52139,2026-09-23,427,2026-09-23T01:06,2026-09-23T01:06,Anderson Silva,Via Sudeste Sapopemba,"21, 22, 23, 24, 25, 26","21, 24","Configuração incorreta da câmera, Sem gravação de imagens, Switch apresentando falha","Correção e ajuste da configuração da câmera, Normalização da gravação de imagens",False,24,2026-09-28T20:59,False,Sim,Não resolvido,nenhuma câmera com problema antes voltou ao normal depois da visita,,396
52140,2026-09-26,353,2026-09-26T00:57,2026-09-26T00:57,FELIX SECURITY GABRIEL,Via Sudeste Sapopemba,,,,,False,24,2026-09-28T20:59,False,Sim,Resolvido,todas as câmeras com problema antes normalizaram e não voltaram a falhar,"22, 23, 26",397
52141,2026-09-25,363,2026-09-25T21:16,2026-09-25T21:16,Gustavo Nunes,Via Sudeste Sapopemba,26,26,Sem gravação de imagens,"Inserção ou substituição do cartão de memória, Normalização da gravação de imagens",False,24,2026-09-28T20:59,False,Sim,Resolvido,todas as câmeras com problema antes normalizaram e não voltaram a falhar,,398
52145,2026-09-24,408,2026-09-24T00:24,2026-09-24T00:24,FELIX SECURITY GABRIEL,Via Sudeste Sapopemba,,,,,False,24,2026-09-28T20:59,False,Não,Sem problema antes,CFTV normal nas 24 h anteriores à visita; surgiu problema depois,25,399
52148,2026-09-15,655,2026-09-15T00:09,2026-09-15T00:09,FELIX SECURITY GABRIEL,Via Sudeste Sapopemba,,,,,False,24,2026-09-28T20:59,False,Sim,Não resolvido,nenhuma câmera com problema antes voltou ao normal depois da visita,,400
52157,2026-09-25,359,2026-09-25T23:27,2026-09-25T23:27,FELIX SECURITY GABRIEL,Via Sudeste Sapopemba,,,,,False,24,2026-09-28T20:59,False,Sim,Resolvido,todas as câmeras com problema antes normalizaram e não voltaram a falhar,,401
52708,2026-09-09,58,2026-09-09T00:49,2026-09-09T00:49,FELIX SECURITY GABRIEL,Via Sudeste Sapopemba,,,,,False,24,2026-09-28T20:59,False,Não,Sem problema antes,CFTV normal nas 24 h anteriores à visita; continuou normal depois,,402
52711,2026-09-16,"589, 571",2026-09-16T03:02,2026-09-16T04:26,Anderson Silva,Via Sudeste Sapopemba,,,,,False,24,2026-09-28T20:59,False,Sim,Não resolvido,nenhuma câmera com problema antes voltou ao normal depois da visita,,403
52712,2026-09-24,393,2026-09-24T01:57,2026-09-24T01:57,FELIX SECURITY GABRIEL,Via Sudeste Sapopemba,,,,,False,24,2026-09-28T20:59,False,Não,Sem problema antes,CFTV normal nas 24 h anteriores à visita; surgiu problema depois,"21, 22",404
52714,2026-09-25,365,2026-09-25T04:23,2026-09-25T04:23,Gustavo Nunes,Via Sudeste Sapopemba,"22, 24","22, 24","Câmera inoperante, Sem gravação de imagens","Inserção ou substituição do cartão de memória, Normalização da gravação de imagens, Substituição da câmera defeituosa",False,24,2026-09-28T20:59,False,Sim,Resolvido,todas as câmeras com problema antes normalizaram e não voltaram a falhar,,405
52715,2026-09-03,143,2026-09-03T01:39,2026-09-03T01:39,FELIX SECURITY GABRIEL,Via Sudeste Sapopemba,,,,,False,24,2026-09-28T20:59,False,Não,Sem problema antes,CFTV normal nas 24 h anteriores à visita; surgiu problema depois,"23, 24, 25, 26",406
52718,2026-09-23,432,2026-09-23T00:32,2026-09-23T00:32,FELIX SECURITY GABRIEL,Via Sudeste Sapopemba,,,,,False,24,2026-09-28T20:59,False,Não,Sem problema antes,CFTV normal nas 24 h anteriores à visita; continuou normal depois,,407
52721,2026-09-11,22,2026-09-11T00:11,2026-09-11T00:11,FELIX SECURITY GABRIEL,Via Sudeste Sapopemba,,,,,False,24,2026-09-28T20:59,False,Não,Sem problema antes,CFTV normal nas 24 h anteriores à visita; surgiu problema depois,"21, 23, 24, 25, 26",408
52734,2026-09-21,450,2026-09-21T23:44,2026-09-21T23:44,Anderson Silva,Via Sudeste Sapopemba,"21, 22, 23, 24, 25, 26",26,"Configuração incorreta da câmera, Sem gravação de imagens","Correção e ajuste da configuração da câmera, Normalização da gravação de imagens",True,24,2026-09-28T20:59,False,Sim,Parcialmente resolvido,parte das câmeras com problema normalizou e parte não,"21, 22, 23, 25",409
52735,2026-09-05,89,2026-09-05T00:02,2026-09-05T00:02,FELIX SECURITY GABRIEL,Via Sudeste Sapopemba,,,,,False,24,2026-09-28T20:59,False,Não,Sem problema antes,CFTV normal nas 24 h anteriores à visita; surgiu problema depois,"21, 22, 23, 24, 25, 26",410
52738,2026-09-04,92,2026-09-04T23:42,2026-09-04T23:42,FELIX SECURITY GABRIEL,Via Sudeste Sapopemba,,,,,False,24,2026-09-28T20:59,False,Não,Sem problema antes,CFTV normal nas 24 h anteriores à visita; surgiu problema depois,"23, 24, 25, 26",411
52743,2026-08-26,246,2026-08-26T01:32,2026-08-26T01:32,FELIX SECURITY GABRIEL,Via Sudeste Sapopemba,,,,,False,24,2026-09-04T23:52,True,Sem dados,Sem dados para avaliar,visita anterior ao início do monitoramento deste prefixo (31/08/2026 21:32),,412
52743,2026-09-04,90,2026-09-04T23:52,2026-09-04T23:52,FELIX SECURITY GABRIEL,Via Sudeste Sapopemba,,,,,False,24,2026-09-28T20:59,False,Sim,Resolvido com recorrência,"normalizaram, mas voltaram a apresentar problema depois",,413
52744,2026-09-09,63,2026-09-09T00:12,2026-09-09T00:12,FELIX SECURITY GABRIEL,Via Sudeste Sapopemba,,,,,False,24,2026-09-21T22:23,True,Não,Sem problema antes,CFTV normal nas 24 h anteriores à visita; continuou normal depois,,414
52744,2026-09-21,454,2026-09-21T22:23,2026-09-21T22:23,Anderson Silva,Via Sudeste Sapopemba,,,,,False,24,2026-09-28T20:59,False,Não,Sem problema antes,CFTV normal nas 24 h anteriores à visita; continuou normal depois,,415
52745,2026-09-17,539,2026-09-17T01:23,2026-09-17T01:23,Anderson Silva,Via Sudeste Sapopemba,,,,,False,24,2026-09-28T20:59,False,Sim,Não resolvido,nenhuma câmera com problema antes voltou ao normal depois da visita,,416
52746,2026-09-09,59,2026-09-09T00:41,2026-09-09T00:41,FELIX SECURITY GABRIEL,Via Sudeste Sapopemba,,,,,False,24,2026-09-28T20:59,False,Não,Sem problema antes,CFTV normal nas 24 h anteriores à visita; surgiu problema depois,"21, 22, 23, 24, 25",417
52748,2026-09-24,402,2026-09-24T00:48,2026-09-24T00:48,Gustavo Nunes,Via Sudeste Sapopemba,"21, 22","21, 22",Sem gravação de imagens,"Inserção ou substituição do cartão de memória, Normalização da gravação de imagens",False,24,2026-09-28T20:59,False,Sim,Resolvido,todas as câmeras com problema antes normalizaram e não voltaram a falhar,,418
52749,2026-09-18,497,2026-09-18T23:22,2026-09-18T23:22,FELIX SECURITY GABRIEL,Via Sudeste Sapopemba,,,,,False,24,2026-09-28T20:59,False,Sim,Parcialmente resolvido,parte das câmeras com problema normalizou e parte não,"21, 23, 24, 26",419
52751,2026-09-26,351,2026-09-26T01:20,2026-09-26T01:20,FELIX SECURITY GABRIEL,Via Sudeste Sapopemba,,,,,False,24,2026-09-28T20:59,False,Não,Sem problema antes,CFTV normal nas 24 h anteriores à visita; continuou normal depois,,420
52752,2026-09-23,"419, 415",2026-09-23T03:13,2026-09-23T23:22,Anderson Silva,Via Sudeste Sapopemba,"22, 26","22, 26","Cabeamento rompido/danificado, Câmera travada, Sem gravação de imagens","Câmera encaminhada para manutenção, Substituição do cabeamento",True,24,2026-09-28T20:59,False,Sim,Resolvido com recorrência,"normalizaram, mas voltaram a apresentar problema depois","21, 22, 23, 24, 25",421
52753,2026-09-26,354,2026-09-26T00:34,2026-09-26T00:34,Anderson Silva,Via Sudeste Sapopemba,26,26,"Conexões do switch incorretas, Configuração incorreta da câmera, Câmera travada, Sem gravação de imagens","Correção das conexões do switch, Correção e ajuste da configuração da câmera, Normalização da gravação de imagens",False,24,2026-09-28T20:59,False,Sim,Resolvido com recorrência,"normalizaram, mas voltaram a apresentar problema depois",,422
52754,2026-09-18,495,2026-09-18T23:36,2026-09-18T23:36,FELIX SECURITY GABRIEL,Via Sudeste Sapopemba,,,,,False,24,2026-09-28T20:59,False,Não,Sem problema antes,CFTV normal nas 24 h anteriores à visita; surgiu problema depois,23,423
52755,2026-09-11,21,2026-09-11T00:20,2026-09-11T00:20,FELIX SECURITY GABRIEL,Via Sudeste Sapopemba,,,,,False,24,2026-09-28T20:59,False,Não,Sem problema antes,CFTV normal nas 24 h anteriores à visita; continuou normal depois,,424
52761,2026-09-10,26,2026-09-10T23:43,2026-09-10T23:43,FELIX SECURITY GABRIEL,Via Sudeste Sapopemba,,,,,False,24,2026-09-28T20:59,False,Não,Sem problema antes,CFTV normal nas 24 h anteriores à visita; surgiu problema depois,"21, 22, 23, 24, 25, 26",425
52762,2026-09-16,590,2026-09-16T03:00,2026-09-16T03:00,Anderson Silva,Via Sudeste Sapopemba,,,,,False,24,2026-09-28T20:59,False,Sim,Não resolvido,nenhuma câmera com problema antes voltou ao normal depois da visita,,426
52763,2026-09-09,65,2026-09-09T00:00,2026-09-09T00:00,FELIX SECURITY GABRIEL,Via Sudeste Sapopemba,,,,,False,24,2026-09-21T22:20,True,Sim,Não resolvido,nenhuma câmera com problema antes voltou ao normal depois da visita,,427
52763,2026-09-21,455,2026-09-21T22:20,2026-09-21T22:20,Anderson Silva,Via Sudeste Sapopemba,,,,,False,24,2026-09-28T20:59,False,Sim,Não resolvido,nenhuma câmera com problema antes voltou ao normal depois da visita,"21, 22, 23, 24, 25",428
52765,2026-09-04,94,2026-09-04T23:34,2026-09-04T23:34,FELIX SECURITY GABRIEL,Via Sudeste Sapopemba,,,,,False,24,2026-09-28T20:59,False,Sim,Parcialmente resolvido,parte das câmeras com problema normalizou e parte não,"21, 22",429
52767,2026-09-24,377,2026-09-24T22:40,2026-09-24T22:40,Anderson Silva,Via Sudeste Sapopemba,"21, 22, 24, 26","21, 22, 24, 26",Sem gravação de imagens,Normalização da gravação de imagens,False,24,2026-09-28T20:59,False,Sim,Resolvido com recorrência,"normalizaram, mas voltaram a apresentar problema depois",,430
52774,2026-09-15,640,2026-09-15T01:53,2026-09-15T01:53,FELIX SECURITY GABRIEL,Via Sudeste Sapopemba,,,,,False,24,2026-09-28T20:59,False,Não,Sem problema antes,CFTV normal nas 24 h anteriores à visita; continuou normal depois,,431
52775,2026-09-18,500,2026-09-18T22:56,2026-09-18T22:56,FELIX SECURITY GABRIEL,Via Sudeste Sapopemba,,,,,False,24,2026-09-28T20:59,False,Sim,Não resolvido,nenhuma câmera com problema antes voltou ao normal depois da visita,,432
52776,2026-09-10,27,2026-09-10T23:30,2026-09-10T23:30,FELIX SECURITY GABRIEL,Via Sudeste Sapopemba,,,,,False,24,2026-09-28T20:59,False,Não,Sem problema antes,CFTV normal nas 24 h anteriores à visita; continuou normal depois,,433
52777,2026-09-09,62,2026-09-09T00:20,2026-09-09T00:20,FELIX SECURITY GABRIEL,Via Sudeste Sapopemba,,,,,False,24,2026-09-28T20:59,False,Não,Sem problema antes,CFTV normal nas 24 h anteriores à visita; continuou normal depois,,434
52780,2026-09-25,361,2026-09-25T22:49,2026-09-25T22:49,Anderson Silva,Via Sudeste Sapopemba,"22, 24, 26","22, 24, 26","Configuração incorreta da câmera, Câmera mal reposicionada, Fusível queimado, Sem gravação de imagens","Correção e ajuste da configuração da câmera, Normalização da gravação de imagens, Reposicionamento adequado da câmera, Substituição do fusível",False,24,2026-09-28T20:59,False,Sim,Resolvido,todas as câmeras com problema antes normalizaram e não voltaram a falhar,,435
52782,2026-09-22,439,2026-09-22T21:13,2026-09-22T21:13,Gustavo Nunes,Via Sudeste Sapopemba,,25,,,False,24,2026-09-28T20:59,False,Sim,Resolvido com recorrência,"normalizaram, mas voltaram a apresentar problema depois",,436
52788,2026-09-15,643,2026-09-15T01:42,2026-09-15T01:42,FELIX SECURITY GABRIEL,Via Sudeste Sapopemba,,,,,False,24,2026-09-28T20:59,False,Não,Sem problema antes,CFTV normal nas 24 h anteriores à visita; continuou normal depois,,437
52796,2026-09-18,499,2026-09-18T23:05,2026-09-18T23:05,FELIX SECURITY GABRIEL,Via Sudeste Sapopemba,,,,,False,24,2026-09-28T20:59,False,Sim,Resolvido com recorrência,"normalizaram, mas voltaram a apresentar problema depois","21, 22, 24, 25",438
52799,2026-09-24,412,2026-09-24T00:07,2026-09-24T00:07,FELIX SECURITY GABRIEL,Via Sudeste Sapopemba,,,,,False,24,2026-09-28T20:59,False,Não,Sem problema antes,CFTV normal nas 24 h anteriores à visita; continuou normal depois,,439
52820,2026-09-10,25,2026-09-10T23:52,2026-09-10T23:52,FELIX SECURITY GABRIEL,Via Sudeste Sapopemba,,,,,False,24,2026-09-28T20:59,False,Não,Sem problema antes,CFTV normal nas 24 h anteriores à visita; continuou normal depois,,440
52822,2026-08-26,244,2026-08-26T01:41,2026-08-26T01:41,FELIX SECURITY GABRIEL,Via Sudeste Sapopemba,,,,,False,24,2026-09-28T20:59,False,Sem dados,Sem dados para avaliar,visita anterior ao início do monitoramento deste prefixo (31/08/2026 21:18),,441
52828,2026-09-23,416,2026-09-23T04:04,2026-09-23T04:04,Gustavo Nunes,Via Sudeste Sapopemba,"21, 22","21, 22","RJ45 crimpado incorretamente, Sem gravação de imagens","Crimpagem correta do conector RJ45, Inserção ou substituição do cartão de memória, Normalização da gravação de imagens",False,24,2026-09-28T20:59,False,Sim,Parcialmente resolvido,parte das câmeras com problema normalizou e parte não,,442
52832,2026-09-11,24,2026-09-11T00:00,2026-09-11T00:00,FELIX SECURITY GABRIEL,Via Sudeste Sapopemba,,,,,False,24,2026-09-28T20:59,False,Sim,Não resolvido,nenhuma câmera com problema antes voltou ao normal depois da visita,"23, 25, 26",443
52834,2026-09-18,498,2026-09-18T23:13,2026-09-18T23:13,FELIX SECURITY GABRIEL,Via Sudeste Sapopemba,,,,,False,24,2026-09-28T20:59,False,Não,Sem problema antes,CFTV normal nas 24 h anteriores à visita; continuou normal depois,,444
52835,2026-09-15,642,2026-09-15T01:51,2026-09-15T01:51,FELIX SECURITY GABRIEL,Via Sudeste Sapopemba,,,,,False,24,2026-09-16T03:05,True,Não,Sem problema antes,CFTV normal nas 24 h anteriores à visita; continuou normal depois,,445
52835,2026-09-16,588,2026-09-16T03:05,2026-09-16T03:05,Anderson Silva,Via Sudeste Sapopemba,,,,,False,24,2026-09-28T20:59,False,Não,Sem problema antes,CFTV normal nas 24 h anteriores à visita; continuou normal depois,,446
52836,2026-08-26,245,2026-08-26T01:33,2026-08-26T01:33,FELIX SECURITY GABRIEL,Via Sudeste Sapopemba,,,,,False,24,2026-09-28T20:59,False,Sem dados,Sem dados para avaliar,visita anterior ao início do monitoramento deste prefixo (31/08/2026 21:40),,447
52837,2026-09-05,85,2026-09-05T00:28,2026-09-05T00:28,FELIX SECURITY GABRIEL,Via Sudeste Sapopemba,,,,,False,24,2026-09-28T20:59,False,Não,Sem problema antes,CFTV normal nas 24 h anteriores à visita; continuou normal depois,,448
52838,2026-09-24,410,2026-09-24T00:15,2026-09-24T00:15,FELIX SECURITY GABRIEL,Via Sudeste Sapopemba,,,,,False,24,2026-09-28T20:59,False,Não,Sem problema antes,CFTV normal nas 24 h anteriores à visita; continuou normal depois,,449
52840,2026-09-04,115,2026-09-04T01:55,2026-09-04T01:55,Gustavo Nunes,Via Sudeste Cursino,25,25,"Cabeamento rompido/danificado, RJ45 crimpado incorretamente",Crimpagem correta do conector RJ45,False,24,2026-09-28T20:59,False,Sim,Não resolvido,nenhuma câmera com problema antes voltou ao normal depois da visita,"21, 22, 23, 24, 26",450
52841,2026-09-09,60,2026-09-09T00:28,2026-09-09T00:28,FELIX SECURITY GABRIEL,Via Sudeste Sapopemba,,,,,False,24,2026-09-28T20:59,False,Não,Sem problema antes,CFTV normal nas 24 h anteriores à visita; continuou normal depois,,451
52843,2026-09-18,501,2026-09-18T22:53,2026-09-18T22:53,FELIX SECURITY GABRIEL,Via Sudeste Sapopemba,,,,,False,24,2026-09-28T20:59,False,Não,Sem problema antes,CFTV normal nas 24 h anteriores à visita; continuou normal depois,,452
52853,2026-09-03,145,2026-09-03T01:31,2026-09-03T01:31,FELIX SECURITY GABRIEL,Via Sudeste Sapopemba,,,,,False,24,2026-09-28T20:59,False,Sim,Resolvido,todas as câmeras com problema antes normalizaram e não voltaram a falhar,22,453
52854,2026-09-05,88,2026-09-05T00:14,2026-09-05T00:14,FELIX SECURITY GABRIEL,Via Sudeste Sapopemba,,,,,False,24,2026-09-28T20:59,False,Não,Sem problema antes,CFTV normal nas 24 h anteriores à visita; surgiu problema depois,"21, 22, 23, 24, 25, 26",454
52862,2026-09-04,96,2026-09-04T22:57,2026-09-04T22:57,Gustavo Nunes,Via Sudeste Cursino,,22,,,True,24,2026-09-28T20:59,False,Sim,Não resolvido,nenhuma câmera com problema antes voltou ao normal depois da visita,,455
52868,2026-09-23,417,2026-09-23T03:55,2026-09-23T03:55,Gustavo Nunes,Via Sudeste Sapopemba,21,21,Sem gravação de imagens,"Inserção ou substituição do cartão de memória, Normalização da gravação de imagens",False,24,2026-09-28T20:59,False,Sim,Resolvido,todas as câmeras com problema antes normalizaram e não voltaram a falhar,25,456
52901,2026-09-15,653,2026-09-15T00:25,2026-09-15T00:25,FELIX SECURITY GABRIEL,Via Sudeste Sapopemba,,,,,False,24,2026-09-28T20:59,False,Não,Sem problema antes,CFTV normal nas 24 h anteriores à visita; surgiu problema depois,"21, 22, 23",457
52903,2026-09-23,424,2026-09-23T02:02,2026-09-23T02:02,FELIX SECURITY GABRIEL,Via Sudeste Sapopemba,,,,,False,24,2026-09-28T20:59,False,Não,Sem problema antes,CFTV normal nas 24 h anteriores à visita; surgiu problema depois,"23, 26",458
52904,2026-09-19,485,2026-09-19T01:26,2026-09-19T01:26,Anderson Silva,Via Sudeste Sapopemba,,,,,False,24,2026-09-28T20:59,False,Sim,Não resolvido,nenhuma câmera com problema antes voltou ao normal depois da visita,,459
52905,2026-09-15,657,2026-09-15T00:01,2026-09-15T00:01,FELIX SECURITY GABRIEL,Via Sudeste Sapopemba,,,,,False,24,2026-09-28T20:59,False,Sim,Não resolvido,nenhuma câmera com problema antes voltou ao normal depois da visita,23,460
52906,2026-09-09,57,2026-09-09T00:54,2026-09-09T00:54,FELIX SECURITY GABRIEL,Via Sudeste Sapopemba,,,,,False,24,2026-09-19T01:30,True,Não,Sem problema antes,CFTV normal nas 24 h anteriores à visita; surgiu problema depois,25,461
52906,2026-09-19,484,2026-09-19T01:30,2026-09-19T01:30,Anderson Silva,Via Sudeste Sapopemba,,,,,False,24,2026-09-28T20:59,False,Não,Sem problema antes,CFTV normal nas 24 h anteriores à visita; surgiu problema depois,"21, 22, 23",462
52907,2026-09-25,"374, 360",2026-09-25T01:49,2026-09-25T23:22,"Anderson Silva, FELIX SECURITY GABRIEL",Via Sudeste Sapopemba,"23, 24, 26","21, 22, 24, 26","Cabeamento rompido/danificado, Configuração incorreta da câmera, Sem gravação de imagens","Correção e ajuste da configuração da câmera, Crimpagem correta do conector RJ45, Normalização da gravação de imagens, Substituição do cabeamento",False,24,2026-09-28T20:59,False,Sim,Resolvido com recorrência,"normalizaram, mas voltaram a apresentar problema depois",,463
52909,2026-09-15,654,2026-09-15T00:19,2026-09-15T00:19,FELIX SECURITY GABRIEL,Via Sudeste Sapopemba,,,,,False,24,2026-09-28T20:59,False,Não,Sem problema antes,CFTV normal nas 24 h anteriores à visita; surgiu problema depois,"21, 22",464
52910,2026-08-27,219,2026-08-27T02:00,2026-08-27T02:00,FELIX SECURITY GABRIEL,Via Sudeste Sapopemba,,,,,False,24,2026-09-16T03:19,True,Sem dados,Sem dados para avaliar,visita anterior ao início do monitoramento deste prefixo (31/08/2026 21:32),,465
52910,2026-09-16,581,2026-09-16T03:19,2026-09-16T03:19,Anderson Silva,Via Sudeste Sapopemba,,,,,False,24,2026-09-28T20:59,False,Não,Sem problema antes,CFTV normal nas 24 h anteriores à visita; surgiu problema depois,"21, 22, 23",466
52911,2026-08-27,218,2026-08-27T02:13,2026-08-27T02:13,FELIX SECURITY GABRIEL,Via Sudeste Sapopemba,,,,,False,24,2026-09-23T00:52,True,Sem dados,Sem dados para avaliar,visita anterior ao início do monitoramento deste prefixo (31/08/2026 21:52),,467
52911,2026-09-23,429,2026-09-23T00:52,2026-09-23T00:52,FELIX SECURITY GABRIEL,Via Sudeste Sapopemba,,,,,False,24,2026-09-28T20:59,False,Sim,Não resolvido,nenhuma câmera com problema antes voltou ao normal depois da visita,,468
52913,2026-09-17,535,2026-09-17T01:50,2026-09-17T01:50,FELIX SECURITY GABRIEL,Via Sudeste Sapopemba,,,,,False,24,2026-09-28T20:59,False,Não,Sem problema antes,CFTV normal nas 24 h anteriores à visita; surgiu problema depois,"21, 22, 23, 24, 25",469
52918,2026-09-05,87,2026-09-05T00:21,2026-09-05T00:21,FELIX SECURITY GABRIEL,Via Sudeste Sapopemba,,,,,False,24,2026-09-28T20:59,False,Não,Sem problema antes,CFTV normal nas 24 h anteriores à visita; surgiu problema depois,"21, 22, 23, 24, 25",470
52919,2026-09-16,"583, 572",2026-09-16T03:11,2026-09-16T04:22,Anderson Silva,Via Sudeste Sapopemba,,,,,False,24,2026-09-28T20:59,False,Sim,Não resolvido,nenhuma câmera com problema antes voltou ao normal depois da visita,"21, 22, 23",471
52922,2026-09-23,425,2026-09-23T01:51,2026-09-23T01:51,FELIX SECURITY GABRIEL,Via Sudeste Sapopemba,,,,,False,24,2026-09-28T20:59,False,Não,Sem problema antes,CFTV normal nas 24 h anteriores à visita; continuou normal depois,,472
52923,2026-09-23,428,2026-09-23T00:56,2026-09-23T00:56,FELIX SECURITY GABRIEL,Via Sudeste Sapopemba,,,,,False,24,2026-09-25T23:33,True,Sim,Não resolvido,nenhuma câmera com problema antes voltou ao normal depois da visita,,473
52923,2026-09-25,358,2026-09-25T23:33,2026-09-25T23:33,FELIX SECURITY GABRIEL,Via Sudeste Sapopemba,,,,,False,24,2026-09-28T20:59,False,Sim,Não resolvido,nenhuma câmera com problema antes voltou ao normal depois da visita,,474
52924,2026-08-27,220,2026-08-27T01:59,2026-08-27T01:59,FELIX SECURITY GABRIEL,Via Sudeste Sapopemba,,,,,False,24,2026-09-17T01:45,True,Sem dados,Sem dados para avaliar,visita anterior ao início do monitoramento deste prefixo (31/08/2026 21:45),,475
52924,2026-09-17,536,2026-09-17T01:45,2026-09-17T01:45,FELIX SECURITY GABRIEL,Via Sudeste Sapopemba,,,,,False,24,2026-09-28T20:59,False,Não,Sem problema antes,CFTV normal nas 24 h anteriores à visita; continuou normal depois,,476
52926,2026-08-27,221,2026-08-27T01:52,2026-08-27T01:52,FELIX SECURITY GABRIEL,Via Sudeste Sapopemba,,,,,False,24,2026-09-28T20:59,False,Sem dados,Sem dados para avaliar,visita anterior ao início do monitoramento deste prefixo (31/08/2026 21:43),,477
52932,2026-09-16,587,2026-09-16T03:08,2026-09-16T03:08,Anderson Silva,Via Sudeste Sapopemba,,,,,False,24,2026-09-28T20:59,False,Sim,Resolvido com recorrência,"normalizaram, mas voltaram a apresentar problema depois",,478
52935,2026-09-24,409,2026-09-24T00:20,2026-09-24T00:20,FELIX SECURITY GABRIEL,Via Sudeste Sapopemba,,,,,False,24,2026-09-28T20:59,False,Não,Sem problema antes,CFTV normal nas 24 h anteriores à visita; continuou normal depois,,479
52936,2026-09-16,"579, 570",2026-09-16T03:24,2026-09-16T04:29,Anderson Silva,Via Sudeste Sapopemba,,,,,False,24,2026-09-28T20:59,False,Sim,Não resolvido,nenhuma câmera com problema antes voltou ao normal depois da visita,23,480
52943,2026-09-22,435,2026-09-22T23:42,2026-09-22T23:42,FELIX SECURITY GABRIEL,Via Sudeste Sapopemba,,,,,False,24,2026-09-28T20:59,False,Sim,Resolvido com recorrência,"normalizaram, mas voltaram a apresentar problema depois",,481
52946,2026-08-22,308,2026-08-22T01:23,2026-08-22T01:23,FELIX SECURITY GABRIEL,Via Sudeste Sapopemba,,,,,False,24,2026-09-26T01:05,True,Sem dados,Sem dados para avaliar,visita anterior ao início do monitoramento deste prefixo (31/08/2026 21:22),,482
52946,2026-09-26,352,2026-09-26T01:05,2026-09-26T01:05,FELIX SECURITY GABRIEL,Via Sudeste Sapopemba,,,,,False,24,2026-09-28T20:59,False,Não,Sem problema antes,CFTV normal nas 24 h anteriores à visita; continuou normal depois,,483
52947,2026-09-26,349,2026-09-26T02:46,2026-09-26T02:46,Anderson Silva,Via Sudeste Sapopemba,25,,"RJ45 crimpado incorretamente, Sem gravação de imagens","Correção na conexão dos cabos, Normalização da gravação de imagens",False,24,2026-09-28T20:59,False,Sim,Parcialmente resolvido,parte das câmeras com problema normalizou e parte não,,484
61059,2026-09-04,116,2026-09-04T01:40,2026-09-04T01:40,Jonathan Gonçalves,Viação Grajaú,"21, 26","21, 26","Cabeamento rompido/danificado, Câmera com infiltração, Câmera inoperante, Câmera mal reposicionada, Falha na conexão dos cabos",Reposicionamento adequado da câmera,True,24,2026-09-28T20:59,False,Sim,Parcialmente resolvido,parte das câmeras com problema normalizou e parte não,,485
61063,2026-08-24,289,2026-08-24T21:29,2026-08-24T21:29,Jonathan Gonçalves,Viação Grajaú,,,,,False,24,2026-09-28T20:59,False,Sem dados,Sem dados para avaliar,visita anterior ao início do monitoramento deste prefixo (31/08/2026 21:16),,486
61065,2026-09-17,548,2026-09-17T00:47,2026-09-17T00:47,Jonathan Gonçalves,Viação Grajaú,,,,,False,24,2026-09-28T20:59,False,Sim,Não resolvido,nenhuma câmera com problema antes voltou ao normal depois da visita,24,487
61070,2026-09-21,465,2026-09-21T02:32,2026-09-21T02:32,Jonathan Gonçalves,Viação Grajaú,26,26,Cabeamento rompido/danificado,Reparo do cabeamento,False,24,2026-09-28T20:59,False,Sim,Resolvido com recorrência,"normalizaram, mas voltaram a apresentar problema depois",,488
61071,2026-08-25,274,2026-08-25T02:12,2026-08-25T02:12,Jonathan Gonçalves,Viação Grajaú,"21, 22, 23, 24, 25, 26",21,"Conexões do switch incorretas, Configuração incorreta da câmera, Câmera com infiltração, Câmera inoperante, Falha na conexão dos cabos, Sem gravação de imagens, Switch apresentando falha, Switch não fixado corretamente","Correção da falha no switch, Correção das conexões do switch, Correção e ajuste da configuração da câmera, Correção na conexão dos cabos, Fixação adequada do switch, Normalização da gravação de imagens, Reinicialização da câmera, Substituição do switch",True,24,2026-09-28T20:59,False,Sem dados,Sem dados para avaliar,visita anterior ao início do monitoramento deste prefixo (31/08/2026 21:05),,489
61072,2026-08-31,174,2026-08-31T22:55,2026-08-31T22:55,Jonathan Gonçalves,Viação Grajaú,"21, 22, 23, 24, 25, 26",,"Configuração incorreta da câmera, Sem gravação de imagens","Correção e ajuste da configuração da câmera, Normalização da gravação de imagens",False,24,2026-09-28T20:59,False,Sim,Resolvido com recorrência,"normalizaram, mas voltaram a apresentar problema depois",,490
61097,2026-08-26,252,2026-08-26T00:50,2026-08-26T00:50,Jonathan Gonçalves,Viação Grajaú,21,21,Configuração incorreta da câmera,Correção e ajuste da configuração da câmera,False,24,2026-09-28T20:59,False,Sem dados,Sem dados para avaliar,visita anterior ao início do monitoramento deste prefixo (31/08/2026 21:54),,491
61213,2026-09-15,627,2026-09-15T22:15,2026-09-15T22:15,Jonathan Gonçalves,Viação Grajaú,,,,,False,24,2026-09-28T20:59,False,Sim,Resolvido,todas as câmeras com problema antes normalizaram e não voltaram a falhar,,492
61215,2026-08-21,325,2026-08-21T21:07,2026-08-21T21:07,Jonathan Gonçalves,Viação Grajaú,"21, 22, 23",,Falha na conexão dos cabos,Correção na conexão dos cabos,False,24,2026-09-28T20:59,False,Sem dados,Sem dados para avaliar,visita anterior ao início do monitoramento deste prefixo (31/08/2026 21:30),,493
61224,2026-09-15,628,2026-09-15T22:04,2026-09-15T22:04,Jonathan Gonçalves,Viação Grajaú,"21, 22, 23","21, 22, 23",Câmera removida por terceiros,,False,24,2026-09-28T20:59,False,Sim,Não resolvido,nenhuma câmera com problema antes voltou ao normal depois da visita,,494
61228,2026-09-16,610,2026-09-16T01:31,2026-09-16T01:31,Jonathan Gonçalves,Viação Grajaú,21,21,Câmera travada,Reinicialização da câmera,False,24,2026-09-28T20:59,False,Não,Sem problema antes,CFTV normal nas 24 h anteriores à visita; surgiu problema depois,22,495
61237,2026-09-09,55,2026-09-09T01:08,2026-09-09T01:08,Jonathan Gonçalves,Viação Grajaú,23,23,Câmera travada,Reinicialização da câmera,False,24,2026-09-28T20:59,False,Sim,Resolvido com recorrência,"normalizaram, mas voltaram a apresentar problema depois","21, 22",496
61273,2026-09-19,489,2026-09-19T00:36,2026-09-19T00:36,Jonathan Gonçalves,Viação Grajaú,23,23,"Câmera com infiltração, Sem gravação de imagens",,True,24,2026-09-28T20:59,False,Não,Sem problema antes,CFTV normal nas 24 h anteriores à visita; continuou normal depois,,497
61282,2026-09-03,125,2026-09-03T22:11,2026-09-03T22:11,Jonathan Gonçalves,Viação Grajaú,"21, 23","21, 23","Câmera com infiltração, Câmera mal reposicionada",Reposicionamento adequado da câmera,True,24,2026-09-19T00:18,True,Sim,Não resolvido,nenhuma câmera com problema antes voltou ao normal depois da visita,,498
61282,2026-09-19,490,2026-09-19T00:18,2026-09-19T00:18,Jonathan Gonçalves,Viação Grajaú,23,23,"Câmera com infiltração, Câmera sem cartão de memória, Sem gravação de imagens",Inserção ou substituição do cartão de memória,True,24,2026-09-28T20:59,False,Sim,Não resolvido,nenhuma câmera com problema antes voltou ao normal depois da visita,,499
61284,2026-09-21,458,2026-09-21T21:59,2026-09-21T21:59,Jonathan Gonçalves,Viação Grajaú,21,21,Câmera mal reposicionada,Reposicionamento adequado da câmera,False,24,2026-09-28T20:59,False,Não,Sem problema antes,CFTV normal nas 24 h anteriores à visita; continuou normal depois,,500
61290,2026-08-30,186,2026-08-30T23:06,2026-08-30T23:06,Jonathan Gonçalves,Viação Grajaú,23,23,"Câmera com infiltração, Sem gravação de imagens","Inserção ou substituição do cartão de memória, Reinicialização da câmera",True,24,2026-09-28T20:59,False,Sem dados,Sem dados para avaliar,visita anterior ao início do monitoramento deste prefixo (31/08/2026 21:54),,501
61294,2026-08-31,184,2026-08-31T00:16,2026-08-31T00:16,Jonathan Gonçalves,Viação Grajaú,21,21,"Configuração incorreta da câmera, Câmera travada, Sem gravação de imagens","Correção e ajuste da configuração da câmera, Normalização da gravação de imagens, Reinicialização da câmera",False,24,2026-09-28T20:59,False,Sem dados,Sem dados para avaliar,visita anterior ao início do monitoramento deste prefixo (31/08/2026 21:07),,502
61295,2026-09-21,457,2026-09-21T22:15,2026-09-21T22:15,Jonathan Gonçalves,Viação Grajaú,23,23,Câmera mal reposicionada,Reposicionamento adequado da câmera,False,24,2026-09-28T20:59,False,Não,Sem problema antes,CFTV normal nas 24 h anteriores à visita; continuou normal depois,,503
61311,2026-09-08,67,2026-09-08T22:29,2026-09-08T22:29,Jonathan Gonçalves,Viação Grajaú,,,,,False,24,2026-09-21T01:26,True,Sim,Resolvido com recorrência,"normalizaram, mas voltaram a apresentar problema depois",,504
61311,2026-09-21,466,2026-09-21T01:26,2026-09-21T01:26,Jonathan Gonçalves,Viação Grajaú,23,23,,Correção e ajuste da configuração da câmera,False,24,2026-09-28T20:59,False,Sim,Resolvido com recorrência,"normalizaram, mas voltaram a apresentar problema depois",,505
61314,2026-08-22,319,2026-08-22T00:43,2026-08-22T00:43,Jonathan Gonçalves,Viação Grajaú,24,24,Câmera travada,Reinicialização da câmera,False,24,2026-09-15T23:46,True,Sem dados,Sem dados para avaliar,visita anterior ao início do monitoramento deste prefixo (31/08/2026 21:49),,506
61314,2026-09-15,625,2026-09-15T23:46,2026-09-15T23:46,Jonathan Gonçalves,Viação Grajaú,"21, 22, 23",,Switch apresentando falha,Substituição do switch,False,24,2026-09-28T20:59,False,Sim,Resolvido com recorrência,"normalizaram, mas voltaram a apresentar problema depois",,507
61316,2026-09-16,602,2026-09-16T02:21,2026-09-16T02:21,Jonathan Gonçalves,Viação Grajaú,24,24,"Câmera travada, Sem gravação de imagens",Reinicialização da câmera,False,24,2026-09-28T20:59,False,Sim,Parcialmente resolvido,parte das câmeras com problema normalizou e parte não,,508
61323,2026-09-01,172,2026-09-01T00:00,2026-09-01T00:00,Jonathan Gonçalves,Viação Grajaú,"21, 22, 23, 24, 25, 26",21,"Configuração incorreta da câmera, Câmera mal reposicionada, Câmera não fixada corretamente, Sem gravação de imagens","Correção e ajuste da configuração da câmera, Fixação adequada da câmera, Normalização da gravação de imagens, Reposicionamento adequado da câmera",False,24,2026-09-28T20:59,False,Sim,Resolvido com recorrência,"normalizaram, mas voltaram a apresentar problema depois","23, 24, 25, 26",509
61327,2026-08-23,297,2026-08-23T23:42,2026-08-23T23:42,Jonathan Gonçalves,Viação Grajaú,21,21,Câmera com infiltração,"Inserção ou substituição do cartão de memória, Substituição da câmera defeituosa",False,24,2026-09-16T02:00,True,Sem dados,Sem dados para avaliar,visita anterior ao início do monitoramento deste prefixo (31/08/2026 21:19),,510
61327,2026-09-16,608,2026-09-16T02:00,2026-09-16T02:00,Jonathan Gonçalves,Viação Grajaú,23,23,Falha na conexão dos cabos,Correção na conexão dos cabos,False,24,2026-09-28T20:59,False,Sim,Resolvido com recorrência,"normalizaram, mas voltaram a apresentar problema depois","21, 22",511
61328,2026-08-20,337,2026-08-20T22:56,2026-08-20T22:56,Jonathan Gonçalves,Viação Grajaú,"21, 26","21, 26","Cabeamento rompido/danificado, Câmera com infiltração",,True,24,2026-08-24T01:52,True,Sem dados,Sem dados para avaliar,visita anterior ao início do monitoramento deste prefixo (31/08/2026 21:44),,512
61328,2026-08-24,295,2026-08-24T01:52,2026-08-24T01:52,Jonathan Gonçalves,Viação Grajaú,"21, 26","21, 26","Câmera com infiltração, Câmera inoperante","Inserção ou substituição do cartão de memória, Substituição da câmera defeituosa",True,24,2026-09-28T20:59,False,Sem dados,Sem dados para avaliar,visita anterior ao início do monitoramento deste prefixo (31/08/2026 21:44),,513
61331,2026-08-24,294,2026-08-24T03:15,2026-08-24T03:15,Jonathan Gonçalves,Viação Grajaú,"21, 26","21, 26","Câmera com infiltração, Câmera inoperante","Inserção ou substituição do cartão de memória, Substituição da câmera defeituosa",True,24,2026-09-28T20:59,False,Sem dados,Sem dados para avaliar,visita anterior ao início do monitoramento deste prefixo (31/08/2026 21:52),,514
61334,2026-09-17,528,2026-09-17T02:53,2026-09-17T02:53,Jonathan Gonçalves,Viação Grajaú,"21, 22, 23, 24, 25, 26",,Switch apresentando falha,Substituição do switch,False,24,2026-09-28T20:59,False,Sim,Resolvido com recorrência,"normalizaram, mas voltaram a apresentar problema depois",,515
61335,2026-09-04,120,2026-09-04T00:19,2026-09-04T00:19,Jonathan Gonçalves,Viação Grajaú,21,21,Câmera mal reposicionada,Reposicionamento adequado da câmera,False,24,2026-09-28T20:59,False,Não,Sem problema antes,CFTV normal nas 24 h anteriores à visita; surgiu problema depois,"21, 22, 23",516
61337,2026-08-22,322,2026-08-22T00:16,2026-08-22T00:16,Jonathan Gonçalves,Viação Grajaú,25,25,Cabeamento rompido/danificado,"Crimpagem correta do conector RJ45, Substituição do cabeamento",False,24,2026-09-28T20:59,False,Sem dados,Sem dados para avaliar,visita anterior ao início do monitoramento deste prefixo (31/08/2026 21:19),,517
61350,2026-09-23,421,2026-09-23T02:55,2026-09-23T02:55,Jonathan Gonçalves,Viação Grajaú,21,21,"Câmera removida por terceiros, Câmera sem cartão de memória","Ativação da câmera, Correção e ajuste da configuração da câmera, Fixação adequada da câmera, Instalação da câmera removida",True,24,2026-09-28T20:59,False,Sim,Não resolvido,nenhuma câmera com problema antes voltou ao normal depois da visita,,518
61375,2026-08-24,284,2026-08-24T22:43,2026-08-24T22:43,Jonathan Gonçalves,Viação Grajaú,"21, 22, 23, 24, 25, 26",,Configuração incorreta da câmera,Correção e ajuste da configuração da câmera,False,24,2026-09-28T20:59,False,Sem dados,Sem dados para avaliar,visita anterior ao início do monitoramento deste prefixo (31/08/2026 21:29),,519
61379,2026-08-21,336,2026-08-21T00:18,2026-08-21T00:18,Jonathan Gonçalves,Viação Grajaú,22,,Switch apresentando falha,Substituição do switch,False,24,2026-09-04T23:16,True,Sem dados,Sem dados para avaliar,visita anterior ao início do monitoramento deste prefixo (31/08/2026 21:52),,520
61379,2026-09-04,95,2026-09-04T23:16,2026-09-04T23:16,Jonathan Gonçalves,Viação Grajaú,"21, 23","21, 23","Câmera mal reposicionada, Câmera travada","Normalização da gravação de imagens, Reposicionamento adequado da câmera",False,24,2026-09-28T20:59,False,Sim,Resolvido com recorrência,"normalizaram, mas voltaram a apresentar problema depois","22, 23, 24, 25",521
61384,2026-09-03,138,2026-09-03T02:22,2026-09-03T02:22,Jonathan Gonçalves,Viação Grajaú,,,,,False,24,2026-09-28T20:59,False,Sim,Resolvido com recorrência,"normalizaram, mas voltaram a apresentar problema depois",,522
61414,2026-09-18,494,2026-09-18T23:39,2026-09-18T23:39,Jonathan Gonçalves,Viação Grajaú,21,21,Câmera mal reposicionada,Reposicionamento adequado da câmera,False,24,2026-09-28T20:59,False,Não,Sem problema antes,CFTV normal nas 24 h anteriores à visita; surgiu problema depois,"21, 22, 23",523
61417,2026-09-04,98,2026-09-04T21:23,2026-09-04T21:23,Jonathan Gonçalves,Viação Grajaú,"21, 22, 23","21, 22, 23",Sem gravação de imagens,Normalização da gravação de imagens,False,24,2026-09-28T20:59,False,Não,Sem problema antes,CFTV normal nas 24 h anteriores à visita; surgiu problema depois,"21, 22, 23",524
61418,2026-09-09,52,2026-09-09T02:18,2026-09-09T02:18,Jonathan Gonçalves,Viação Grajaú,"21, 22","21, 22",Câmera mal reposicionada,Reposicionamento adequado da câmera,False,24,2026-09-28T20:59,False,Não,Sem problema antes,CFTV normal nas 24 h anteriores à visita; surgiu problema depois,"21, 22, 23",525
61421,2026-09-03,126,2026-09-03T21:50,2026-09-03T21:50,Jonathan Gonçalves,Viação Grajaú,"21, 22","21, 22","Câmera inoperante, Câmera travada, Sem gravação de imagens","Correção e ajuste da configuração da câmera, Normalização da gravação de imagens, Reinicialização da câmera",False,24,2026-09-28T20:59,False,Sim,Resolvido,todas as câmeras com problema antes normalizaram e não voltaram a falhar,,526
61449,2026-09-01,166,2026-09-01T01:53,2026-09-01T01:53,Jonathan Gonçalves,Viação Grajaú,22,"22, 23","Câmera travada, Sem gravação de imagens","Normalização da gravação de imagens, Reinicialização da câmera",False,24,2026-09-28T20:59,False,Sim,Resolvido com recorrência,"normalizaram, mas voltaram a apresentar problema depois","21, 23",527
61454,2026-09-22,438,2026-09-22T22:08,2026-09-22T22:08,Jonathan Gonçalves,Viação Grajaú,23,,Câmera travada,Reinicialização da câmera,False,24,2026-09-28T20:59,False,Sim,Resolvido,todas as câmeras com problema antes normalizaram e não voltaram a falhar,,528
61511,2026-09-03,141,2026-09-03T01:55,2026-09-03T01:55,Jonathan Gonçalves,Viação Grajaú,"21, 22, 23, 24, 25, 26",,"Cabeamento rompido/danificado, Conexões do switch incorretas, Configuração incorreta da câmera, Câmera inoperante, Falha na conexão dos cabos, Sem gravação de imagens","Correção da falha no switch, Correção das conexões do switch, Correção e ajuste da configuração da câmera, Correção na conexão dos cabos, Crimpagem correta do conector RJ45, Fixação adequada do switch, Normalização da gravação de imagens, Reparo do cabeamento, Substituição do switch",True,24,2026-09-16T22:39,True,Sim,Resolvido com recorrência,"normalizaram, mas voltaram a apresentar problema depois",,529
61511,2026-09-16,562,2026-09-16T22:39,2026-09-16T22:39,Jonathan Gonçalves,Viação Grajaú,"21, 22, 23, 24, 25, 26",,Fusível queimado,Substituição do fusível,False,24,2026-09-28T20:59,False,Sim,Parcialmente resolvido,parte das câmeras com problema normalizou e parte não,,530
61514,2026-09-08,66,2026-09-08T22:53,2026-09-08T22:53,Jonathan Gonçalves,Viação Grajaú,26,26,Câmera mal reposicionada,Reposicionamento adequado da câmera,False,24,2026-09-28T20:59,False,Não,Sem problema antes,CFTV normal nas 24 h anteriores à visita; surgiu problema depois,25,531
61519,2026-08-21,333,2026-08-21T01:51,2026-08-21T01:51,Jonathan Gonçalves,Viação Grajaú,25,25,"Câmera com infiltração, Câmera inoperante",,True,24,2026-09-28T20:59,False,Sem dados,Sem dados para avaliar,visita anterior ao início do monitoramento deste prefixo (31/08/2026 21:56),,532
61523,2026-08-25,270,2026-08-25T20:58,2026-08-25T20:58,Jonathan Gonçalves,Viação Grajaú,"21, 22, 23, 24, 25, 26",,Câmera removida por terceiros,,False,24,2026-09-28T20:59,False,Sem dados,Sem dados para avaliar,visita anterior ao início do monitoramento deste prefixo (31/08/2026 23:18),,533
61524,2026-08-26,259,2026-08-26T00:32,2026-08-26T00:32,Jonathan Gonçalves,Viação Grajaú,26,26,RJ45 crimpado incorretamente,Crimpagem correta do conector RJ45,False,24,2026-09-28T20:59,False,Sem dados,Sem dados para avaliar,visita anterior ao início do monitoramento deste prefixo (31/08/2026 21:49),,534
61533,2026-08-23,298,2026-08-23T22:48,2026-08-23T22:48,Jonathan Gonçalves,Viação Grajaú,"21, 22, 23","21, 22, 23","Câmera com infiltração, Câmera inoperante","Inserção ou substituição do cartão de memória, Substituição da câmera defeituosa",True,24,2026-09-28T20:59,False,Sem dados,Sem dados para avaliar,visita anterior ao início do monitoramento deste prefixo (31/08/2026 21:53),,535
61541,2026-08-22,310,2026-08-22T01:31,2026-08-22T01:31,Jonathan Gonçalves,Viação Grajaú,"21, 23, 24, 25, 26","21, 22, 23, 24, 25, 26","Cabeamento rompido/danificado, Câmera com sinal de vandalismo, Câmera removida por terceiros",Substituição do fusível,True,24,2026-09-28T20:59,False,Sem dados,Sem dados para avaliar,visita anterior ao início do monitoramento deste prefixo (31/08/2026 21:08),,536
61549,2026-08-22,302,2026-08-22T02:48,2026-08-22T02:48,Jonathan Gonçalves,Viação Grajaú,"21, 22, 23, 25",,Switch apresentando falha,Substituição do switch,False,24,2026-09-28T20:59,False,Sem dados,Sem dados para avaliar,visita anterior ao início do monitoramento deste prefixo (31/08/2026 21:28),,537
61558,2026-09-07,73,2026-09-07T21:53,2026-09-07T21:53,Jonathan Gonçalves,Viação Grajaú,"21, 22, 23, 24, 25, 26",,Conexões do switch incorretas,"Correção das conexões do switch, Correção na conexão dos cabos",False,24,2026-09-28T20:59,False,Sim,Resolvido com recorrência,"normalizaram, mas voltaram a apresentar problema depois",,538
61562,2026-08-22,315,2026-08-22T01:07,2026-08-22T01:07,Jonathan Gonçalves,Viação Grajaú,"22, 25, 26","22, 25, 26",RJ45 crimpado incorretamente,Crimpagem correta do conector RJ45,True,24,2026-09-28T20:59,False,Sem dados,Sem dados para avaliar,visita anterior ao início do monitoramento deste prefixo (31/08/2026 21:17),,539
61569,2026-09-09,64,2026-09-09T00:01,2026-09-09T00:01,Jonathan Gonçalves,Viação Grajaú,"21, 22","21, 22","Cabeamento rompido/danificado, Câmera com infiltração","Reparo do cabeamento, Reposicionamento adequado da câmera",False,24,2026-09-28T20:59,False,Sim,Resolvido com recorrência,"normalizaram, mas voltaram a apresentar problema depois","21, 23, 25",540
61571,2026-09-17,552,2026-09-17T00:17,2026-09-17T00:17,Jonathan Gonçalves,Viação Grajaú,"21, 22, 23, 24, 25, 26","21, 26","Cabeamento rompido/danificado, Conexões do switch incorretas, Câmera mal reposicionada, Falha na conexão dos cabos","Correção da falha no switch, Correção das conexões do switch, Correção na conexão dos cabos, Reparo do cabeamento, Reposicionamento adequado da câmera",False,24,2026-09-28T20:59,False,Sim,Resolvido com recorrência,"normalizaram, mas voltaram a apresentar problema depois",,541
61574,2026-08-25,269,2026-08-25T22:12,2026-08-25T22:12,Jonathan Gonçalves,Viação Grajaú,"21, 22, 23, 24, 25, 26",21,"Conexões do switch incorretas, Configuração incorreta da câmera, Câmera mal reposicionada, Falha na conexão dos cabos","Correção da falha no switch, Correção e ajuste da configuração da câmera, Correção na conexão dos cabos, Reposicionamento adequado da câmera",False,24,2026-09-28T20:59,False,Sem dados,Sem dados para avaliar,visita anterior ao início do monitoramento deste prefixo (31/08/2026 21:32),,542
61584,2026-09-07,72,2026-09-07T22:50,2026-09-07T22:50,Jonathan Gonçalves,Viação Grajaú,25,25,Sem gravação de imagens,Normalização da gravação de imagens,False,24,2026-09-28T20:59,False,Sim,Resolvido com recorrência,"normalizaram, mas voltaram a apresentar problema depois","21, 26",543
61587,2026-09-19,491,2026-09-19T00:02,2026-09-19T00:02,Jonathan Gonçalves,Viação Grajaú,21,21,Câmera mal reposicionada,Reposicionamento adequado da câmera,False,24,2026-09-28T20:59,False,Não,Sem problema antes,CFTV normal nas 24 h anteriores à visita; surgiu problema depois,"22, 25",544
61589,2026-09-21,451,2026-09-21T23:31,2026-09-21T23:31,Jonathan Gonçalves,Viação Grajaú,22,22,Câmera mal reposicionada,Reposicionamento adequado da câmera,False,24,2026-09-28T20:59,False,Sim,Resolvido,todas as câmeras com problema antes normalizaram e não voltaram a falhar,24,545
61642,2026-08-25,263,2026-08-25T23:33,2026-08-25T23:33,Jonathan Gonçalves,Viação Grajaú,,,,,False,24,2026-09-28T20:59,False,Sem dados,Sem dados para avaliar,visita anterior ao início do monitoramento deste prefixo (31/08/2026 21:16),,546
61651,2026-09-22,447,2026-09-22T00:37,2026-09-22T00:37,Jonathan Gonçalves,Viação Grajaú,"21, 25","21, 25","Cabeamento rompido/danificado, Câmera mal reposicionada","Crimpagem correta do conector RJ45, Reparo do cabeamento, Reposicionamento adequado da câmera",False,24,2026-09-28T20:59,False,Sim,Resolvido,todas as câmeras com problema antes normalizaram e não voltaram a falhar,,547
61654,2026-09-18,503,2026-09-18T22:02,2026-09-18T22:02,Jonathan Gonçalves,Viação Grajaú,"21, 22","21, 22",Câmera mal reposicionada,Reposicionamento adequado da câmera,False,24,2026-09-28T20:59,False,Não,Sem problema antes,CFTV normal nas 24 h anteriores à visita; surgiu problema depois,21,548
61659,2026-09-03,135,2026-09-03T02:54,2026-09-03T02:54,Jonathan Gonçalves,Viação Grajaú,21,21,Câmera mal reposicionada,Reposicionamento adequado da câmera,False,24,2026-09-28T20:59,False,Sim,Resolvido,todas as câmeras com problema antes normalizaram e não voltaram a falhar,,549
61660,2026-09-05,86,2026-09-05T00:22,2026-09-05T00:22,Jonathan Gonçalves,Viação Grajaú,24,24,Sem gravação de imagens,Normalização da gravação de imagens,False,24,2026-09-28T20:59,False,Sim,Resolvido com recorrência,"normalizaram, mas voltaram a apresentar problema depois",21,550
61663,2026-09-05,77,2026-09-05T02:05,2026-09-05T02:05,Jonathan Gonçalves,Viação Grajaú,21,21,Câmera mal reposicionada,Reposicionamento adequado da câmera,False,24,2026-09-28T20:59,False,Não,Sem problema antes,CFTV normal nas 24 h anteriores à visita; continuou normal depois,,551
61665,2026-09-05,81,2026-09-05T01:36,2026-09-05T01:36,Jonathan Gonçalves,Viação Grajaú,"21, 22, 23, 24, 26",21,"Câmera mal reposicionada, Sem gravação de imagens","Normalização da gravação de imagens, Reposicionamento adequado da câmera",False,24,2026-09-28T20:59,False,Sem dados,Sem dados para avaliar,visita anterior ao início do monitoramento deste prefixo (09/09/2026 16:50),,552
61677,2026-09-03,124,2026-09-03T22:34,2026-09-03T22:34,Jonathan Gonçalves,Viação Grajaú,26,26,Câmera travada,Reinicialização da câmera,True,24,2026-09-28T20:59,False,Sim,Resolvido,todas as câmeras com problema antes normalizaram e não voltaram a falhar,21,553
61679,2026-08-31,182,2026-08-31T02:03,2026-08-31T02:03,Jonathan Gonçalves,Viação Grajaú,25,25,Sem gravação de imagens,Normalização da gravação de imagens,False,24,2026-09-28T20:59,False,Sem dados,Sem dados para avaliar,visita anterior ao início do monitoramento deste prefixo (31/08/2026 21:17),,554
61680,2026-09-04,97,2026-09-04T22:07,2026-09-04T22:07,Jonathan Gonçalves,Viação Grajaú,26,"24, 26",Câmera com infiltração,,True,24,2026-09-28T20:59,False,Sim,Resolvido com recorrência,"normalizaram, mas voltaram a apresentar problema depois",,555
61726,2026-09-08,69,2026-09-08T02:06,2026-09-08T02:06,Jonathan Gonçalves,Viação Grajaú,"21, 26","21, 26",Câmera mal reposicionada,"Fixação adequada da câmera, Reposicionamento adequado da câmera",False,24,2026-09-28T20:59,False,Sem dados,Sem dados para avaliar,Prefixo sem registros no monitoramento,,556
61735,2026-08-31,183,2026-08-31T00:58,2026-08-31T00:58,Jonathan Gonçalves,Viação Grajaú,21,21,Sem gravação de imagens,Normalização da gravação de imagens,False,24,2026-09-28T20:59,False,Sem dados,Sem dados para avaliar,visita anterior ao início do monitoramento deste prefixo (31/08/2026 21:29),,557
61745,2026-09-04,123,2026-09-04T00:01,2026-09-04T00:01,Jonathan Gonçalves,Viação Grajaú,"21, 22, 23, 24, 25, 26",,"Conexões do switch incorretas, Falha na conexão dos cabos, Switch apresentando falha","Correção da falha no switch, Fixação adequada do switch",False,24,2026-09-28T20:59,False,Sim,Resolvido com recorrência,"normalizaram, mas voltaram a apresentar problema depois",,558
61750,2026-08-24,296,2026-08-24T00:52,2026-08-24T00:52,Jonathan Gonçalves,Viação Grajaú,21,21,"Câmera com infiltração, Câmera inoperante","Inserção ou substituição do cartão de memória, Substituição da câmera defeituosa",False,24,2026-09-28T20:59,False,Sem dados,Sem dados para avaliar,visita anterior ao início do monitoramento deste prefixo (31/08/2026 21:57),,559
61756,2026-08-25,267,2026-08-25T22:59,2026-08-25T22:59,Jonathan Gonçalves,Viação Grajaú,25,25,Câmera inoperante,Reinicialização da câmera,True,24,2026-09-28T20:59,False,Sem dados,Sem dados para avaliar,visita anterior ao início do monitoramento deste prefixo (31/08/2026 21:28),,560
61761,2026-09-04,119,2026-09-04T01:03,2026-09-04T01:03,Jonathan Gonçalves,Viação Grajaú,"21, 22, 23, 24, 25, 26",,"Conexões do switch incorretas, Falha na conexão dos cabos","Correção das conexões do switch, Correção na conexão dos cabos",False,24,2026-09-28T20:59,False,Sim,Parcialmente resolvido,parte das câmeras com problema normalizou e parte não,,561
61766,2026-09-20,468,2026-09-20T22:01,2026-09-20T22:01,Jonathan Gonçalves,Viação Grajaú,26,26,Cabeamento rompido/danificado,"Crimpagem correta do conector RJ45, Reparo do cabeamento",False,24,2026-09-28T20:59,False,Sim,Resolvido com recorrência,"normalizaram, mas voltaram a apresentar problema depois","21, 22, 23, 24, 25",562
61793,2026-09-21,467,2026-09-21T00:49,2026-09-21T00:49,Jonathan Gonçalves,Viação Grajaú,"22, 23, 26",23,"Conexões do switch incorretas, Câmera com infiltração, Câmera inoperante",Correção na conexão dos cabos,True,24,2026-09-28T20:59,False,Sim,Parcialmente resolvido,parte das câmeras com problema normalizou e parte não,,563
61795,2026-09-08,70,2026-09-08T01:32,2026-09-08T01:32,Jonathan Gonçalves,Viação Grajaú,23,23,Sem gravação de imagens,Normalização da gravação de imagens,False,24,2026-09-28T20:59,False,Sim,Resolvido com recorrência,"normalizaram, mas voltaram a apresentar problema depois","21, 22, 24",564
61796,2026-09-04,93,2026-09-04T23:38,2026-09-04T23:38,Jonathan Gonçalves,Viação Grajaú,26,26,Sem gravação de imagens,Normalização da gravação de imagens,False,24,2026-09-28T20:59,False,Sim,Resolvido,todas as câmeras com problema antes normalizaram e não voltaram a falhar,21,565
61810,2026-08-25,278,2026-08-25T00:09,2026-08-25T00:09,Jonathan Gonçalves,Viação Grajaú,25,25,Cabeamento rompido/danificado,Reparo do cabeamento,False,24,2026-09-28T20:59,False,Sem dados,Sem dados para avaliar,visita anterior ao início do monitoramento deste prefixo (31/08/2026 21:41),,566
61812,2026-09-08,71,2026-09-08T00:29,2026-09-08T00:29,Jonathan Gonçalves,Viação Grajaú,26,26,"Cabeamento rompido/danificado, Câmera mal reposicionada","Reparo do cabeamento, Reposicionamento adequado da câmera",False,24,2026-09-28T20:59,False,Sim,Resolvido,todas as câmeras com problema antes normalizaram e não voltaram a falhar,24,567
68002,2026-08-26,"241, 240",2026-08-26T03:43,2026-08-26T03:46,Rafael Menezes Rocha,A2 Transportes,21,,"Configuração incorreta da câmera, Câmera mal reposicionada, Câmera sem cartão de memória, Câmera travada","Correção e ajuste da configuração da câmera, Inserção ou substituição do cartão de memória, Normalização da gravação de imagens, Reinicialização da câmera",False,24,2026-09-28T20:59,False,Sem dados,Sem dados para avaliar,visita anterior ao início do monitoramento deste prefixo (31/08/2026 21:21),,568
68023,2026-08-31,177,2026-08-31T05:19,2026-08-31T05:19,Rafael Menezes Rocha,A2 Transportes,21,,"Configuração incorreta da câmera, Câmera travada","Correção e ajuste da configuração da câmera, Normalização da gravação de imagens, Reinicialização da câmera",True,24,2026-09-28T20:59,False,Sem dados,Sem dados para avaliar,visita anterior ao início do monitoramento deste prefixo (31/08/2026 21:10),,569
68043,2026-09-16,574,2026-09-16T03:56,2026-09-16T03:56,Rafael Menezes Rocha,A2 Transportes,"21, 22",,"Configuração incorreta da câmera, Câmera travada","Correção e ajuste da configuração da câmera, Normalização da gravação de imagens, Reinicialização da câmera",False,24,2026-09-28T20:59,False,Sim,Resolvido com recorrência,"normalizaram, mas voltaram a apresentar problema depois",,570
68055,2026-08-28,200,2026-08-28T01:29,2026-08-28T01:29,Rafael Menezes Rocha,A2 Transportes,21,,"Configuração incorreta da câmera, Câmera travada","Correção e ajuste da configuração da câmera, Normalização da gravação de imagens, Reinicialização da câmera",False,24,2026-09-28T20:59,False,Sem dados,Sem dados para avaliar,visita anterior ao início do monitoramento deste prefixo (31/08/2026 21:37),,571
68107,2026-09-03,133,2026-09-03T03:03,2026-09-03T03:03,Rafael Menezes Rocha,A2 Transportes,21,,"Configuração incorreta da câmera, Câmera travada","Correção e ajuste da configuração da câmera, Reinicialização da câmera",True,24,2026-09-28T20:59,False,Sim,Resolvido,todas as câmeras com problema antes normalizaram e não voltaram a falhar,,572
68120,2026-08-24,290,2026-08-24T05:41,2026-08-24T05:41,Rafael Menezes Rocha,A2 Transportes,21,,"Configuração incorreta da câmera, Câmera travada","Ativação da câmera, Correção e ajuste da configuração da câmera, Normalização da gravação de imagens, Reinicialização da câmera",False,24,2026-08-27T00:00,True,Sem dados,Sem dados para avaliar,visita anterior ao início do monitoramento deste prefixo (31/08/2026 21:59),,573
68120,2026-08-27,233,2026-08-27T00:00,2026-08-27T00:00,Rafael Menezes Rocha,A2 Transportes,21,,"Configuração incorreta da câmera, Câmera travada","Correção e ajuste da configuração da câmera, Normalização da gravação de imagens, Reinicialização da câmera",False,24,2026-09-28T20:59,False,Sem dados,Sem dados para avaliar,visita anterior ao início do monitoramento deste prefixo (31/08/2026 21:59),,574
68143,2026-08-28,197,2026-08-28T02:59,2026-08-28T02:59,Rafael Menezes Rocha,A2 Transportes,21,,"Configuração incorreta da câmera, Câmera travada","Correção e ajuste da configuração da câmera, Normalização da gravação de imagens, Reinicialização da câmera",False,24,2026-09-03T03:35,True,Sem dados,Sem dados para avaliar,visita anterior ao início do monitoramento deste prefixo (31/08/2026 21:41),,575
68143,2026-09-03,128,2026-09-03T03:35,2026-09-03T03:35,Rafael Menezes Rocha,A2 Transportes,21,,"Configuração incorreta da câmera, Câmera travada","Correção e ajuste da configuração da câmera, Normalização da gravação de imagens, Reinicialização da câmera",False,24,2026-09-28T20:59,False,Sim,Resolvido com recorrência,"normalizaram, mas voltaram a apresentar problema depois",,576
68153,2026-08-31,178,2026-08-31T05:16,2026-08-31T05:16,Rafael Menezes Rocha,A2 Transportes,21,,"Configuração incorreta da câmera, Câmera travada","Correção e ajuste da configuração da câmera, Normalização da gravação de imagens, Reinicialização da câmera",False,24,2026-09-28T20:59,False,Sem dados,Sem dados para avaliar,visita anterior ao início do monitoramento deste prefixo (31/08/2026 21:07),,577
68199,2026-09-01,164,2026-09-01T03:54,2026-09-01T03:54,Rafael Menezes Rocha,A2 Transportes,21,,"Configuração incorreta da câmera, Câmera travada","Correção e ajuste da configuração da câmera, Normalização da gravação de imagens, Reinicialização da câmera",False,24,2026-09-04T00:08,True,Não,Sem problema antes,CFTV normal nas 24 h anteriores à visita; continuou normal depois,,578
68199,2026-09-04,122,2026-09-04T00:08,2026-09-04T00:08,Rafael Menezes Rocha,A2 Transportes,21,,"Configuração incorreta da câmera, Câmera travada","Correção e ajuste da configuração da câmera, Normalização da gravação de imagens, Reinicialização da câmera",False,24,2026-09-28T20:59,False,Não,Sem problema antes,CFTV normal nas 24 h anteriores à visita; surgiu problema depois,21,579
68218,2026-08-25,271,2026-08-25T03:51,2026-08-25T03:51,Rafael Menezes Rocha,A2 Transportes,21,,"Configuração incorreta da câmera, Câmera travada","Correção e ajuste da configuração da câmera, Normalização da gravação de imagens, Reinicialização da câmera",False,24,2026-09-28T20:59,False,Sem dados,Sem dados para avaliar,visita anterior ao início do monitoramento deste prefixo (01/09/2026 03:54),,580
68260,2026-08-31,179,2026-08-31T04:38,2026-08-31T04:38,Rafael Menezes Rocha,A2 Transportes,21,,"Câmera inoperante, Veículo sem bateria",,False,24,2026-09-28T20:59,False,Sem dados,Sem dados para avaliar,Prefixo sem registros no monitoramento,,581
68265,2026-08-29,191,2026-08-29T01:52,2026-08-29T01:52,Rafael Menezes Rocha,A2 Transportes,21,,"Configuração incorreta da câmera, Câmera travada","Correção e ajuste da configuração da câmera, Normalização da gravação de imagens, Reinicialização da câmera",False,24,2026-09-28T20:59,False,Sem dados,Sem dados para avaliar,visita anterior ao início do monitoramento deste prefixo (31/08/2026 21:20),,582
68284,2026-08-24,291,2026-08-24T05:38,2026-08-24T05:38,Rafael Menezes Rocha,A2 Transportes,21,,"Configuração incorreta da câmera, Câmera travada","Correção e ajuste da configuração da câmera, Normalização da gravação de imagens, Reinicialização da câmera",False,24,2026-09-28T20:59,False,Sem dados,Sem dados para avaliar,visita anterior ao início do monitoramento deste prefixo (31/08/2026 22:55),,583
68286,2026-08-22,304,2026-08-22T02:23,2026-08-22T02:23,Rafael Menezes Rocha,A2 Transportes,21,,"Configuração incorreta da câmera, Câmera travada, Fusível queimado","Correção e ajuste da configuração da câmera, Normalização da gravação de imagens, Reinicialização da câmera, Substituição do fusível",False,24,2026-09-28T20:59,False,Sem dados,Sem dados para avaliar,visita anterior ao início do monitoramento deste prefixo (31/08/2026 21:09),,584
68290,2026-09-04,104,2026-09-04T03:59,2026-09-04T03:59,Rafael Menezes Rocha,A2 Transportes,21,,"Configuração incorreta da câmera, Câmera travada","Correção e ajuste da configuração da câmera, Normalização da gravação de imagens, Reinicialização da câmera",False,24,2026-09-28T20:59,False,Não,Sem problema antes,CFTV normal nas 24 h anteriores à visita; surgiu problema depois,21,585
68345,2026-08-21,"332, 331",2026-08-21T02:47,2026-08-21T02:52,Rafael Menezes Rocha,A2 Transportes,21,,"Configuração incorreta da câmera, Câmera mal reposicionada, Câmera travada","Correção e ajuste da configuração da câmera, Normalização da gravação de imagens, Reinicialização da câmera, Reposicionamento adequado da câmera",False,24,2026-09-28T20:59,False,Sem dados,Sem dados para avaliar,visita anterior ao início do monitoramento deste prefixo (31/08/2026 21:27),,586
68405,2026-08-22,311,2026-08-22T01:26,2026-08-22T01:26,Rafael Menezes Rocha,A2 Transportes,21,,"Configuração incorreta da câmera, Câmera travada","Correção e ajuste da configuração da câmera, Normalização da gravação de imagens, Reinicialização da câmera",False,24,2026-09-28T20:59,False,Sem dados,Sem dados para avaliar,visita anterior ao início do monitoramento deste prefixo (01/09/2026 02:54),,587
68429,2026-08-24,281,2026-08-24T23:49,2026-08-24T23:49,Rafael Menezes Rocha,A2 Transportes,21,,"Configuração incorreta da câmera, Câmera travada","Correção e ajuste da configuração da câmera, Normalização da gravação de imagens, Reinicialização da câmera",False,24,2026-09-28T20:59,False,Sem dados,Sem dados para avaliar,visita anterior ao início do monitoramento deste prefixo (31/08/2026 21:04),,588
68465,2026-09-16,605,2026-09-16T02:12,2026-09-16T02:12,Rafael Menezes Rocha,A2 Transportes,"21, 22","21, 22","Configuração incorreta da câmera, Câmera travada","Correção e ajuste da configuração da câmera, Normalização da gravação de imagens, Reinicialização da câmera",False,24,2026-09-28T20:59,False,Não,Sem problema antes,CFTV normal nas 24 h anteriores à visita; surgiu problema depois,"21, 22",589
68508,2026-09-25,372,2026-09-25T02:50,2026-09-25T02:50,Rafael Menezes Rocha,A2 Transportes,"21, 22",21,"Configuração incorreta da câmera, Câmera inoperante, Câmera mal reposicionada, Câmera travada, Falha na conexão dos cabos","Correção e ajuste da configuração da câmera, Normalização da gravação de imagens, Reinicialização da câmera, Reposicionamento adequado da câmera",False,24,2026-09-28T20:59,False,Sim,Resolvido,todas as câmeras com problema antes normalizaram e não voltaram a falhar,,590
68582,2026-09-16,598,2026-09-16T02:35,2026-09-16T02:35,Rafael Menezes Rocha,A2 Transportes,"21, 22",,"Configuração incorreta da câmera, Câmera travada","Correção e ajuste da configuração da câmera, Normalização da gravação de imagens",False,24,2026-09-28T20:59,False,Não,Sem problema antes,CFTV normal nas 24 h anteriores à visita; continuou normal depois,,591
68589,2026-09-16,599,2026-09-16T02:29,2026-09-16T02:29,Rafael Menezes Rocha,A2 Transportes,"21, 22","21, 22","Cabeamento rompido/danificado, Configuração incorreta da câmera, Câmera inoperante, Câmera mal reposicionada, Câmera travada, RJ45 crimpado incorretamente, Sem gravação de imagens","Ativação da câmera, Correção e ajuste da configuração da câmera, Normalização da gravação de imagens, Reinicialização da câmera",False,24,2026-09-28T20:59,False,Sem dados,Sem dados para avaliar,visita anterior ao início do monitoramento deste prefixo (18/09/2026 10:12),,592
68591,2026-08-25,279,2026-08-25T00:10,2026-08-25T00:10,Rafael Menezes Rocha,A2 Transportes,21,,"Configuração incorreta da câmera, Câmera travada","Correção e ajuste da configuração da câmera, Normalização da gravação de imagens, Reinicialização da câmera",False,24,2026-09-28T20:59,False,Sem dados,Sem dados para avaliar,visita anterior ao início do monitoramento deste prefixo (31/08/2026 21:09),,593
68594,2026-09-16,"603, 601",2026-09-16T02:17,2026-09-16T02:23,Rafael Menezes Rocha,A2 Transportes,"21, 22","21, 22","Configuração incorreta da câmera, Câmera inoperante, Câmera mal reposicionada, Câmera travada, Sem gravação de imagens","Ativação da câmera, Correção e ajuste da configuração da câmera, Inserção ou substituição do cartão de memória, Normalização da gravação de imagens, Reinicialização da câmera, Reposicionamento adequado da câmera",False,24,2026-09-28T20:59,False,Sem dados,Sem dados para avaliar,visita anterior ao início do monitoramento deste prefixo (18/09/2026 10:33),,594
68599,2026-09-26,350,2026-09-26T01:23,2026-09-26T01:23,Rafael Menezes Rocha,A2 Transportes,"21, 22",,"Configuração incorreta da câmera, Câmera inoperante, Câmera mal reposicionada, Câmera travada, Sem gravação de imagens","Correção e ajuste da configuração da câmera, Inserção ou substituição do cartão de memória, Normalização da gravação de imagens, Reinicialização da câmera, Reposicionamento adequado da câmera",False,24,2026-09-28T20:59,False,Sim,Resolvido,todas as câmeras com problema antes normalizaram e não voltaram a falhar,,595
68603,2026-09-24,392,2026-09-24T01:55,2026-09-24T01:55,Rafael Menezes Rocha,A2 Transportes,"21, 22",,"Configuração incorreta da câmera, Câmera inoperante, Câmera travada","Correção e ajuste da configuração da câmera, Normalização da gravação de imagens, Reinicialização da câmera",False,24,2026-09-28T20:59,False,Sim,Resolvido,todas as câmeras com problema antes normalizaram e não voltaram a falhar,,596
68620,2026-08-29,189,2026-08-29T02:18,2026-08-29T02:18,Rafael Menezes Rocha,A2 Transportes,21,,"Configuração incorreta da câmera, Câmera travada","Correção e ajuste da configuração da câmera, Normalização da gravação de imagens, Reinicialização da câmera",False,24,2026-09-28T20:59,False,Sem dados,Sem dados para avaliar,visita anterior ao início do monitoramento deste prefixo (18/09/2026 10:49),,597
68634,2026-08-26,239,2026-08-26T04:04,2026-08-26T04:04,Rafael Menezes Rocha,A2 Transportes,21,,"Configuração incorreta da câmera, Câmera travada","Correção e ajuste da configuração da câmera, Normalização da gravação de imagens, Reinicialização da câmera",False,24,2026-09-28T20:59,False,Sem dados,Sem dados para avaliar,visita anterior ao início do monitoramento deste prefixo (31/08/2026 21:32),,598
68639,2026-09-17,517,2026-09-17T04:18,2026-09-17T04:18,Rafael Menezes Rocha,A2 Transportes,21,"21, 22","Configuração incorreta da câmera, Câmera inoperante, Câmera mal reposicionada, Câmera travada",Substituição do switch,False,24,2026-09-28T20:59,False,Sem dados,Sem dados para avaliar,visita anterior ao início do monitoramento deste prefixo (18/09/2026 10:48),,599
68640,2026-09-17,514,2026-09-17T05:12,2026-09-17T05:12,Rafael Menezes Rocha,A2 Transportes,21,,"Configuração incorreta da câmera, Câmera travada","Correção e ajuste da configuração da câmera, Normalização da gravação de imagens, Reinicialização da câmera",False,24,2026-09-28T20:59,False,Sem dados,Sem dados para avaliar,visita anterior ao início do monitoramento deste prefixo (18/09/2026 11:08),,600
68652,2026-09-24,386,2026-09-24T02:35,2026-09-24T02:35,Rafael Menezes Rocha,A2 Transportes,"21, 22",,"Configuração incorreta da câmera, Câmera inoperante, Câmera travada","Correção e ajuste da configuração da câmera, Normalização da gravação de imagens, Reinicialização da câmera",False,24,2026-09-28T20:59,False,Não,Sem problema antes,CFTV normal nas 24 h anteriores à visita; continuou normal depois,,601
68657,2026-09-17,516,2026-09-17T04:44,2026-09-17T04:44,Rafael Menezes Rocha,A2 Transportes,"21, 22","21, 22","Configuração incorreta da câmera, Câmera inoperante, Câmera mal reposicionada, Câmera travada, RJ45 crimpado incorretamente","Correção e ajuste da configuração da câmera, Normalização da gravação de imagens, Reinicialização da câmera",False,24,2026-09-28T20:59,False,Sem dados,Sem dados para avaliar,visita anterior ao início do monitoramento deste prefixo (18/09/2026 11:10),,602
68665,2026-08-27,212,2026-08-27T03:05,2026-08-27T03:05,Rafael Menezes Rocha,A2 Transportes,21,,"Configuração incorreta da câmera, Câmera travada","Correção e ajuste da configuração da câmera, Normalização da gravação de imagens, Reinicialização da câmera",False,24,2026-09-28T20:59,False,Sem dados,Sem dados para avaliar,visita anterior ao início do monitoramento deste prefixo (01/09/2026 13:27),,603
68890,2026-08-21,330,2026-08-21T03:09,2026-08-21T03:09,Rafael Menezes Rocha,A2 Transportes,21,,"Configuração incorreta da câmera, Câmera travada","Correção e ajuste da configuração da câmera, Normalização da gravação de imagens, Reinicialização da câmera",False,24,2026-09-28T20:59,False,Sem dados,Sem dados para avaliar,visita anterior ao início do monitoramento deste prefixo (31/08/2026 21:39),,604
73004,2026-09-22,444,2026-09-22T01:51,2026-09-22T01:51,Abner Melo,Viação Metrópole Pinedo,24,,"Conexões do switch incorretas, Configuração incorreta da câmera, Câmera inoperante, Sem gravação de imagens","Correção da falha no switch, Correção e ajuste da configuração da câmera, Normalização da gravação de imagens, Reinicialização da câmera",False,24,2026-09-28T20:59,False,Não,Sem problema antes,CFTV normal nas 24 h anteriores à visita; continuou normal depois,,605
73008,2026-08-24,288,2026-08-24T22:32,2026-08-24T22:32,Abner Melo,Viação Metrópole Pinedo,26,26,Sem gravação de imagens,"Normalização da gravação de imagens, Reinicialização da câmera",False,24,2026-09-28T20:59,False,Sem dados,Sem dados para avaliar,visita anterior ao início do monitoramento deste prefixo (31/08/2026 21:26),,606
73011,2026-08-27,209,2026-08-27T04:20,2026-08-27T04:20,Abner Melo,Viação Metrópole Pinedo,26,25,"Configuração incorreta da câmera, Câmera inoperante, RJ45 crimpado incorretamente, Sem gravação de imagens","Correção e ajuste da configuração da câmera, Crimpagem correta do conector RJ45, Normalização da gravação de imagens, Reinicialização da câmera",False,24,2026-09-28T20:59,False,Sem dados,Sem dados para avaliar,visita anterior ao início do monitoramento deste prefixo (31/08/2026 21:01),,607
73123,2026-08-27,217,2026-08-27T02:41,2026-08-27T02:41,Abner Melo,Viação Metrópole Pinedo,22,22,"Configuração incorreta da câmera, Câmera travada, RJ45 crimpado incorretamente, Sem gravação de imagens","Correção e ajuste da configuração da câmera, Crimpagem correta do conector RJ45, Normalização da gravação de imagens, Reinicialização da câmera",False,24,2026-09-28T20:59,False,Sem dados,Sem dados para avaliar,visita anterior ao início do monitoramento deste prefixo (31/08/2026 21:23),,608
73203,2026-09-17,555,2026-09-17T00:08,2026-09-17T00:08,John Lima,Viação Metrópole M'Boi Mirim,"21, 22, 23","21, 22, 23","Cabeamento rompido/danificado, Câmera inoperante, Câmera mal reposicionada","Ativação da câmera, Reposicionamento adequado da câmera, Substituição da câmera defeituosa, Substituição do cabeamento",False,24,2026-09-28T20:59,False,Sim,Resolvido,todas as câmeras com problema antes normalizaram e não voltaram a falhar,,609
73216,2026-08-29,195,2026-08-29T00:53,2026-08-29T00:53,John Lima,Viação Metrópole M'Boi Mirim,"21, 22","21, 22","Cabeamento rompido/danificado, Câmera inoperante, Câmera mal reposicionada",Reposicionamento adequado da câmera,True,24,2026-09-28T20:59,False,Sem dados,Sem dados para avaliar,visita anterior ao início do monitoramento deste prefixo (31/08/2026 21:11),,610
73219,2026-09-24,381,2026-09-24T03:22,2026-09-24T03:22,John Lima,Viação Metrópole M'Boi Mirim,"21, 22, 23","21, 22, 23","Configuração incorreta da câmera, Câmera mal reposicionada","Correção e ajuste da configuração da câmera, Reposicionamento adequado da câmera",False,24,2026-09-28T20:59,False,Não,Sem problema antes,CFTV normal nas 24 h anteriores à visita; continuou normal depois,,611
73228,2026-08-28,199,2026-08-28T01:40,2026-08-28T01:40,John Lima,Viação Metrópole M'Boi Mirim,"21, 22","21, 22","Cabeamento rompido/danificado, Câmera inoperante, Câmera mal reposicionada","Ativação da câmera, Reinicialização da câmera, Reposicionamento adequado da câmera, Substituição do cabeamento",False,24,2026-09-28T20:59,False,Sem dados,Sem dados para avaliar,visita anterior ao início do monitoramento deste prefixo (31/08/2026 21:11),,612
73357,2026-09-17,518,2026-09-17T03:44,2026-09-17T03:44,John Lima,Viação Metrópole M'Boi Mirim,"21, 22","21, 22","Cabeamento rompido/danificado, Câmera inoperante, Câmera mal reposicionada","Ativação da câmera, Reposicionamento adequado da câmera, Substituição da câmera defeituosa, Substituição do cabeamento",False,24,2026-09-28T20:59,False,Sem dados,Sem dados para avaliar,visita posterior ao fim do monitoramento deste prefixo (14/09/2026 10:45),,613
73358,2026-08-29,190,2026-08-29T02:02,2026-08-29T02:02,John Lima,Viação Metrópole M'Boi Mirim,21,21,"Cabeamento rompido/danificado, Câmera inoperante, Falha na conexão dos cabos","Ativação da câmera, Correção na conexão dos cabos, Reinicialização da câmera, Substituição do cabeamento",False,24,2026-08-31T06:15,True,Sem dados,Sem dados para avaliar,visita anterior ao início do monitoramento deste prefixo (31/08/2026 21:40),,614
73358,2026-08-31,176,2026-08-31T06:15,2026-08-31T06:15,John Lima,Viação Metrópole M'Boi Mirim,21,21,"Cabeamento rompido/danificado, Câmera inoperante, Falha na conexão dos cabos","Ativação da câmera, Reinicialização da câmera, Reposicionamento adequado da câmera, Substituição do cabeamento",False,24,2026-09-28T20:59,False,Sem dados,Sem dados para avaliar,visita anterior ao início do monitoramento deste prefixo (31/08/2026 21:40),,615
73362,2026-09-16,595,2026-09-16T02:44,2026-09-16T02:44,John Lima,Viação Metrópole M'Boi Mirim,21,21,"Cabeamento rompido/danificado, Câmera inoperante","Ativação da câmera, Reinicialização da câmera, Substituição do cabeamento",False,24,2026-09-28T20:59,False,Sim,Resolvido com recorrência,"normalizaram, mas voltaram a apresentar problema depois",,616
73371,2026-08-26,258,2026-08-26T00:29,2026-08-26T00:29,John Lima,Viação Metrópole M'Boi Mirim,"21, 22, 23","21, 22, 23","Cabeamento rompido/danificado, Câmera inoperante, Câmera mal reposicionada, Falha na conexão dos cabos","Ativação da câmera, Reinicialização da câmera, Reposicionamento adequado da câmera, Substituição do cabeamento",False,24,2026-09-28T20:59,False,Sem dados,Sem dados para avaliar,visita anterior ao início do monitoramento deste prefixo (31/08/2026 21:11),,617
73376,2026-08-31,173,2026-08-31T23:30,2026-08-31T23:30,John Lima,Viação Metrópole M'Boi Mirim,21,21,"Cabeamento rompido/danificado, Câmera inoperante","Ativação da câmera, Reinicialização da câmera, Substituição do cabeamento",False,24,2026-09-28T20:59,False,Sim,Resolvido,todas as câmeras com problema antes normalizaram e não voltaram a falhar,,618
73381,2026-09-25,364,2026-09-25T09:40,2026-09-25T09:40,John Lima,Viação Metrópole M'Boi Mirim,21,21,"Cabeamento rompido/danificado, Câmera inoperante","Ativação da câmera, Substituição da câmera defeituosa, Substituição do cabeamento",False,24,2026-09-28T20:59,False,Sim,Resolvido,todas as câmeras com problema antes normalizaram e não voltaram a falhar,,619
73403,2026-09-28,342,2026-09-28T02:45,2026-09-28T02:45,John Lima,Viação Metrópole M'Boi Mirim,"21, 22, 23","21, 22, 23","Cabeamento rompido/danificado, Câmera inoperante, Câmera mal reposicionada, Sem gravação de imagens","Ativação da câmera, Normalização da gravação de imagens, Reposicionamento adequado da câmera, Substituição do cabeamento",False,24,2026-09-28T20:59,False,Sim,Resolvido,todas as câmeras com problema antes normalizaram e não voltaram a falhar,,620
73424,2026-08-25,276,2026-08-25T00:42,2026-08-25T00:42,John Lima,Viação Metrópole M'Boi Mirim,"21, 22, 23","21, 22, 23","Configuração incorreta da câmera, Câmera mal reposicionada","Correção e ajuste da configuração da câmera, Reposicionamento adequado da câmera",False,24,2026-09-28T20:59,False,Sem dados,Sem dados para avaliar,visita anterior ao início do monitoramento deste prefixo (31/08/2026 21:25),,621
73452,2026-09-01,168,2026-09-01T01:20,2026-09-01T01:20,John Lima,Viação Metrópole M'Boi Mirim,"21, 22, 23","21, 22, 23","Configuração incorreta da câmera, Câmera mal reposicionada","Correção e ajuste da configuração da câmera, Reposicionamento adequado da câmera",False,24,2026-09-28T20:59,False,Sim,Resolvido,todas as câmeras com problema antes normalizaram e não voltaram a falhar,,622
73453,2026-08-21,327,2026-08-21T10:40,2026-08-21T10:40,John Lima,Viação Metrópole M'Boi Mirim,"21, 22, 23","21, 22, 23","Configuração incorreta da câmera, Câmera mal reposicionada","Correção e ajuste da configuração da câmera, Reposicionamento adequado da câmera",False,24,2026-09-28T20:59,False,Sem dados,Sem dados para avaliar,Prefixo sem registros no monitoramento,,623
73456,2026-08-21,334,2026-08-21T00:43,2026-08-21T00:43,John Lima,Viação Metrópole M'Boi Mirim,"21, 22, 23","21, 22, 23","Configuração incorreta da câmera, Câmera mal reposicionada","Correção e ajuste da configuração da câmera, Reposicionamento adequado da câmera",False,24,2026-09-28T20:59,False,Sem dados,Sem dados para avaliar,visita anterior ao início do monitoramento deste prefixo (31/08/2026 21:01),,624
73471,2026-08-28,198,2026-08-28T02:40,2026-08-28T02:40,John Lima,Viação Metrópole M'Boi Mirim,"21, 22, 23","21, 22, 23","Configuração incorreta da câmera, Câmera mal reposicionada","Correção e ajuste da configuração da câmera, Reposicionamento adequado da câmera",False,24,2026-09-28T20:59,False,Sem dados,Sem dados para avaliar,visita anterior ao início do monitoramento deste prefixo (31/08/2026 21:22),,625
73476,2026-08-24,285,2026-08-24T22:43,2026-08-24T22:43,John Lima,Viação Metrópole M'Boi Mirim,"21, 22, 23","21, 22, 23","Configuração incorreta da câmera, Câmera mal reposicionada, Sem gravação de imagens","Ativação da câmera, Correção e ajuste da configuração da câmera, Normalização da gravação de imagens, Reinicialização da câmera, Reposicionamento adequado da câmera",False,24,2026-09-28T20:59,False,Sem dados,Sem dados para avaliar,visita anterior ao início do monitoramento deste prefixo (31/08/2026 21:29),,626
73479,2026-08-31,175,2026-08-31T07:17,2026-08-31T07:17,John Lima,Viação Metrópole M'Boi Mirim,"21, 22, 23","21, 22, 23","Configuração incorreta da câmera, Câmera mal reposicionada","Correção e ajuste da configuração da câmera, Reposicionamento adequado da câmera",False,24,2026-09-28T20:59,False,Sem dados,Sem dados para avaliar,visita anterior ao início do monitoramento deste prefixo (31/08/2026 21:54),,627
73480,2026-08-25,262,2026-08-25T23:33,2026-08-25T23:33,John Lima,Viação Metrópole M'Boi Mirim,"21, 22, 23","21, 22, 23","Configuração incorreta da câmera, Câmera mal reposicionada","Correção e ajuste da configuração da câmera, Reposicionamento adequado da câmera",False,24,2026-09-28T20:59,False,Sem dados,Sem dados para avaliar,visita anterior ao início do monitoramento deste prefixo (31/08/2026 21:42),,628
73611,2026-08-25,277,2026-08-25T00:12,2026-08-25T00:12,John Lima,Viação Metrópole M'Boi Mirim,"21, 22, 23, 24, 25, 26","21, 22, 23, 24, 25, 26","Conexões do switch incorretas, Configuração incorreta da câmera, Câmera mal reposicionada","Ativação da câmera, Correção das conexões do switch, Correção e ajuste da configuração da câmera, Reinicialização da câmera, Reposicionamento adequado da câmera",False,24,2026-09-28T20:59,False,Sem dados,Sem dados para avaliar,visita anterior ao início do monitoramento deste prefixo (31/08/2026 21:05),,629
73612,2026-09-24,384,2026-09-24T02:45,2026-09-24T02:45,John Lima,Viação Metrópole M'Boi Mirim,"21, 25","21, 25",Câmera mal reposicionada,Reposicionamento adequado da câmera,False,24,2026-09-28T20:59,False,Não,Sem problema antes,CFTV normal nas 24 h anteriores à visita; surgiu problema depois,26,630
73614,2026-09-14,659,2026-09-14T23:41,2026-09-14T23:41,John Lima,Viação Metrópole M'Boi Mirim,"21, 22, 23, 24, 25, 26","21, 22, 23, 24, 25, 26","Configuração incorreta da câmera, Câmera mal reposicionada, Sem gravação de imagens","Ativação da câmera, Correção e ajuste da configuração da câmera, Normalização da gravação de imagens, Reinicialização da câmera, Reposicionamento adequado da câmera",False,24,2026-09-28T20:59,False,Não,Sem problema antes,CFTV normal nas 24 h anteriores à visita; surgiu problema depois,"21, 22, 23, 24, 25, 26",631
73619,2026-08-28,201,2026-08-28T00:51,2026-08-28T00:51,John Lima,Viação Metrópole M'Boi Mirim,"21, 22, 23, 24, 25, 26",,Veículo sem bateria,,False,24,2026-09-28T20:59,False,Sem dados,Sem dados para avaliar,visita anterior ao início do monitoramento deste prefixo (10/09/2026 09:45),,632
73620,2026-09-04,105,2026-09-04T03:52,2026-09-04T03:52,John Lima,Viação Metrópole M'Boi Mirim,"21, 25","21, 25","Cabeamento rompido/danificado, Câmera inoperante, Câmera mal reposicionada","Ativação da câmera, Reparo do cabeamento, Reposicionamento adequado da câmera",False,24,2026-09-28T20:59,False,Não,Sem problema antes,CFTV normal nas 24 h anteriores à visita; surgiu problema depois,"21, 22, 23, 25",633
73621,2026-08-21,326,2026-08-21T10:48,2026-08-21T10:48,John Lima,Viação Metrópole M'Boi Mirim,,"21, 22, 23, 24, 25, 26",,,False,24,2026-09-28T20:59,False,Sem dados,Sem dados para avaliar,visita anterior ao início do monitoramento deste prefixo (31/08/2026 21:14),,634
73642,2026-09-25,376,2026-09-25T01:18,2026-09-25T01:18,John Lima,Viação Metrópole M'Boi Mirim,26,26,"Cabeamento rompido/danificado, Câmera inoperante","Ativação da câmera, Correção e ajuste da configuração da câmera, Reinicialização da câmera, Reparo do cabeamento",False,24,2026-09-28T20:59,False,Sim,Resolvido,todas as câmeras com problema antes normalizaram e não voltaram a falhar,,635
73767,2026-09-16,616,2026-09-16T00:55,2026-09-16T00:55,Abner Melo,Viação Metrópole Pinedo,"21, 22, 23, 24, 25, 26","21, 22, 23, 24, 25, 26","Configuração incorreta da câmera, Câmera inoperante, Câmera sem cartão de memória, Sem gravação de imagens","Correção e ajuste da configuração da câmera, Inserção ou substituição do cartão de memória, Normalização da gravação de imagens, Reinicialização da câmera",False,24,2026-09-28T20:59,False,Sim,Resolvido,todas as câmeras com problema antes normalizaram e não voltaram a falhar,,636
73775,2026-09-22,449,2026-09-22T00:20,2026-09-22T00:20,Abner Melo,Viação Metrópole Pinedo,"25, 26","25, 26","Configuração incorreta da câmera, Câmera inoperante, Câmera sem cartão de memória, Sem gravação de imagens","Correção e ajuste da configuração da câmera, Fixação adequada da câmera, Inserção ou substituição do cartão de memória, Normalização da gravação de imagens, Reinicialização da câmera, Reposicionamento adequado da câmera, Substituição da câmera defeituosa",False,24,2026-09-28T20:59,False,Sim,Parcialmente resolvido,parte das câmeras com problema normalizou e parte não,,637
73776,2026-09-24,395,2026-09-24T01:50,2026-09-24T01:50,Abner Melo,Viação Metrópole Pinedo,21,21,"Cabeamento rompido/danificado, Configuração incorreta da câmera, Câmera desligada manualmente, Câmera inoperante, RJ45 crimpado incorretamente, Sem gravação de imagens","Correção e ajuste da configuração da câmera, Inserção ou substituição do cartão de memória, Normalização da gravação de imagens, Reinicialização da câmera, Reparo do cabeamento, Reposicionamento adequado da câmera",False,24,2026-09-28T20:59,False,Sim,Sem dados para avaliar,sem registros depois da visita para as câmeras com problema,,638
73785,2026-09-16,618,2026-09-16T00:43,2026-09-16T00:43,Abner Melo,Viação Metrópole Pinedo,"21, 22, 23, 24, 25, 26","21, 22, 23, 24, 25, 26","Configuração incorreta da câmera, Câmera inoperante, Câmera sem cartão de memória, Sem gravação de imagens","Correção e ajuste da configuração da câmera, Inserção ou substituição do cartão de memória, Normalização da gravação de imagens, Reinicialização da câmera",False,24,2026-09-28T20:59,False,Sim,Resolvido,todas as câmeras com problema antes normalizaram e não voltaram a falhar,,639
73796,2026-09-24,399,2026-09-24T01:25,2026-09-24T01:25,Abner Melo,Viação Metrópole Pinedo,21,21,"Cabeamento rompido/danificado, Configuração incorreta da câmera, Câmera inoperante, RJ45 crimpado incorretamente, Sem gravação de imagens","Correção e ajuste da configuração da câmera, Crimpagem correta do conector RJ45, Inserção ou substituição do cartão de memória, Normalização da gravação de imagens, Reinicialização da câmera",False,24,2026-09-28T20:59,False,Sim,Resolvido,todas as câmeras com problema antes normalizaram e não voltaram a falhar,,640
73803,2026-09-24,405,2026-09-24T00:37,2026-09-24T00:37,Abner Melo,Viação Metrópole Pinedo,21,,"Câmera com infiltração, Câmera inoperante, Sem gravação de imagens","Ativação da câmera, Correção e ajuste da configuração da câmera, Fixação adequada da câmera, Inserção ou substituição do cartão de memória, Normalização da gravação de imagens, Reinicialização da câmera, Reposicionamento adequado da câmera, Substituição da câmera defeituosa",False,24,2026-09-28T20:59,False,Sim,Resolvido,todas as câmeras com problema antes normalizaram e não voltaram a falhar,,641
73827,2026-08-27,208,2026-08-27T04:26,2026-08-27T04:26,Abner Melo,Viação Metrópole Pinedo,21,21,"Câmera com infiltração, Câmera inoperante, Sem gravação de imagens",,True,24,2026-09-28T20:59,False,Sem dados,Sem dados para avaliar,visita anterior ao início do monitoramento deste prefixo (31/08/2026 21:08),,642
73829,2026-08-24,283,2026-08-24T23:32,2026-08-24T23:32,Abner Melo,Viação Metrópole Pinedo,"21, 25","21, 25","Cabeamento rompido/danificado, Configuração incorreta da câmera, Sem gravação de imagens","Correção e ajuste da configuração da câmera, Normalização da gravação de imagens, Reinicialização da câmera, Reparo do cabeamento, Substituição do cabeamento",False,24,2026-09-28T20:59,False,Sem dados,Sem dados para avaliar,visita anterior ao início do monitoramento deste prefixo (31/08/2026 21:09),,643
73840,2026-09-22,445,2026-09-22T01:39,2026-09-22T01:39,Abner Melo,Viação Metrópole Pinedo,21,21,"Cabeamento rompido/danificado, Câmera com infiltração, Câmera inoperante, Câmera não fixada corretamente, Câmera removida por terceiros, Câmera sem cartão de memória, RJ45 crimpado incorretamente, Sem gravação de imagens","Ativação da câmera, Correção e ajuste da configuração da câmera, Crimpagem correta do conector RJ45, Fixação adequada da câmera, Inserção ou substituição do cartão de memória, Normalização da gravação de imagens, Reinicialização da câmera, Reparo do cabeamento, Reposicionamento adequado da câmera, Substituição da câmera defeituosa",False,24,2026-09-28T20:59,False,Sim,Parcialmente resolvido,parte das câmeras com problema normalizou e parte não,,644
73851,2026-08-25,266,2026-08-25T23:13,2026-08-25T23:13,Abner Melo,Viação Metrópole Pinedo,"22, 26","22, 26","Cabeamento rompido/danificado, Configuração incorreta da câmera, Câmera inoperante, Câmera mal reposicionada, Sem gravação de imagens","Correção e ajuste da configuração da câmera, Normalização da gravação de imagens, Reinicialização da câmera, Reparo do cabeamento, Reposicionamento adequado da câmera, Substituição do cabeamento",False,24,2026-09-28T20:59,False,Sem dados,Sem dados para avaliar,visita anterior ao início do monitoramento deste prefixo (31/08/2026 21:21),,645
73861,2026-08-24,287,2026-08-24T22:45,2026-08-24T22:45,Abner Melo,Viação Metrópole Pinedo,21,21,"Configuração incorreta da câmera, Câmera inoperante, RJ45 crimpado incorretamente, Sem gravação de imagens","Correção e ajuste da configuração da câmera, Crimpagem correta do conector RJ45, Normalização da gravação de imagens, Reinicialização da câmera",False,24,2026-09-28T20:59,False,Sem dados,Sem dados para avaliar,visita anterior ao início do monitoramento deste prefixo (02/09/2026 11:43),,646
73864,2026-09-22,446,2026-09-22T00:55,2026-09-22T00:55,Abner Melo,Viação Metrópole Pinedo,"25, 26","25, 26","Configuração incorreta da câmera, Câmera inoperante, Sem gravação de imagens","Correção e ajuste da configuração da câmera, Normalização da gravação de imagens, Reinicialização da câmera, Substituição da câmera defeituosa",False,24,2026-09-28T20:59,False,Sim,Resolvido com recorrência,"normalizaram, mas voltaram a apresentar problema depois",,647
73866,2026-08-25,280,2026-08-25T00:06,2026-08-25T00:06,Abner Melo,Viação Metrópole Pinedo,22,22,Sem gravação de imagens,"Correção e ajuste da configuração da câmera, Normalização da gravação de imagens, Reinicialização da câmera",False,24,2026-09-28T20:59,False,Sem dados,Sem dados para avaliar,visita anterior ao início do monitoramento deste prefixo (31/08/2026 21:22),,648
73888,2026-08-24,286,2026-08-24T22:56,2026-08-24T22:56,Abner Melo,Viação Metrópole Pinedo,26,26,"Configuração incorreta da câmera, Sem gravação de imagens","Correção e ajuste da configuração da câmera, Normalização da gravação de imagens, Reinicialização da câmera",False,24,2026-09-28T20:59,False,Sem dados,Sem dados para avaliar,visita anterior ao início do monitoramento deste prefixo (31/08/2026 21:39),,649
73903,2026-08-27,207,2026-08-27T04:30,2026-08-27T04:30,Abner Melo,Viação Metrópole Pinedo,21,21,"Configuração incorreta da câmera, Câmera inoperante, RJ45 crimpado incorretamente, Sem gravação de imagens","Correção e ajuste da configuração da câmera, Crimpagem correta do conector RJ45, Normalização da gravação de imagens, Reinicialização da câmera",False,24,2026-09-28T20:59,False,Sem dados,Sem dados para avaliar,visita anterior ao início do monitoramento deste prefixo (31/08/2026 21:45),,650
73916,2026-09-02,163,2026-09-02T11:03,2026-09-02T11:03,Luiz Rodrigo,Viação Metrópole Pinedo,21,,Câmera mal reposicionada,Reposicionamento adequado da câmera,False,24,2026-09-28T20:59,False,Não,Sem problema antes,CFTV normal nas 24 h anteriores à visita; surgiu problema depois,"21, 23",651
73921,2026-08-24,282,2026-08-24T23:43,2026-08-24T23:43,Abner Melo,Viação Metrópole Pinedo,21,21,"Cabeamento rompido/danificado, Configuração incorreta da câmera, Câmera inoperante, Sem gravação de imagens","Correção e ajuste da configuração da câmera, Correção na conexão dos cabos, Normalização da gravação de imagens, Reinicialização da câmera, Reparo do cabeamento, Substituição do cabeamento",False,24,2026-09-28T20:59,False,Sem dados,Sem dados para avaliar,visita anterior ao início do monitoramento deste prefixo (31/08/2026 21:49),,652
73923,2026-09-28,344,2026-09-28T02:08,2026-09-28T02:08,John Lima,Viação Metrópole M'Boi Mirim,21,21,Câmera mal reposicionada,Reposicionamento adequado da câmera,True,24,2026-09-28T20:59,False,Não,Sem problema antes,CFTV normal nas 24 h anteriores à visita; continuou normal depois,,653
73924,2026-08-26,238,2026-08-26T22:55,2026-08-26T22:55,John Lima,Viação Metrópole M'Boi Mirim,"21, 22, 23, 24, 25, 26","21, 22, 23, 24, 25, 26","Configuração incorreta da câmera, Câmera inoperante, Câmera mal reposicionada","Correção e ajuste da configuração da câmera, Reposicionamento adequado da câmera, Substituição do cabeamento",True,24,2026-09-28T20:59,False,Sem dados,Sem dados para avaliar,visita anterior ao início do monitoramento deste prefixo (31/08/2026 21:04),,654
73925,2026-09-04,"111, 108, 99",2026-09-04T02:01,2026-09-04T13:18,John Lima,Viação Metrópole M'Boi Mirim,"21, 22, 23, 24, 25, 26","21, 22, 23, 24, 25, 26","Cabeamento rompido/danificado, Câmera inoperante, Câmera removida por terceiros, Switch apresentando falha","Ativação da câmera, Correção das conexões do switch, Correção na conexão dos cabos, Inserção ou substituição do cartão de memória, Instalação da câmera removida, Reinicialização da câmera, Reparo do cabeamento, Substituição da câmera defeituosa, Substituição do switch",False,24,2026-09-28T20:59,False,Sim,Resolvido com recorrência,"normalizaram, mas voltaram a apresentar problema depois",,655
73926,2026-09-28,346,2026-09-28T01:41,2026-09-28T01:41,John Lima,Viação Metrópole M'Boi Mirim,"21, 22, 23, 24, 25, 26","21, 22, 23, 24, 25, 26","Cabeamento rompido/danificado, Configuração incorreta da câmera, Câmera inoperante, Câmera mal reposicionada, Sem gravação de imagens","Ativação da câmera, Correção e ajuste da configuração da câmera, Normalização da gravação de imagens, Reposicionamento adequado da câmera, Substituição do cabeamento",False,24,2026-09-28T20:59,False,Sim,Resolvido,todas as câmeras com problema antes normalizaram e não voltaram a falhar,,656
73932,2026-09-15,636,2026-09-15T01:57,2026-09-15T01:57,John Lima,Viação Metrópole M'Boi Mirim,"21, 22, 23, 24, 25, 26","21, 22, 23, 24, 25, 26","Cabeamento rompido/danificado, Configuração incorreta da câmera, Câmera inoperante, Câmera mal reposicionada","Ativação da câmera, Correção e ajuste da configuração da câmera, Reposicionamento adequado da câmera, Substituição do cabeamento",False,24,2026-09-28T20:59,False,Sim,Resolvido com recorrência,"normalizaram, mas voltaram a apresentar problema depois",,657
73934,2026-08-25,275,2026-08-25T02:02,2026-08-25T02:02,John Lima,Viação Metrópole M'Boi Mirim,"21, 22, 23, 24, 25, 26","21, 22, 23, 24, 25, 26","Configuração incorreta da câmera, Câmera mal reposicionada","Correção e ajuste da configuração da câmera, Reposicionamento adequado da câmera",False,24,2026-09-28T20:59,False,Sem dados,Sem dados para avaliar,visita anterior ao início do monitoramento deste prefixo (31/08/2026 21:50),,658
73935,2026-08-27,211,2026-08-27T03:31,2026-08-27T03:31,John Lima,Viação Metrópole M'Boi Mirim,"21, 22, 24, 25, 26","21, 22, 24, 26","Câmera inoperante, Câmera mal reposicionada, Switch apresentando falha","Ativação da câmera, Reinicialização da câmera, Reposicionamento adequado da câmera, Substituição do switch",False,24,2026-09-28T20:59,False,Sem dados,Sem dados para avaliar,visita anterior ao início do monitoramento deste prefixo (31/08/2026 21:18),,659
511119,2026-09-03,147,2026-09-03T01:20,2026-09-03T01:20,FELIX SECURITY GABRIEL,Via Sudeste Sapopemba,,,,,False,24,2026-09-28T20:59,False,Sem dados,Sem dados para avaliar,Prefixo sem registros no monitoramento,,660
