prefixo,camera,desde,inicio,ultimo_dia,dias_corridos,dias_com_problema,dias_sem_dados,registros,registros_problema,pct_problema,n_off,n_falha,erro_bits,tipo,continuo,inicio_censurado,atual,empresa,garagem
6001,21,2026-09-06T21:53,2026-09-06,2026-10-05,30,26,4,5068,5068,100.0,5068,0,0,Offline,True,True,False,NOXXONSAT,
6001,22,2026-09-06T21:53,2026-09-06,2026-10-05,30,30,0,5650,5650,100.0,5650,0,0,Offline,True,True,False,NOXXONSAT,
6001,23,2026-09-06T21:53,2026-09-06,2026-10-05,30,30,0,5626,5626,100.0,5626,0,0,Offline,True,True,False,NOXXONSAT,
6001,24,2026-09-06T21:53,2026-09-06,2026-10-05,30,30,0,5654,5654,100.0,5654,0,0,Offline,True,True,False,NOXXONSAT,
6001,25,2026-09-06T21:53,2026-09-06,2026-10-05,30,30,0,5721,5721,100.0,5721,0,0,Offline,True,True,False,NOXXONSAT,
6001,26,2026-09-06T21:53,2026-09-06,2026-10-05,30,29,1,5514,5514,100.0,5514,0,0,Offline,True,True,False,NOXXONSAT,
6001,1007,2026-09-06T21:53,2026-09-06,2026-10-05,30,30,0,5700,5700,100.0,5700,0,0,Offline,True,True,False,NOXXONSAT,
6003,21,2026-08-31T21:01,2026-08-31,2026-10-05,36,26,10,4864,4864,100.0,4864,0,0,Offline,True,True,False,NOXXONSAT,
10002,25,2026-09-05T05:26,2026-09-05,2026-10-06,32,31,1,588,583,99.1,1,582,5,Offline e Erro SD + Gravação,False,False,False,SANTA BRIGIDA,Santa Brigida
10002,26,2026-09-15T21:36,2026-09-15,2026-10-06,22,21,1,386,380,98.4,380,0,0,Offline,False,False,False,SANTA BRIGIDA,Santa Brigida
10003,21,,2026-10-06,2026-10-06,1,1,0,1,1,100.0,0,1,5,Erro SD + Gravação,True,False,False,SANTA BRIGIDA,Santa Brigida
10003,23,2026-08-31T21:12,2026-08-31,2026-10-06,37,37,0,712,712,100.0,243,469,5,Offline e Erro SD + Gravação,True,True,False,SANTA BRIGIDA,Santa Brigida
10004,25,2026-09-13T13:20,2026-09-13,2026-10-06,24,20,4,343,330,96.2,157,173,5,Offline e Erro SD + Gravação,False,False,False,SANTA BRIGIDA,
10005,21,2026-09-27T14:44,2026-09-27,2026-10-06,10,6,4,69,55,79.7,55,0,0,Offline,False,False,False,SANTA BRIGIDA,
10005,22,2026-08-31T21:21,2026-08-31,2026-10-06,37,37,0,723,723,100.0,173,550,5,Offline e Erro SD + Gravação,True,True,False,SANTA BRIGIDA,
10005,23,2026-09-27T14:49,2026-09-27,2026-10-06,10,10,0,139,125,89.9,125,0,0,Offline,False,False,False,SANTA BRIGIDA,
10005,24,2026-09-27T12:42,2026-09-27,2026-10-06,10,10,0,142,129,90.8,129,0,0,Offline,False,False,False,SANTA BRIGIDA,
10005,25,2026-09-27T14:53,2026-09-27,2026-10-06,10,10,0,141,127,90.1,127,0,0,Offline,False,False,False,SANTA BRIGIDA,
10005,26,2026-09-27T14:55,2026-09-27,2026-10-06,10,9,1,113,99,87.6,99,0,0,Offline,False,False,False,SANTA BRIGIDA,
10007,22,,2026-10-06,2026-10-06,1,1,0,1,1,100.0,0,1,5,Erro SD + Gravação,True,False,False,SANTA BRIGIDA,Santa Brigida
10201,22,,2026-10-06,2026-10-06,1,1,0,1,1,100.0,0,1,5,Erro SD + Gravação,True,False,False,SANTA BRIGIDA,Santa Brigida
10201,23,2026-08-31T21:51,2026-08-31,2026-10-06,37,37,0,710,710,100.0,0,710,5,Erro SD + Gravação,True,True,False,SANTA BRIGIDA,Santa Brigida
10208,23,2026-09-07T01:34,2026-09-07,2026-10-06,30,29,1,562,561,99.8,0,561,5,Erro SD + Gravação,False,False,False,SANTA BRIGIDA,Santa Brigida
10210,23,2026-09-17T10:59,2026-09-17,2026-10-06,20,20,0,372,337,90.6,337,0,0,Offline,False,False,False,SANTA BRIGIDA,Santa Brigida
10218,21,2026-08-31T21:52,2026-08-31,2026-10-06,37,32,5,599,599,100.0,3,596,5,Offline e Erro SD + Gravação,True,True,False,SANTA BRIGIDA,
10220,23,2026-08-31T21:45,2026-08-31,2026-10-06,37,37,0,711,711,100.0,0,711,5,Erro SD + Gravação,True,True,False,SANTA BRIGIDA,Santa Brigida
10221,23,2026-08-31T21:14,2026-08-31,2026-10-06,37,37,0,710,710,100.0,1,709,5,Offline e Erro SD + Gravação,True,True,False,SANTA BRIGIDA,
10223,22,,2026-10-06,2026-10-06,1,1,0,1,1,100.0,0,1,5,Erro SD + Gravação,True,False,False,SANTA BRIGIDA,
10224,21,2026-10-05T07:21,2026-10-05,2026-10-06,2,2,0,10,3,30.0,3,0,0,Offline,False,False,False,SANTA BRIGIDA,
10224,22,2026-10-05T07:23,2026-10-05,2026-10-06,2,2,0,10,2,20.0,2,0,0,Offline,False,False,False,SANTA BRIGIDA,
10224,23,2026-10-05T10:26,2026-10-05,2026-10-06,2,2,0,12,2,16.7,2,0,0,Offline,False,False,False,SANTA BRIGIDA,
10229,21,2026-09-11T20:41,2026-09-11,2026-10-06,26,21,5,417,397,95.2,26,371,5,Offline e Erro SD + Gravação,False,False,False,SANTA BRIGIDA,
10401,22,,2026-10-06,2026-10-06,1,1,0,1,1,100.0,0,1,5,Erro SD + Gravação,True,False,False,SANTA BRIGIDA,
10405,21,2026-10-04T02:25,2026-10-04,2026-10-06,3,3,0,24,10,41.7,10,0,0,Offline,False,False,False,SANTA BRIGIDA,
10405,22,2026-10-04T02:25,2026-10-04,2026-10-06,3,3,0,20,8,40.0,8,0,0,Offline,False,False,False,SANTA BRIGIDA,
10407,23,2026-08-31T21:24,2026-08-31,2026-10-06,37,37,0,732,732,100.0,1,731,5,Offline e Erro SD + Gravação,True,True,False,SANTA BRIGIDA,
10415,21,,2026-10-06,2026-10-06,1,1,0,1,1,100.0,0,1,5,Erro SD + Gravação,True,False,False,SANTA BRIGIDA,
10417,23,2026-09-20T19:16,2026-09-20,2026-10-06,17,17,0,289,276,95.5,2,274,5,Offline e Erro SD + Gravação,False,False,False,SANTA BRIGIDA,
10418,23,2026-10-05T01:42,2026-10-05,2026-10-06,2,2,0,11,6,54.5,5,1,5,Offline e Erro SD + Gravação,False,False,False,SANTA BRIGIDA,
10421,21,2026-08-31T21:47,2026-08-31,2026-10-06,37,32,5,603,603,100.0,0,603,5,Erro SD + Gravação,True,True,False,SANTA BRIGIDA,
10421,23,2026-08-31T21:47,2026-08-31,2026-10-06,37,36,1,668,668,100.0,0,668,5,Erro SD + Gravação,True,True,False,SANTA BRIGIDA,
10422,23,2026-09-14T05:31,2026-09-14,2026-10-01,18,18,0,369,364,98.6,0,364,5,Erro SD + Gravação,False,False,False,SANTA BRIGIDA,
10424,22,,2026-10-06,2026-10-06,1,1,0,1,1,100.0,1,0,0,Offline,True,False,False,SANTA BRIGIDA,
10425,21,,2026-10-06,2026-10-06,1,1,0,1,1,100.0,0,1,5,Erro SD + Gravação,True,False,False,SANTA BRIGIDA,Santa Brigida
10427,23,2026-08-31T21:50,2026-08-31,2026-10-06,37,30,7,528,528,100.0,1,527,5,Offline e Erro SD + Gravação,True,True,False,SANTA BRIGIDA,
10431,22,,2026-10-06,2026-10-06,1,1,0,1,1,100.0,0,1,5,Erro SD + Gravação,True,False,False,SANTA BRIGIDA,
10432,23,2026-10-02T06:33,2026-10-02,2026-10-06,5,5,0,31,26,83.9,1,25,5,Offline e Erro SD + Gravação,False,False,False,SANTA BRIGIDA,Santa Brigida
10436,22,,2026-10-06,2026-10-06,1,1,0,1,1,100.0,0,1,5,Erro SD + Gravação,True,False,False,SANTA BRIGIDA,Santa Brigida
10481,21,,2026-10-06,2026-10-06,1,1,0,1,1,100.0,1,0,0,Offline,True,False,False,SANTA BRIGIDA,
10482,21,,2026-10-06,2026-10-06,1,1,0,1,1,100.0,0,1,5,Erro SD + Gravação,True,False,False,SANTA BRIGIDA,
10482,23,2026-08-31T21:47,2026-08-31,2026-10-06,37,29,8,527,492,93.4,213,279,5,Offline e Erro SD + Gravação,False,True,False,SANTA BRIGIDA,
10483,23,2026-08-31T21:00,2026-08-31,2026-10-06,37,37,0,716,716,100.0,0,716,5,Erro SD + Gravação,True,True,False,SANTA BRIGIDA,
10484,22,2026-09-11T15:01,2026-09-11,2026-10-06,26,26,0,478,464,97.1,2,462,5,Offline e Erro SD + Gravação,False,False,False,SANTA BRIGIDA,
10492,22,,2026-10-06,2026-10-06,1,1,0,1,1,100.0,0,1,5,Erro SD + Gravação,True,False,False,SANTA BRIGIDA,
10494,23,2026-08-31T21:12,2026-08-31,2026-10-06,37,37,0,708,708,100.0,1,707,5,Offline e Erro SD + Gravação,True,True,False,SANTA BRIGIDA,
10495,21,2026-08-31T21:13,2026-08-31,2026-10-06,37,33,4,623,623,100.0,39,584,5,Offline e Erro SD + Gravação,True,True,False,SANTA BRIGIDA,
10496,21,,2026-10-06,2026-10-06,1,1,0,1,1,100.0,0,1,5,Erro SD + Gravação,True,False,False,SANTA BRIGIDA,Santa Brigida
10499,23,2026-10-01T18:29,2026-10-01,2026-10-06,6,6,0,49,40,81.6,40,0,0,Offline,False,False,False,SANTA BRIGIDA,
10543,23,2026-09-07T12:17,2026-09-07,2026-10-06,30,30,0,584,574,98.3,14,560,5,Offline e Erro SD + Gravação,False,False,False,SANTA BRIGIDA,
10544,21,2026-09-22T15:04,2026-09-22,2026-10-06,15,11,4,151,151,100.0,91,60,5,Offline e Erro SD + Gravação,True,False,False,SANTA BRIGIDA,
10544,22,2026-09-22T15:06,2026-09-22,2026-10-06,15,15,0,209,122,58.4,122,0,0,Offline,False,False,False,SANTA BRIGIDA,
10544,23,2026-09-22T15:08,2026-09-22,2026-10-06,15,15,0,197,107,54.3,107,0,0,Offline,False,False,False,SANTA BRIGIDA,
10546,21,,2026-10-06,2026-10-06,1,1,0,1,1,100.0,0,1,5,Erro SD + Gravação,True,False,False,SANTA BRIGIDA,
10550,22,,2026-10-06,2026-10-06,1,1,0,1,1,100.0,0,1,5,Erro SD + Gravação,True,False,False,SANTA BRIGIDA,
10552,22,,2026-10-06,2026-10-06,1,1,0,1,1,100.0,0,1,5,Erro SD + Gravação,True,False,False,SANTA BRIGIDA,
10556,23,,2026-10-06,2026-10-06,1,1,0,1,1,100.0,0,1,5,Erro SD + Gravação,True,False,False,SANTA BRIGIDA,
10559,21,2026-08-31T21:36,2026-08-31,2026-10-06,37,33,4,600,600,100.0,69,531,5,Offline e Erro SD + Gravação,True,True,False,SANTA BRIGIDA,
10582,22,,2026-10-06,2026-10-06,1,1,0,1,1,100.0,0,1,5,Erro SD + Gravação,True,False,False,SANTA BRIGIDA,
10585,21,2026-08-31T21:52,2026-08-31,2026-10-06,37,33,4,563,563,100.0,156,407,5,Offline e Erro SD + Gravação,True,True,False,SANTA BRIGIDA,Santa Brigida
10585,23,2026-09-03T04:41,2026-09-03,2026-10-06,34,34,0,578,541,93.6,145,396,5,Offline e Erro SD + Gravação,False,False,False,SANTA BRIGIDA,Santa Brigida
10588,23,2026-08-31T21:53,2026-08-31,2026-10-06,37,37,0,730,730,100.0,1,729,5,Offline e Erro SD + Gravação,True,True,False,SANTA BRIGIDA,
10593,22,,2026-10-06,2026-10-06,1,1,0,1,1,100.0,0,1,5,Erro SD + Gravação,True,False,False,SANTA BRIGIDA,
10593,23,2026-08-31T21:48,2026-08-31,2026-10-06,37,37,0,669,669,100.0,2,667,5,Offline e Erro SD + Gravação,True,True,False,SANTA BRIGIDA,
10598,21,2026-08-31T22:41,2026-08-31,2026-10-06,37,33,4,639,639,100.0,4,635,5,Offline e Erro SD + Gravação,True,True,False,SANTA BRIGIDA,
10601,22,,2026-10-06,2026-10-06,1,1,0,1,1,100.0,0,1,5,Erro SD + Gravação,True,False,False,SANTA BRIGIDA,
10604,22,2026-08-31T21:31,2026-08-31,2026-10-06,37,37,0,720,720,100.0,3,717,5,Offline e Erro SD + Gravação,True,True,False,SANTA BRIGIDA,
10605,23,2026-08-31T21:29,2026-08-31,2026-10-06,37,37,0,730,730,100.0,0,730,5,Erro SD + Gravação,True,True,False,SANTA BRIGIDA,
10606,21,2026-08-31T21:43,2026-08-31,2026-10-06,37,33,4,666,666,100.0,1,665,5,Offline e Erro SD + Gravação,True,True,False,SANTA BRIGIDA,
10606,23,2026-09-17T10:43,2026-09-17,2026-10-06,20,20,0,368,358,97.3,358,0,0,Offline,False,False,False,SANTA BRIGIDA,
10607,21,2026-10-03T21:22,2026-10-03,2026-10-06,4,4,0,26,26,100.0,0,26,5,Erro SD + Gravação,True,False,False,SANTA BRIGIDA,Santa Brigida
10610,21,,2026-10-06,2026-10-06,1,1,0,1,1,100.0,0,1,5,Erro SD + Gravação,True,False,False,SANTA BRIGIDA,
10651,23,2026-08-31T21:02,2026-08-31,2026-10-06,37,37,0,724,724,100.0,0,724,5,Erro SD + Gravação,True,True,False,SANTA BRIGIDA,
10656,21,,2026-10-06,2026-10-06,1,1,0,1,1,100.0,0,1,5,Erro SD + Gravação,True,False,False,SANTA BRIGIDA,
11011,23,,2026-10-06,2026-10-06,1,1,0,1,1,100.0,1,0,0,Offline,True,True,False,SANTA BRIGIDA,
11011,26,,2026-10-06,2026-10-06,1,1,0,1,1,100.0,1,0,0,Offline,True,True,False,SANTA BRIGIDA,
11012,22,2026-09-29T15:44,2026-09-29,2026-10-06,8,8,0,91,80,87.9,0,80,5,Erro SD + Gravação,False,False,False,SANTA BRIGIDA,Santa Brigida
11012,25,2026-08-31T21:50,2026-08-31,2026-10-06,37,37,0,731,731,100.0,731,0,0,Offline,True,True,False,SANTA BRIGIDA,Santa Brigida
11014,22,,2026-10-06,2026-10-06,1,1,0,1,1,100.0,1,0,0,Offline,True,False,False,SANTA BRIGIDA,Santa Brigida
11015,22,,2026-10-06,2026-10-06,1,1,0,1,1,100.0,1,0,0,Offline,True,False,False,SANTA BRIGIDA,Santa Brigida
11015,23,2026-08-31T21:11,2026-08-31,2026-10-06,37,34,3,574,574,100.0,3,571,5,Offline e Erro SD + Gravação,True,True,False,SANTA BRIGIDA,Santa Brigida
11015,24,2026-08-31T21:11,2026-08-31,2026-10-06,37,34,3,580,580,100.0,3,577,5,Offline e Erro SD + Gravação,True,True,False,SANTA BRIGIDA,Santa Brigida
11015,26,2026-08-31T21:12,2026-08-31,2026-10-06,37,33,4,560,560,100.0,82,478,5,Offline e Erro SD + Gravação,True,True,False,SANTA BRIGIDA,Santa Brigida
11017,24,2026-08-31T21:15,2026-08-31,2026-10-06,37,35,2,584,584,100.0,584,0,0,Offline,True,True,False,SANTA BRIGIDA,Santa Brigida
11018,21,,2026-10-06,2026-10-06,1,1,0,1,1,100.0,1,0,0,Offline,True,False,False,SANTA BRIGIDA,Santa Brigida
11018,23,2026-08-31T21:35,2026-08-31,2026-10-06,37,34,3,590,590,100.0,590,0,0,Offline,True,True,False,SANTA BRIGIDA,Santa Brigida
11018,24,2026-10-05T06:53,2026-10-05,2026-10-06,2,2,0,4,4,100.0,4,0,0,Offline,True,False,False,SANTA BRIGIDA,Santa Brigida
11018,25,2026-10-05T06:53,2026-10-05,2026-10-06,2,2,0,5,5,100.0,0,5,5,Erro SD + Gravação,True,False,False,SANTA BRIGIDA,Santa Brigida
11019,26,2026-08-31T21:59,2026-08-31,2026-10-06,37,34,3,598,598,100.0,32,566,5,Offline e Erro SD + Gravação,True,True,False,SANTA BRIGIDA,
11020,21,2026-10-04T21:45,2026-10-04,2026-10-06,3,3,0,20,8,40.0,7,1,5,Offline e Erro SD + Gravação,False,False,False,SANTA BRIGIDA,
11021,21,2026-09-26T04:15,2026-09-26,2026-10-06,11,6,5,43,39,90.7,2,37,5,Offline e Erro SD + Gravação,False,False,False,SANTA BRIGIDA,
11021,22,,2026-10-06,2026-10-06,1,1,0,1,1,100.0,0,1,5,Erro SD + Gravação,True,False,False,SANTA BRIGIDA,
11022,21,2026-08-31T21:16,2026-08-31,2026-10-06,37,33,4,585,585,100.0,2,583,5,Offline e Erro SD + Gravação,True,True,False,SANTA BRIGIDA,Santa Brigida
11022,22,2026-09-19T05:05,2026-09-19,2026-10-06,18,18,0,284,279,98.2,1,278,5,Offline e Erro SD + Gravação,False,False,False,SANTA BRIGIDA,Santa Brigida
11023,23,2026-08-31T21:04,2026-08-31,2026-10-06,37,36,1,589,589,100.0,589,0,0,Offline,True,True,False,SANTA BRIGIDA,Santa Brigida
11024,21,,2026-10-06,2026-10-06,1,1,0,1,1,100.0,0,1,5,Erro SD + Gravação,True,False,False,SANTA BRIGIDA,
11024,24,,2026-10-06,2026-10-06,1,1,0,1,1,100.0,0,1,5,Erro SD + Gravação,True,False,False,SANTA BRIGIDA,
11028,22,,2026-10-06,2026-10-06,1,1,0,1,1,100.0,1,0,0,Offline,True,False,False,SANTA BRIGIDA,
11029,25,2026-08-31T21:01,2026-08-31,2026-10-06,37,35,2,560,560,100.0,560,0,0,Offline,True,True,False,SANTA BRIGIDA,Santa Brigida
11030,23,2026-08-31T21:14,2026-08-31,2026-10-06,37,34,3,608,608,100.0,1,607,5,Offline e Erro SD + Gravação,True,True,False,SANTA BRIGIDA,Santa Brigida
11030,25,2026-08-31T21:14,2026-08-31,2026-10-06,37,34,3,613,613,100.0,1,612,5,Offline e Erro SD + Gravação,True,True,False,SANTA BRIGIDA,Santa Brigida
11032,23,2026-08-31T21:09,2026-08-31,2026-10-06,37,36,1,620,611,98.5,224,387,5,Offline e Erro SD + Gravação,False,True,False,SANTA BRIGIDA,Santa Brigida
11033,22,,2026-10-06,2026-10-06,1,1,0,1,1,100.0,0,1,5,Erro SD + Gravação,True,False,False,SANTA BRIGIDA,Santa Brigida
11033,23,2026-09-24T02:08,2026-09-24,2026-10-06,13,12,1,205,203,99.0,0,203,5,Erro SD + Gravação,False,False,False,SANTA BRIGIDA,Santa Brigida
11033,24,2026-10-05T08:20,2026-10-05,2026-10-06,2,2,0,8,5,62.5,5,0,0,Offline,False,False,False,SANTA BRIGIDA,Santa Brigida
11033,25,2026-09-24T02:08,2026-09-24,2026-10-06,13,13,0,214,212,99.1,0,212,5,Erro SD + Gravação,False,False,False,SANTA BRIGIDA,Santa Brigida
11033,26,2026-08-31T21:08,2026-08-31,2026-10-06,37,36,1,717,717,100.0,717,0,0,Offline,True,True,False,SANTA BRIGIDA,Santa Brigida
11034,26,2026-09-07T05:48,2026-09-07,2026-10-06,30,29,1,570,554,97.2,554,0,0,Offline,False,False,False,SANTA BRIGIDA,Santa Brigida
11037,26,2026-08-31T21:24,2026-08-31,2026-10-06,37,36,1,715,715,100.0,1,714,5,Offline e Erro SD + Gravação,True,True,False,SANTA BRIGIDA,
11040,22,,2026-10-06,2026-10-06,1,1,0,1,1,100.0,1,0,0,Offline,True,False,False,SANTA BRIGIDA,Santa Brigida
11041,25,2026-09-30T14:53,2026-09-30,2026-09-30,1,1,0,1,1,100.0,0,1,5,Erro SD + Gravação,True,True,False,SANTA BRIGIDA,Santa Brigida
11041,26,2026-09-30T14:19,2026-09-30,2026-09-30,1,1,0,2,2,100.0,0,2,5,Erro SD + Gravação,True,True,False,SANTA BRIGIDA,Santa Brigida
11042,25,2026-09-09T09:12,2026-09-09,2026-10-06,28,26,2,486,474,97.5,474,0,0,Offline,False,False,False,SANTA BRIGIDA,Santa Brigida
11043,21,2026-09-11T10:05,2026-09-11,2026-10-06,26,22,4,424,415,97.9,0,415,5,Erro SD + Gravação,False,False,False,SANTA BRIGIDA,Santa Brigida
11044,24,2026-09-24T05:36,2026-09-24,2026-10-06,13,13,0,165,160,97.0,2,158,5,Offline e Erro SD + Gravação,False,False,False,SANTA BRIGIDA,Santa Brigida
11048,21,2026-09-28T07:57,2026-09-28,2026-10-06,9,5,4,36,35,97.2,35,0,0,Offline,False,False,False,SANTA BRIGIDA,Santa Brigida
11048,22,2026-10-04T01:30,2026-10-04,2026-10-06,3,3,0,20,16,80.0,16,0,0,Offline,False,False,False,SANTA BRIGIDA,Santa Brigida
11048,23,2026-10-04T01:30,2026-10-04,2026-10-06,3,3,0,21,15,71.4,15,0,0,Offline,False,False,False,SANTA BRIGIDA,Santa Brigida
11048,24,2026-10-01T17:09,2026-10-01,2026-10-06,6,6,0,59,45,76.3,45,0,0,Offline,False,False,False,SANTA BRIGIDA,Santa Brigida
11048,25,2026-08-31T21:12,2026-08-31,2026-10-06,37,36,1,651,651,100.0,651,0,0,Offline,True,True,False,SANTA BRIGIDA,Santa Brigida
11048,26,2026-10-01T17:09,2026-10-01,2026-10-06,6,5,1,35,26,74.3,26,0,0,Offline,False,False,False,SANTA BRIGIDA,Santa Brigida
11049,22,,2026-10-06,2026-10-06,1,1,0,1,1,100.0,0,1,5,Erro SD + Gravação,True,False,False,SANTA BRIGIDA,Santa Brigida
11050,21,,2026-10-06,2026-10-06,1,1,0,1,1,100.0,1,0,0,Offline,True,False,False,SANTA BRIGIDA,
11052,23,2026-09-08T04:37,2026-09-08,2026-10-06,29,29,0,560,556,99.3,0,556,5,Erro SD + Gravação,False,False,False,SANTA BRIGIDA,Santa Brigida
11053,26,2026-08-31T21:05,2026-08-31,2026-10-06,37,36,1,693,693,100.0,1,692,5,Offline e Erro SD + Gravação,True,True,False,SANTA BRIGIDA,Santa Brigida
11054,25,2026-08-31T21:19,2026-08-31,2026-10-06,37,37,0,713,713,100.0,5,708,5,Offline e Erro SD + Gravação,True,True,False,SANTA BRIGIDA,
11055,26,2026-08-31T21:58,2026-08-31,2026-10-06,37,36,1,688,688,100.0,2,686,5,Offline e Erro SD + Gravação,True,True,False,SANTA BRIGIDA,Santa Brigida
11056,23,2026-08-31T21:08,2026-08-31,2026-10-06,37,37,0,637,637,100.0,637,0,0,Offline,True,True,False,SANTA BRIGIDA,
11057,23,2026-08-31T21:01,2026-08-31,2026-10-06,37,35,2,643,643,100.0,0,643,5,Erro SD + Gravação,True,True,False,SANTA BRIGIDA,
11058,25,2026-08-31T21:11,2026-08-31,2026-10-06,37,36,1,571,571,100.0,571,0,0,Offline,True,True,False,SANTA BRIGIDA,Santa Brigida
11058,26,2026-08-31T21:11,2026-08-31,2026-10-06,37,35,2,552,552,100.0,552,0,0,Offline,True,True,False,SANTA BRIGIDA,Santa Brigida
11059,21,,2026-10-06,2026-10-06,1,1,0,1,1,100.0,0,1,5,Erro SD + Gravação,True,False,False,SANTA BRIGIDA,Santa Brigida
11060,21,2026-09-13T20:18,2026-09-13,2026-10-06,24,20,4,343,323,94.2,1,322,5,Offline e Erro SD + Gravação,False,False,False,SANTA BRIGIDA,
11060,22,2026-10-01T11:26,2026-10-01,2026-10-06,6,6,0,57,51,89.5,0,51,5,Erro SD + Gravação,False,False,False,SANTA BRIGIDA,
11061,26,2026-10-03T21:29,2026-10-03,2026-10-06,4,4,0,22,22,100.0,0,22,5,Erro SD + Gravação,True,False,False,SANTA BRIGIDA,Santa Brigida
11067,23,2026-08-31T21:02,2026-08-31,2026-10-06,37,37,0,709,709,100.0,0,709,5,Erro SD + Gravação,True,True,False,SANTA BRIGIDA,Santa Brigida
11067,26,2026-08-31T21:02,2026-08-31,2026-10-06,37,36,1,698,698,100.0,698,0,0,Offline,True,True,False,SANTA BRIGIDA,Santa Brigida
11068,22,,2026-10-06,2026-10-06,1,1,0,1,1,100.0,0,1,5,Erro SD + Gravação,True,False,False,SANTA BRIGIDA,Santa Brigida
11068,25,2026-09-04T00:31,2026-09-04,2026-10-06,33,33,0,650,650,100.0,0,650,5,Erro SD + Gravação,True,False,False,SANTA BRIGIDA,Santa Brigida
11069,21,,2026-10-06,2026-10-06,1,1,0,1,1,100.0,0,1,5,Erro SD + Gravação,True,False,False,SANTA BRIGIDA,Santa Brigida
11069,23,2026-10-04T19:53,2026-10-04,2026-10-06,3,3,0,21,14,66.7,0,14,5,Erro SD + Gravação,False,False,False,SANTA BRIGIDA,Santa Brigida
11070,22,2026-08-31T21:09,2026-08-31,2026-10-06,37,37,0,733,729,99.5,6,723,5,Offline e Erro SD + Gravação,False,True,False,SANTA BRIGIDA,
11071,22,2026-08-31T21:44,2026-08-31,2026-10-06,37,37,0,688,688,100.0,1,687,5,Offline e Erro SD + Gravação,True,True,False,SANTA BRIGIDA,Santa Brigida
11071,24,2026-09-29T04:20,2026-09-29,2026-10-06,8,8,0,89,89,100.0,0,89,5,Erro SD + Gravação,True,False,False,SANTA BRIGIDA,Santa Brigida
11071,25,2026-08-31T21:44,2026-08-31,2026-10-06,37,37,0,691,691,100.0,0,691,5,Erro SD + Gravação,True,True,False,SANTA BRIGIDA,Santa Brigida
11072,26,,2026-10-06,2026-10-06,1,1,0,1,1,100.0,0,1,5,Erro SD + Gravação,True,False,False,SANTA BRIGIDA,Santa Brigida
11073,25,2026-08-31T21:18,2026-08-31,2026-10-06,37,37,0,693,693,100.0,620,73,5,Offline e Erro SD + Gravação,True,True,False,SANTA BRIGIDA,Santa Brigida
11074,24,2026-09-18T02:36,2026-09-18,2026-10-06,19,18,1,270,268,99.3,2,266,5,Offline e Erro SD + Gravação,False,False,False,SANTA BRIGIDA,
11074,25,2026-08-31T21:25,2026-08-31,2026-10-06,37,35,2,586,586,100.0,2,584,5,Offline e Erro SD + Gravação,True,True,False,SANTA BRIGIDA,
11074,26,2026-08-31T21:26,2026-08-31,2026-10-06,37,34,3,563,563,100.0,2,561,5,Offline e Erro SD + Gravação,True,True,False,SANTA BRIGIDA,
11076,26,2026-08-31T21:21,2026-08-31,2026-10-06,37,35,2,594,594,100.0,0,594,5,Erro SD + Gravação,True,True,False,SANTA BRIGIDA,Santa Brigida
11077,25,2026-08-31T21:29,2026-08-31,2026-10-06,37,37,0,729,729,100.0,2,727,5,Offline e Erro SD + Gravação,True,True,False,SANTA BRIGIDA,Santa Brigida
11078,23,2026-09-20T19:19,2026-09-20,2026-10-06,17,17,0,277,277,100.0,3,274,5,Offline e Erro SD + Gravação,True,False,False,SANTA BRIGIDA,Santa Brigida
11079,24,2026-08-31T21:02,2026-08-31,2026-10-06,37,37,0,711,711,100.0,5,706,5,Offline e Erro SD + Gravação,True,True,False,SANTA BRIGIDA,Santa Brigida
11081,24,2026-08-31T21:32,2026-08-31,2026-10-06,37,37,0,657,657,100.0,1,656,5,Offline e Erro SD + Gravação,True,True,False,SANTA BRIGIDA,
11082,21,2026-09-05T05:07,2026-09-05,2026-10-06,32,28,4,568,563,99.1,1,562,5,Offline e Erro SD + Gravação,False,False,False,SANTA BRIGIDA,
11082,23,2026-09-17T20:06,2026-09-17,2026-10-06,20,20,0,370,350,94.6,1,349,5,Offline e Erro SD + Gravação,False,False,False,SANTA BRIGIDA,
11083,21,,2026-10-06,2026-10-06,1,1,0,1,1,100.0,0,1,5,Erro SD + Gravação,True,False,False,SANTA BRIGIDA,
11084,21,2026-09-15T22:21,2026-09-15,2026-10-06,22,18,4,330,329,99.7,1,328,5,Offline e Erro SD + Gravação,False,False,False,SANTA BRIGIDA,Santa Brigida
11084,24,2026-08-31T21:30,2026-08-31,2026-10-06,37,37,0,725,725,100.0,0,725,5,Erro SD + Gravação,True,True,False,SANTA BRIGIDA,Santa Brigida
11089,24,2026-10-05T09:47,2026-10-05,2026-10-06,2,2,0,11,2,18.2,2,0,0,Offline,False,False,False,SANTA BRIGIDA,Santa Brigida
11090,21,2026-08-31T21:43,2026-08-31,2026-10-06,37,32,5,611,580,94.9,574,6,5,Offline e Erro SD + Gravação,False,True,False,SANTA BRIGIDA,
11090,22,2026-08-31T21:46,2026-08-31,2026-10-06,37,36,1,660,623,94.4,623,0,0,Offline,False,True,False,SANTA BRIGIDA,
11090,23,2026-08-31T21:48,2026-08-31,2026-10-06,37,36,1,675,637,94.4,637,0,0,Offline,False,True,False,SANTA BRIGIDA,
11090,24,2026-09-07T19:17,2026-09-07,2026-10-06,30,29,1,554,529,95.5,529,0,0,Offline,False,False,False,SANTA BRIGIDA,
11090,25,2026-09-07T19:19,2026-09-07,2026-10-06,30,29,1,557,532,95.5,532,0,0,Offline,False,False,False,SANTA BRIGIDA,
11090,26,2026-09-07T19:21,2026-09-07,2026-10-06,30,28,2,536,511,95.3,511,0,0,Offline,False,False,False,SANTA BRIGIDA,
11093,22,,2026-10-06,2026-10-06,1,1,0,1,1,100.0,0,1,5,Erro SD + Gravação,True,False,False,SANTA BRIGIDA,Santa Brigida
11094,23,2026-08-31T21:59,2026-08-31,2026-10-06,37,37,0,714,714,100.0,714,0,0,Offline,True,True,False,SANTA BRIGIDA,Santa Brigida
11095,26,2026-08-31T21:23,2026-08-31,2026-10-06,37,36,1,714,714,100.0,454,260,5,Offline e Erro SD + Gravação,True,True,False,SANTA BRIGIDA,Santa Brigida
11096,24,2026-08-31T21:58,2026-08-31,2026-10-06,37,37,0,718,718,100.0,718,0,0,Offline,True,True,False,SANTA BRIGIDA,Santa Brigida
11097,21,,2026-10-06,2026-10-06,1,1,0,1,1,100.0,1,0,0,Offline,True,False,False,SANTA BRIGIDA,Santa Brigida
11097,22,,2026-10-06,2026-10-06,1,1,0,1,1,100.0,1,0,0,Offline,True,False,False,SANTA BRIGIDA,Santa Brigida
11097,23,,2026-10-06,2026-10-06,1,1,0,1,1,100.0,1,0,0,Offline,True,False,False,SANTA BRIGIDA,Santa Brigida
11097,24,,2026-10-06,2026-10-06,1,1,0,1,1,100.0,1,0,0,Offline,True,False,False,SANTA BRIGIDA,Santa Brigida
11097,25,,2026-10-06,2026-10-06,1,1,0,1,1,100.0,1,0,0,Offline,True,False,False,SANTA BRIGIDA,Santa Brigida
11097,26,,2026-10-06,2026-10-06,1,1,0,1,1,100.0,1,0,0,Offline,True,False,False,SANTA BRIGIDA,Santa Brigida
11098,23,2026-08-31T21:07,2026-08-31,2026-10-06,37,37,0,729,729,100.0,1,728,5,Offline e Erro SD + Gravação,True,True,False,SANTA BRIGIDA,Santa Brigida
11098,24,2026-09-24T11:43,2026-09-24,2026-10-06,13,13,0,204,193,94.6,193,0,0,Offline,False,False,False,SANTA BRIGIDA,Santa Brigida
11098,25,2026-08-31T21:08,2026-08-31,2026-10-06,37,37,0,722,722,100.0,722,0,0,Offline,True,True,False,SANTA BRIGIDA,Santa Brigida
11098,26,2026-08-31T21:08,2026-08-31,2026-10-06,37,36,1,708,708,100.0,1,707,5,Offline e Erro SD + Gravação,True,True,False,SANTA BRIGIDA,Santa Brigida
11099,24,2026-08-31T21:23,2026-08-31,2026-10-06,37,35,2,622,622,100.0,0,622,5,Erro SD + Gravação,True,True,False,SANTA BRIGIDA,Santa Brigida
11099,26,2026-08-31T21:23,2026-08-31,2026-10-06,37,34,3,597,597,100.0,0,597,5,Erro SD + Gravação,True,True,False,SANTA BRIGIDA,Santa Brigida
11102,23,2026-09-29T06:01,2026-09-29,2026-10-06,8,8,0,86,82,95.3,0,82,5,Erro SD + Gravação,False,False,False,SANTA BRIGIDA,Santa Brigida
11102,26,2026-08-31T21:35,2026-08-31,2026-10-06,37,36,1,702,702,100.0,2,700,5,Offline e Erro SD + Gravação,True,True,False,SANTA BRIGIDA,Santa Brigida
11103,23,,2026-10-06,2026-10-06,1,1,0,1,1,100.0,0,1,5,Erro SD + Gravação,True,False,False,SANTA BRIGIDA,Santa Brigida
11105,25,2026-08-31T21:03,2026-08-31,2026-10-06,37,37,0,673,673,100.0,27,646,5,Offline e Erro SD + Gravação,True,True,False,SANTA BRIGIDA,Santa Brigida
11106,21,2026-08-31T21:05,2026-08-31,2026-10-06,37,33,4,605,605,100.0,605,0,0,Offline,True,True,False,SANTA BRIGIDA,
11106,22,2026-08-31T21:05,2026-08-31,2026-10-06,37,37,0,676,676,100.0,676,0,0,Offline,True,True,False,SANTA BRIGIDA,
11106,23,2026-08-31T21:05,2026-08-31,2026-10-06,37,37,0,670,670,100.0,670,0,0,Offline,True,True,False,SANTA BRIGIDA,
11106,24,2026-08-31T21:05,2026-08-31,2026-10-06,37,37,0,675,675,100.0,675,0,0,Offline,True,True,False,SANTA BRIGIDA,
11106,25,2026-08-31T21:05,2026-08-31,2026-10-06,37,37,0,677,677,100.0,677,0,0,Offline,True,True,False,SANTA BRIGIDA,
11106,26,2026-08-31T21:05,2026-08-31,2026-10-06,37,36,1,649,649,100.0,649,0,0,Offline,True,True,False,SANTA BRIGIDA,
11107,25,2026-08-31T21:20,2026-08-31,2026-10-06,37,37,0,673,673,100.0,1,672,5,Offline e Erro SD + Gravação,True,True,False,SANTA BRIGIDA,Santa Brigida
11108,23,2026-09-22T10:41,2026-09-22,2026-10-06,15,15,0,249,237,95.2,159,78,5,Offline e Erro SD + Gravação,False,False,False,SANTA BRIGIDA,Santa Brigida
11109,21,,2026-10-06,2026-10-06,1,1,0,1,1,100.0,0,1,5,Erro SD + Gravação,True,False,False,SANTA BRIGIDA,Santa Brigida
11110,21,,2026-10-06,2026-10-06,1,1,0,1,1,100.0,0,1,5,Erro SD + Gravação,True,False,False,SANTA BRIGIDA,Santa Brigida
11110,24,2026-08-31T21:23,2026-08-31,2026-10-06,37,37,0,721,721,100.0,2,719,5,Offline e Erro SD + Gravação,True,True,False,SANTA BRIGIDA,Santa Brigida
11111,23,2026-10-05T10:47,2026-10-05,2026-10-06,2,2,0,8,2,25.0,0,2,5,Erro SD + Gravação,False,False,False,SANTA BRIGIDA,Santa Brigida
11111,25,,2026-10-06,2026-10-06,1,1,0,1,1,100.0,0,1,5,Erro SD + Gravação,True,False,False,SANTA BRIGIDA,Santa Brigida
11112,22,,2026-10-06,2026-10-06,1,1,0,1,1,100.0,0,1,5,Erro SD + Gravação,True,False,False,SANTA BRIGIDA,Santa Brigida
11112,23,2026-09-01T04:06,2026-09-01,2026-10-06,36,36,0,719,719,100.0,0,719,5,Erro SD + Gravação,True,False,False,SANTA BRIGIDA,Santa Brigida
11112,25,2026-10-02T10:04,2026-10-02,2026-10-06,5,5,0,41,32,78.0,0,32,5,Erro SD + Gravação,False,False,False,SANTA BRIGIDA,Santa Brigida
11113,23,2026-09-22T19:09,2026-09-22,2026-10-06,15,15,0,259,210,81.1,86,124,5,Offline e Erro SD + Gravação,False,False,False,SANTA BRIGIDA,Santa Brigida
11113,24,2026-09-29T09:10,2026-09-29,2026-10-06,8,8,0,94,66,70.2,4,62,5,Offline e Erro SD + Gravação,False,False,False,SANTA BRIGIDA,Santa Brigida
11113,25,2026-08-31T21:26,2026-08-31,2026-10-06,37,37,0,730,730,100.0,730,0,0,Offline,True,True,False,SANTA BRIGIDA,Santa Brigida
11114,25,2026-09-28T06:35,2026-09-28,2026-10-06,9,9,0,110,104,94.5,104,0,0,Offline,False,False,False,SANTA BRIGIDA,
11115,23,2026-09-14T07:26,2026-09-14,2026-10-06,23,23,0,410,403,98.3,0,403,5,Erro SD + Gravação,False,False,False,SANTA BRIGIDA,Santa Brigida
11301,21,2026-10-03T22:59,2026-10-03,2026-10-06,4,4,0,23,23,100.0,1,22,5,Offline e Erro SD + Gravação,True,True,False,SANTA BRIGIDA,
11302,22,,2026-10-06,2026-10-06,1,1,0,1,1,100.0,0,1,5,Erro SD + Gravação,True,False,False,SANTA BRIGIDA,
11304,21,2026-10-03T21:36,2026-10-03,2026-10-06,4,4,0,24,24,100.0,0,24,5,Erro SD + Gravação,True,True,False,SANTA BRIGIDA,
11304,22,2026-09-29T14:30,2026-09-29,2026-10-06,8,8,0,71,71,100.0,71,0,0,Offline,True,True,False,SANTA BRIGIDA,
11304,23,2026-09-29T12:57,2026-09-29,2026-10-06,8,8,0,74,74,100.0,74,0,0,Offline,True,True,False,SANTA BRIGIDA,
11305,21,2026-10-03T21:56,2026-10-03,2026-10-06,4,4,0,26,20,76.9,0,20,5,Erro SD + Gravação,False,True,False,SANTA BRIGIDA,
11305,22,2026-09-29T12:49,2026-09-29,2026-10-06,8,8,0,76,76,100.0,76,0,0,Offline,True,True,False,SANTA BRIGIDA,
11305,23,2026-09-29T12:49,2026-09-29,2026-10-06,8,8,0,81,81,100.0,81,0,0,Offline,True,True,False,SANTA BRIGIDA,
11438,21,2026-09-03T13:37,2026-09-03,2026-10-06,34,30,4,560,547,97.7,547,0,0,Offline,False,False,False,SANTA BRIGIDA,Santa Brigida
11438,22,2026-09-30T16:16,2026-09-30,2026-10-06,7,7,0,67,58,86.6,58,0,0,Offline,False,False,False,SANTA BRIGIDA,Santa Brigida
11438,23,2026-08-31T21:28,2026-08-31,2026-10-06,37,37,0,665,665,100.0,607,58,5,Offline e Erro SD + Gravação,True,True,False,SANTA BRIGIDA,Santa Brigida
11445,22,2026-10-02T03:38,2026-10-02,2026-10-06,5,5,0,39,35,89.7,1,34,5,Offline e Erro SD + Gravação,False,False,False,SANTA BRIGIDA,
11447,22,,2026-10-06,2026-10-06,1,1,0,1,1,100.0,0,1,5,Erro SD + Gravação,True,False,False,SANTA BRIGIDA,
11461,21,,2026-10-06,2026-10-06,1,1,0,1,1,100.0,0,1,5,Erro SD + Gravação,True,False,False,SANTA BRIGIDA,Santa Brigida
11464,22,,2026-10-06,2026-10-06,1,1,0,1,1,100.0,0,1,5,Erro SD + Gravação,True,False,False,SANTA BRIGIDA,
11469,22,2026-08-31T21:02,2026-08-31,2026-10-06,37,36,1,720,720,100.0,2,718,5,Offline e Erro SD + Gravação,True,True,False,SANTA BRIGIDA,Santa Brigida
11474,21,,2026-10-06,2026-10-06,1,1,0,1,1,100.0,0,1,5,Erro SD + Gravação,True,False,False,SANTA BRIGIDA,
11478,21,2026-08-31T21:24,2026-08-31,2026-10-06,37,33,4,654,654,100.0,0,654,5,Erro SD + Gravação,True,True,False,SANTA BRIGIDA,Santa Brigida
11478,22,2026-08-31T21:24,2026-08-31,2026-10-06,37,37,0,715,715,100.0,0,715,5,Erro SD + Gravação,True,True,False,SANTA BRIGIDA,Santa Brigida
11480,23,2026-08-31T23:09,2026-08-31,2026-10-06,37,36,1,663,663,100.0,0,663,5,Erro SD + Gravação,True,True,False,SANTA BRIGIDA,
11501,21,,2026-10-06,2026-10-06,1,1,0,1,1,100.0,1,0,0,Offline,True,False,False,SANTA BRIGIDA,Santa Brigida
11501,22,,2026-10-06,2026-10-06,1,1,0,1,1,100.0,1,0,0,Offline,True,False,False,SANTA BRIGIDA,Santa Brigida
11501,23,,2026-10-06,2026-10-06,1,1,0,1,1,100.0,1,0,0,Offline,True,False,False,SANTA BRIGIDA,Santa Brigida
11503,21,2026-09-05T23:58,2026-09-05,2026-10-06,32,28,4,553,527,95.3,527,0,0,Offline,False,False,False,SANTA BRIGIDA,
11503,22,2026-09-06T03:02,2026-09-06,2026-10-06,31,30,1,559,556,99.5,556,0,0,Offline,False,False,False,SANTA BRIGIDA,
11503,23,2026-09-06T03:04,2026-09-06,2026-10-06,31,30,1,564,561,99.5,561,0,0,Offline,False,False,False,SANTA BRIGIDA,
11504,21,,2026-10-06,2026-10-06,1,1,0,1,1,100.0,0,1,5,Erro SD + Gravação,True,False,False,SANTA BRIGIDA,Santa Brigida
11505,22,,2026-10-06,2026-10-06,1,1,0,1,1,100.0,1,0,0,Offline,True,False,False,SANTA BRIGIDA,Santa Brigida
11506,22,2026-09-29T14:40,2026-09-29,2026-10-06,8,8,0,81,72,88.9,72,0,0,Offline,False,False,False,SANTA BRIGIDA,
11506,23,2026-09-24T19:55,2026-09-24,2026-10-06,13,13,0,200,141,70.5,141,0,0,Offline,False,False,False,SANTA BRIGIDA,
11514,21,2026-08-31T21:32,2026-08-31,2026-10-06,37,33,4,667,667,100.0,0,667,5,Erro SD + Gravação,True,True,False,SANTA BRIGIDA,
11514,23,2026-08-31T21:32,2026-08-31,2026-10-06,37,37,0,726,726,100.0,0,726,5,Erro SD + Gravação,True,True,False,SANTA BRIGIDA,
11515,23,2026-09-24T12:18,2026-09-24,2026-10-06,13,13,0,199,187,94.0,0,187,5,Erro SD + Gravação,False,False,False,SANTA BRIGIDA,
11517,22,2026-09-03T13:41,2026-09-03,2026-10-06,34,32,2,636,624,98.1,63,561,5,Offline e Erro SD + Gravação,False,False,False,SANTA BRIGIDA,Santa Brigida
11518,22,2026-09-21T16:44,2026-09-21,2026-10-06,16,16,0,269,253,94.1,1,252,5,Offline e Erro SD + Gravação,False,False,False,SANTA BRIGIDA,
11527,22,2026-09-21T05:58,2026-09-21,2026-10-06,16,16,0,283,158,55.8,158,0,0,Offline,False,False,False,SANTA BRIGIDA,Santa Brigida
11529,22,,2026-10-06,2026-10-06,1,1,0,1,1,100.0,1,0,0,Offline,True,False,False,SANTA BRIGIDA,
11529,23,2026-09-08T07:00,2026-09-08,2026-10-06,29,28,1,537,427,79.5,427,0,0,Offline,False,False,False,SANTA BRIGIDA,
11531,23,2026-08-31T21:48,2026-08-31,2026-10-06,37,37,0,726,726,100.0,0,726,5,Erro SD + Gravação,True,True,False,SANTA BRIGIDA,Santa Brigida
11532,23,,2026-10-06,2026-10-06,1,1,0,1,1,100.0,0,1,5,Erro SD + Gravação,True,False,False,SANTA BRIGIDA,
11534,22,,2026-10-06,2026-10-06,1,1,0,1,1,100.0,0,1,5,Erro SD + Gravação,True,False,False,SANTA BRIGIDA,
11538,23,2026-08-31T21:40,2026-08-31,2026-10-06,37,37,0,666,666,100.0,2,664,5,Offline e Erro SD + Gravação,True,True,False,SANTA BRIGIDA,
11563,22,,2026-10-06,2026-10-06,1,1,0,1,1,100.0,0,1,5,Erro SD + Gravação,True,False,False,SANTA BRIGIDA,
11567,21,2026-10-04T10:19,2026-10-04,2026-10-06,3,3,0,22,3,13.6,2,1,5,Offline e Erro SD + Gravação,False,False,False,SANTA BRIGIDA,
11568,21,,2026-10-06,2026-10-06,1,1,0,1,1,100.0,0,1,5,Erro SD + Gravação,True,False,False,SANTA BRIGIDA,Santa Brigida
11569,21,2026-10-03T21:05,2026-10-03,2026-10-06,4,4,0,23,23,100.0,0,23,5,Erro SD + Gravação,True,False,False,SANTA BRIGIDA,
11572,21,,2026-10-06,2026-10-06,1,1,0,1,1,100.0,0,1,5,Erro SD + Gravação,True,False,False,SANTA BRIGIDA,Santa Brigida
11572,22,,2026-10-06,2026-10-06,1,1,0,1,1,100.0,1,0,0,Offline,True,False,False,SANTA BRIGIDA,Santa Brigida
11574,22,,2026-10-06,2026-10-06,1,1,0,1,1,100.0,1,0,0,Offline,True,False,False,SANTA BRIGIDA,
11575,23,2026-09-13T01:38,2026-09-13,2026-10-06,24,24,0,444,443,99.8,3,440,5,Offline e Erro SD + Gravação,False,False,False,SANTA BRIGIDA,
11576,21,,2026-10-06,2026-10-06,1,1,0,1,1,100.0,0,1,5,Erro SD + Gravação,True,False,False,SANTA BRIGIDA,Santa Brigida
11578,22,2026-09-25T11:42,2026-09-25,2026-10-06,12,12,0,171,168,98.2,0,168,5,Erro SD + Gravação,False,False,False,SANTA BRIGIDA,
11578,23,2026-08-31T21:18,2026-08-31,2026-10-06,37,37,0,698,698,100.0,0,698,5,Erro SD + Gravação,True,True,False,SANTA BRIGIDA,
11662,23,2026-09-17T11:45,2026-09-17,2026-10-06,20,20,0,353,342,96.9,342,0,0,Offline,False,False,False,SANTA BRIGIDA,
11663,22,,2026-10-06,2026-10-06,1,1,0,1,1,100.0,0,1,5,Erro SD + Gravação,True,False,False,SANTA BRIGIDA,Santa Brigida
11664,23,2026-08-31T21:16,2026-08-31,2026-10-06,37,37,0,703,703,100.0,0,703,5,Erro SD + Gravação,True,True,False,SANTA BRIGIDA,
11676,21,,2026-10-06,2026-10-06,1,1,0,1,1,100.0,1,0,0,Offline,True,False,False,SANTA BRIGIDA,
11676,22,,2026-10-06,2026-10-06,1,1,0,1,1,100.0,1,0,0,Offline,True,False,False,SANTA BRIGIDA,
11676,23,,2026-10-06,2026-10-06,1,1,0,1,1,100.0,1,0,0,Offline,True,False,False,SANTA BRIGIDA,
11685,22,2026-10-01T13:48,2026-10-01,2026-10-06,6,6,0,53,47,88.7,47,0,0,Offline,False,False,False,SANTA BRIGIDA,
11687,21,2026-08-31T21:26,2026-08-31,2026-10-06,37,33,4,635,635,100.0,48,587,5,Offline e Erro SD + Gravação,True,True,False,SANTA BRIGIDA,
11687,22,2026-08-31T21:26,2026-08-31,2026-10-06,37,37,0,698,698,100.0,47,651,5,Offline e Erro SD + Gravação,True,True,False,SANTA BRIGIDA,
11687,23,2026-08-31T21:26,2026-08-31,2026-10-06,37,37,0,695,695,100.0,47,648,5,Offline e Erro SD + Gravação,True,True,False,SANTA BRIGIDA,
11690,23,2026-08-31T21:20,2026-08-31,2026-10-06,37,37,0,700,700,100.0,0,700,5,Erro SD + Gravação,True,True,False,SANTA BRIGIDA,Santa Brigida
11692,23,2026-08-31T21:22,2026-08-31,2026-10-06,37,36,1,697,697,100.0,0,697,5,Erro SD + Gravação,True,True,False,SANTA BRIGIDA,Santa Brigida
11693,22,,2026-10-06,2026-10-06,1,1,0,1,1,100.0,0,1,5,Erro SD + Gravação,True,False,False,SANTA BRIGIDA,Santa Brigida
11698,21,2026-10-05T08:26,2026-10-05,2026-10-06,2,2,0,12,2,16.7,2,0,0,Offline,False,False,False,SANTA BRIGIDA,Santa Brigida
11700,23,2026-08-31T21:50,2026-08-31,2026-10-06,37,37,0,716,716,100.0,0,716,5,Erro SD + Gravação,True,True,False,SANTA BRIGIDA,
11704,23,2026-08-31T21:30,2026-08-31,2026-10-06,37,35,2,609,609,100.0,1,608,5,Offline e Erro SD + Gravação,True,True,False,SANTA BRIGIDA,
11706,23,2026-08-31T21:26,2026-08-31,2026-10-06,37,37,0,717,717,100.0,0,717,5,Erro SD + Gravação,True,True,False,SANTA BRIGIDA,Santa Brigida
11707,22,,2026-10-06,2026-10-06,1,1,0,1,1,100.0,0,1,5,Erro SD + Gravação,True,False,False,SANTA BRIGIDA,Santa Brigida
11709,21,,2026-10-06,2026-10-06,1,1,0,1,1,100.0,0,1,5,Erro SD + Gravação,True,False,False,SANTA BRIGIDA,Santa Brigida
11718,22,,2026-10-06,2026-10-06,1,1,0,1,1,100.0,0,1,5,Erro SD + Gravação,True,False,False,SANTA BRIGIDA,
11718,23,2026-08-31T21:31,2026-08-31,2026-10-06,37,36,1,613,613,100.0,4,609,5,Offline e Erro SD + Gravação,True,True,False,SANTA BRIGIDA,
11719,22,2026-10-04T22:06,2026-10-04,2026-10-06,3,3,0,13,7,53.8,6,1,5,Offline e Erro SD + Gravação,False,False,False,SANTA BRIGIDA,
11721,21,,2026-10-06,2026-10-06,1,1,0,1,1,100.0,0,1,5,Erro SD + Gravação,True,False,False,SANTA BRIGIDA,Santa Brigida
11723,21,,2026-10-06,2026-10-06,1,1,0,1,1,100.0,0,1,5,Erro SD + Gravação,True,False,False,SANTA BRIGIDA,Santa Brigida
11727,21,2026-08-31T21:38,2026-08-31,2026-10-06,37,33,4,638,638,100.0,4,634,5,Offline e Erro SD + Gravação,True,True,False,SANTA BRIGIDA,
11727,22,2026-08-31T21:38,2026-08-31,2026-10-06,37,37,0,700,700,100.0,3,697,5,Offline e Erro SD + Gravação,True,True,False,SANTA BRIGIDA,
11730,23,2026-08-31T21:04,2026-08-31,2026-10-06,37,36,1,623,623,100.0,1,622,5,Offline e Erro SD + Gravação,True,True,False,SANTA BRIGIDA,
11736,23,2026-08-31T21:01,2026-08-31,2026-10-06,37,37,0,720,720,100.0,2,718,5,Offline e Erro SD + Gravação,True,True,False,SANTA BRIGIDA,
11740,22,,2026-10-06,2026-10-06,1,1,0,1,1,100.0,0,1,5,Erro SD + Gravação,True,False,False,SANTA BRIGIDA,Santa Brigida
11742,23,2026-09-30T15:11,2026-09-30,2026-10-06,7,7,0,66,61,92.4,0,61,5,Erro SD + Gravação,False,False,False,SANTA BRIGIDA,
11744,21,2026-10-04T01:46,2026-10-04,2026-10-06,3,3,0,19,18,94.7,0,18,5,Erro SD + Gravação,False,False,False,SANTA BRIGIDA,Santa Brigida
11745,21,,2026-10-06,2026-10-06,1,1,0,1,1,100.0,0,1,5,Erro SD + Gravação,True,False,False,SANTA BRIGIDA,Santa Brigida
11749,23,2026-10-03T21:24,2026-10-03,2026-10-06,4,4,0,20,20,100.0,0,20,5,Erro SD + Gravação,True,False,False,SANTA BRIGIDA,Santa Brigida
11752,21,,2026-10-06,2026-10-06,1,1,0,1,1,100.0,0,1,5,Erro SD + Gravação,True,False,False,SANTA BRIGIDA,Santa Brigida
11758,21,,2026-10-06,2026-10-06,1,1,0,1,1,100.0,0,1,5,Erro SD + Gravação,True,False,False,SANTA BRIGIDA,
11762,22,2026-10-05T10:17,2026-10-05,2026-10-06,2,2,0,9,2,22.2,1,1,5,Offline e Erro SD + Gravação,False,False,False,SANTA BRIGIDA,Santa Brigida
11767,21,,2026-10-06,2026-10-06,1,1,0,1,1,100.0,0,1,5,Erro SD + Gravação,True,False,False,SANTA BRIGIDA,
11774,21,,2026-10-06,2026-10-06,1,1,0,1,1,100.0,1,0,0,Offline,True,False,False,SANTA BRIGIDA,Santa Brigida
11774,22,2026-08-31T21:09,2026-08-31,2026-10-06,37,36,1,667,667,100.0,2,665,5,Offline e Erro SD + Gravação,True,True,False,SANTA BRIGIDA,Santa Brigida
11779,22,,2026-10-06,2026-10-06,1,1,0,1,1,100.0,0,1,5,Erro SD + Gravação,True,False,False,SANTA BRIGIDA,Santa Brigida
11780,23,2026-08-31T21:26,2026-08-31,2026-10-06,37,37,0,723,723,100.0,19,704,5,Offline e Erro SD + Gravação,True,True,False,SANTA BRIGIDA,
11785,23,2026-08-31T21:59,2026-08-31,2026-10-06,37,37,0,717,717,100.0,1,716,5,Offline e Erro SD + Gravação,True,True,False,SANTA BRIGIDA,
11787,23,2026-08-31T21:36,2026-08-31,2026-10-06,37,35,2,589,578,98.1,561,17,5,Offline e Erro SD + Gravação,False,True,False,SANTA BRIGIDA,Santa Brigida
11788,21,2026-08-31T21:55,2026-08-31,2026-10-06,37,31,6,519,519,100.0,3,516,5,Offline e Erro SD + Gravação,True,True,False,SANTA BRIGIDA,
11789,22,2026-09-05T05:21,2026-09-05,2026-10-06,32,30,2,568,563,99.1,1,562,5,Offline e Erro SD + Gravação,False,False,False,SANTA BRIGIDA,
11790,23,2026-08-31T21:09,2026-08-31,2026-10-06,37,36,1,629,629,100.0,1,628,5,Offline e Erro SD + Gravação,True,True,False,SANTA BRIGIDA,Santa Brigida
11794,22,,2026-10-06,2026-10-06,1,1,0,1,1,100.0,0,1,5,Erro SD + Gravação,True,False,False,SANTA BRIGIDA,
11794,23,2026-09-03T12:29,2026-09-03,2026-10-06,34,34,0,664,655,98.6,0,655,5,Erro SD + Gravação,False,False,False,SANTA BRIGIDA,
11796,23,2026-09-25T09:43,2026-09-25,2026-10-06,12,12,0,130,123,94.6,2,121,5,Offline e Erro SD + Gravação,False,False,False,SANTA BRIGIDA,Santa Brigida
11798,21,2026-09-01T00:17,2026-09-01,2026-10-06,36,32,4,580,580,100.0,4,576,5,Offline e Erro SD + Gravação,True,True,False,SANTA BRIGIDA,
11798,22,2026-09-19T04:58,2026-09-19,2026-10-06,18,18,0,238,234,98.3,2,232,5,Offline e Erro SD + Gravação,False,False,False,SANTA BRIGIDA,
11799,22,2026-10-03T21:12,2026-10-03,2026-10-06,4,4,0,21,21,100.0,0,21,5,Erro SD + Gravação,True,False,False,SANTA BRIGIDA,
11802,21,2026-09-16T11:14,2026-09-16,2026-10-06,21,17,4,335,282,84.2,282,0,0,Offline,False,False,False,SANTA BRIGIDA,Santa Brigida
11802,22,2026-09-16T11:14,2026-09-16,2026-10-06,21,21,0,392,325,82.9,325,0,0,Offline,False,False,False,SANTA BRIGIDA,Santa Brigida
11802,23,2026-09-16T11:14,2026-09-16,2026-10-06,21,21,0,388,315,81.2,315,0,0,Offline,False,False,False,SANTA BRIGIDA,Santa Brigida
11811,21,,2026-10-06,2026-10-06,1,1,0,1,1,100.0,0,1,5,Erro SD + Gravação,True,False,False,SANTA BRIGIDA,Santa Brigida
11811,22,2026-08-31T21:09,2026-08-31,2026-10-06,37,37,0,722,722,100.0,106,616,5,Offline e Erro SD + Gravação,True,True,False,SANTA BRIGIDA,Santa Brigida
11812,21,,2026-10-06,2026-10-06,1,1,0,1,1,100.0,0,1,5,Erro SD + Gravação,True,False,False,SANTA BRIGIDA,Santa Brigida
11813,22,2026-08-31T21:37,2026-08-31,2026-10-06,37,35,2,607,607,100.0,2,605,5,Offline e Erro SD + Gravação,True,True,False,SANTA BRIGIDA,Santa Brigida
11814,22,,2026-10-06,2026-10-06,1,1,0,1,1,100.0,1,0,0,Offline,True,False,False,SANTA BRIGIDA,
11814,23,2026-08-31T21:58,2026-08-31,2026-10-06,37,37,0,728,728,100.0,727,1,5,Offline e Erro SD + Gravação,True,True,False,SANTA BRIGIDA,
11816,21,,2026-10-06,2026-10-06,1,1,0,1,1,100.0,0,1,5,Erro SD + Gravação,True,False,False,SANTA BRIGIDA,Santa Brigida
11819,23,2026-09-07T19:26,2026-09-07,2026-10-06,30,30,0,527,527,100.0,0,527,5,Erro SD + Gravação,True,False,False,SANTA BRIGIDA,Santa Brigida
11825,23,2026-08-31T21:40,2026-08-31,2026-10-06,37,36,1,580,580,100.0,201,379,5,Offline e Erro SD + Gravação,True,True,False,SANTA BRIGIDA,Santa Brigida
11828,21,2026-10-04T19:57,2026-10-04,2026-10-06,3,3,0,16,16,100.0,0,16,5,Erro SD + Gravação,True,False,False,SANTA BRIGIDA,Santa Brigida
11833,23,2026-08-31T21:39,2026-08-31,2026-10-06,37,37,0,692,692,100.0,1,691,5,Offline e Erro SD + Gravação,True,True,False,SANTA BRIGIDA,Santa Brigida
11843,22,,2026-10-06,2026-10-06,1,1,0,1,1,100.0,0,1,5,Erro SD + Gravação,True,False,False,SANTA BRIGIDA,
11846,21,2026-10-05T06:24,2026-10-05,2026-10-06,2,2,0,9,5,55.6,5,0,0,Offline,False,False,False,SANTA BRIGIDA,Santa Brigida
11846,22,2026-10-05T08:25,2026-10-05,2026-10-06,2,2,0,12,4,33.3,4,0,0,Offline,False,False,False,SANTA BRIGIDA,Santa Brigida
11846,23,2026-10-05T08:25,2026-10-05,2026-10-06,2,2,0,10,3,30.0,3,0,0,Offline,False,False,False,SANTA BRIGIDA,Santa Brigida
11851,23,2026-09-07T19:28,2026-09-07,2026-10-06,30,30,0,488,488,100.0,0,488,5,Erro SD + Gravação,True,False,False,SANTA BRIGIDA,Santa Brigida
11858,22,2026-10-02T04:38,2026-10-02,2026-10-06,5,5,0,40,37,92.5,1,36,5,Offline e Erro SD + Gravação,False,False,False,SANTA BRIGIDA,Santa Brigida
11863,22,,2026-10-06,2026-10-06,1,1,0,1,1,100.0,0,1,5,Erro SD + Gravação,True,False,False,SANTA BRIGIDA,
11867,23,2026-09-24T12:00,2026-09-24,2026-10-06,13,13,0,207,198,95.7,1,197,5,Offline e Erro SD + Gravação,False,False,False,SANTA BRIGIDA,
11872,21,,2026-10-06,2026-10-06,1,1,0,1,1,100.0,0,1,5,Erro SD + Gravação,True,False,False,SANTA BRIGIDA,Santa Brigida
11873,22,2026-10-04T19:20,2026-10-04,2026-10-06,3,3,0,14,14,100.0,14,0,0,Offline,True,False,False,SANTA BRIGIDA,Santa Brigida
11876,21,2026-08-31T21:24,2026-08-31,2026-10-06,37,33,4,599,547,91.3,291,256,5,Offline e Erro SD + Gravação,False,True,False,SANTA BRIGIDA,
11876,22,2026-09-06T09:58,2026-09-06,2026-10-06,31,31,0,552,261,47.3,261,0,0,Offline,False,False,False,SANTA BRIGIDA,
11876,23,2026-09-07T01:00,2026-09-07,2026-10-06,30,30,0,536,233,43.5,233,0,0,Offline,False,False,False,SANTA BRIGIDA,
11880,21,2026-08-31T21:40,2026-08-31,2026-10-06,37,33,4,619,619,100.0,47,572,5,Offline e Erro SD + Gravação,True,True,False,SANTA BRIGIDA,Santa Brigida
11884,22,2026-09-15T21:55,2026-09-15,2026-10-06,22,22,0,391,391,100.0,391,0,0,Offline,True,False,False,SANTA BRIGIDA,Santa Brigida
11884,23,2026-09-28T10:36,2026-09-28,2026-10-06,9,9,0,111,101,91.0,68,33,5,Offline e Erro SD + Gravação,False,False,False,SANTA BRIGIDA,Santa Brigida
11886,21,2026-08-31T21:17,2026-08-31,2026-10-06,37,33,4,668,668,100.0,668,0,0,Offline,True,True,False,SANTA BRIGIDA,
11886,22,2026-08-31T21:17,2026-08-31,2026-10-06,37,37,0,728,728,100.0,728,0,0,Offline,True,True,False,SANTA BRIGIDA,
11886,23,2026-08-31T21:17,2026-08-31,2026-10-06,37,37,0,729,729,100.0,729,0,0,Offline,True,True,False,SANTA BRIGIDA,
11888,21,2026-08-31T21:48,2026-08-31,2026-10-06,37,33,4,661,661,100.0,29,632,5,Offline e Erro SD + Gravação,True,True,False,SANTA BRIGIDA,Santa Brigida
11889,22,,2026-10-06,2026-10-06,1,1,0,1,1,100.0,1,0,0,Offline,True,False,False,SANTA BRIGIDA,Santa Brigida
11891,22,,2026-10-06,2026-10-06,1,1,0,1,1,100.0,0,1,5,Erro SD + Gravação,True,False,False,SANTA BRIGIDA,
11892,23,2026-09-26T14:17,2026-09-26,2026-10-06,11,11,0,141,114,80.9,2,112,5,Offline e Erro SD + Gravação,False,False,False,SANTA BRIGIDA,Santa Brigida
11895,23,2026-09-30T06:10,2026-09-30,2026-10-06,7,7,0,72,70,97.2,0,70,5,Erro SD + Gravação,False,False,False,SANTA BRIGIDA,
11897,23,2026-08-31T21:44,2026-08-31,2026-10-06,37,37,0,705,705,100.0,37,668,5,Offline e Erro SD + Gravação,True,True,False,SANTA BRIGIDA,
11898,21,,2026-10-06,2026-10-06,1,1,0,1,1,100.0,1,0,0,Offline,True,False,False,SANTA BRIGIDA,Santa Brigida
11898,23,2026-08-31T21:34,2026-08-31,2026-10-06,37,37,0,645,645,100.0,51,594,5,Offline e Erro SD + Gravação,True,True,False,SANTA BRIGIDA,Santa Brigida
11903,21,,2026-10-06,2026-10-06,1,1,0,1,1,100.0,0,1,5,Erro SD + Gravação,True,False,False,SANTA BRIGIDA,Santa Brigida
11905,21,,2026-10-06,2026-10-06,1,1,0,1,1,100.0,0,1,5,Erro SD + Gravação,True,False,False,SANTA BRIGIDA,
11960,21,2026-10-05T04:55,2026-10-05,2026-10-06,2,2,0,9,6,66.7,6,0,0,Offline,False,False,False,SANTA BRIGIDA,
11960,22,2026-10-05T04:55,2026-10-05,2026-10-06,2,2,0,10,7,70.0,7,0,0,Offline,False,False,False,SANTA BRIGIDA,
11960,23,2026-10-05T04:55,2026-10-05,2026-10-06,2,2,0,11,6,54.5,6,0,0,Offline,False,False,False,SANTA BRIGIDA,
11961,21,2026-09-21T11:25,2026-09-21,2026-10-06,16,11,5,200,30,15.0,30,0,0,Offline,False,False,False,SANTA BRIGIDA,
11961,22,2026-10-04T20:03,2026-10-04,2026-10-06,3,3,0,16,16,100.0,16,0,0,Offline,True,False,False,SANTA BRIGIDA,
11961,23,2026-10-04T20:06,2026-10-04,2026-10-06,3,3,0,11,11,100.0,11,0,0,Offline,True,False,False,SANTA BRIGIDA,
11962,21,,2026-10-06,2026-10-06,1,1,0,1,1,100.0,1,0,0,Offline,True,False,False,SANTA BRIGIDA,
11962,22,,2026-10-06,2026-10-06,1,1,0,1,1,100.0,1,0,0,Offline,True,False,False,SANTA BRIGIDA,
11962,23,,2026-10-06,2026-10-06,1,1,0,1,1,100.0,1,0,0,Offline,True,False,False,SANTA BRIGIDA,
11966,23,,2026-10-06,2026-10-06,1,1,0,1,1,100.0,0,1,5,Erro SD + Gravação,True,False,False,SANTA BRIGIDA,Santa Brigida
11967,23,2026-08-31T21:04,2026-08-31,2026-10-06,37,37,0,699,699,100.0,10,689,5,Offline e Erro SD + Gravação,True,True,False,SANTA BRIGIDA,
11970,23,2026-08-31T22:52,2026-08-31,2026-10-06,37,37,0,687,686,99.9,1,685,5,Offline e Erro SD + Gravação,False,True,False,SANTA BRIGIDA,
11971,23,2026-08-31T21:04,2026-08-31,2026-10-06,37,37,0,710,710,100.0,1,709,5,Offline e Erro SD + Gravação,True,True,False,SANTA BRIGIDA,
11974,22,,2026-10-06,2026-10-06,1,1,0,1,1,100.0,0,1,5,Erro SD + Gravação,True,False,False,SANTA BRIGIDA,
11974,23,2026-08-31T21:37,2026-08-31,2026-10-06,37,37,0,706,706,100.0,1,705,5,Offline e Erro SD + Gravação,True,True,False,SANTA BRIGIDA,
11977,21,2026-08-31T21:24,2026-08-31,2026-10-06,37,33,4,648,648,100.0,647,1,5,Offline e Erro SD + Gravação,True,True,False,SANTA BRIGIDA,Santa Brigida
11977,22,2026-09-03T06:27,2026-09-03,2026-10-06,34,34,0,657,643,97.9,1,642,5,Offline e Erro SD + Gravação,False,False,False,SANTA BRIGIDA,Santa Brigida
11980,21,,2026-10-06,2026-10-06,1,1,0,1,1,100.0,0,1,5,Erro SD + Gravação,True,False,False,SANTA BRIGIDA,
11984,23,2026-08-31T21:48,2026-08-31,2026-10-06,37,36,1,676,676,100.0,0,676,5,Erro SD + Gravação,True,True,False,SANTA BRIGIDA,
11985,22,2026-10-04T19:35,2026-10-04,2026-10-06,3,3,0,14,14,100.0,1,13,5,Offline e Erro SD + Gravação,True,False,False,SANTA BRIGIDA,
11987,22,,2026-10-06,2026-10-06,1,1,0,1,1,100.0,0,1,5,Erro SD + Gravação,True,False,False,SANTA BRIGIDA,
11989,23,2026-09-17T04:00,2026-09-17,2026-10-06,20,20,0,352,349,99.1,0,349,5,Erro SD + Gravação,False,False,False,SANTA BRIGIDA,Santa Brigida
11990,22,,2026-10-06,2026-10-06,1,1,0,1,1,100.0,0,1,5,Erro SD + Gravação,True,False,False,SANTA BRIGIDA,
11993,21,2026-09-21T08:14,2026-09-21,2026-10-06,16,12,4,211,107,50.7,107,0,0,Offline,False,False,False,SANTA BRIGIDA,Santa Brigida
11993,22,2026-09-21T08:17,2026-09-21,2026-10-06,16,16,0,276,146,52.9,146,0,0,Offline,False,False,False,SANTA BRIGIDA,Santa Brigida
11993,23,2026-09-21T08:19,2026-09-21,2026-10-06,16,16,0,275,138,50.2,138,0,0,Offline,False,False,False,SANTA BRIGIDA,Santa Brigida
11994,23,2026-08-31T21:18,2026-08-31,2026-10-06,37,37,0,678,678,100.0,678,0,0,Offline,True,True,False,SANTA BRIGIDA,
11998,21,,2026-10-06,2026-10-06,1,1,0,1,1,100.0,0,1,5,Erro SD + Gravação,True,False,False,SANTA BRIGIDA,Santa Brigida
11998,23,2026-08-31T21:37,2026-08-31,2026-10-06,37,37,0,688,688,100.0,445,243,5,Offline e Erro SD + Gravação,True,True,False,SANTA BRIGIDA,Santa Brigida
11999,21,,2026-10-06,2026-10-06,1,1,0,1,1,100.0,0,1,5,Erro SD + Gravação,True,False,False,SANTA BRIGIDA,Santa Brigida
12431,22,2026-09-30T10:25,2026-09-30,2026-09-30,1,1,0,8,3,37.5,3,0,0,Offline,False,False,False,GATO PRETO A1,
12431,23,2026-09-30T10:27,2026-09-30,2026-09-30,1,1,0,7,3,42.9,3,0,0,Offline,False,False,False,GATO PRETO A1,
12432,21,2026-10-07T11:35,2026-10-07,2026-10-07,1,1,0,1,1,100.0,1,0,0,Offline,True,False,True,GATO PRETO A1,
12467,24,2026-08-31T21:36,2026-08-31,2026-10-07,38,38,0,737,701,95.1,0,701,5,Erro SD + Gravação,False,True,True,GATO PRETO A1,Gato Preto - Mackenzie
12467,25,,2026-10-06,2026-10-07,2,2,0,2,2,100.0,2,0,0,Offline,True,False,True,GATO PRETO A1,Gato Preto - Mackenzie
12468,22,2026-10-07T11:26,2026-10-07,2026-10-07,1,1,0,1,1,100.0,0,1,5,Erro SD + Gravação,True,False,True,GATO PRETO A1,
12471,21,2026-10-07T11:06,2026-10-07,2026-10-07,1,1,0,1,1,100.0,0,1,5,Erro SD + Gravação,True,False,True,GATO PRETO A1,
12472,23,2026-08-31T21:10,2026-08-31,2026-10-07,38,38,0,718,718,100.0,12,706,5,Offline e Erro SD + Gravação,True,True,True,GATO PRETO A1,
12473,21,2026-10-07T11:39,2026-10-07,2026-10-07,1,1,0,1,1,100.0,1,0,0,Offline,True,False,True,GATO PRETO A1,
12474,23,2026-08-31T21:53,2026-08-31,2026-10-07,38,38,0,739,739,100.0,0,739,5,Erro SD + Gravação,True,True,True,GATO PRETO A1,
12475,21,2026-08-31T21:07,2026-08-31,2026-10-07,38,34,4,662,662,100.0,662,0,0,Offline,True,True,True,GATO PRETO A1,
12475,22,2026-08-31T21:07,2026-08-31,2026-10-07,38,38,0,734,734,100.0,734,0,0,Offline,True,True,True,GATO PRETO A1,
12475,23,2026-08-31T21:07,2026-08-31,2026-10-07,38,38,0,733,733,100.0,733,0,0,Offline,True,True,True,GATO PRETO A1,
12475,24,2026-08-31T21:07,2026-08-31,2026-10-07,38,38,0,736,736,100.0,736,0,0,Offline,True,True,True,GATO PRETO A1,
12475,25,2026-08-31T21:07,2026-08-31,2026-10-07,38,38,0,736,736,100.0,736,0,0,Offline,True,True,True,GATO PRETO A1,
12475,26,2026-08-31T21:07,2026-08-31,2026-10-07,38,37,1,712,712,100.0,712,0,0,Offline,True,True,True,GATO PRETO A1,
12476,22,2026-10-07T11:02,2026-10-07,2026-10-07,1,1,0,1,1,100.0,0,1,5,Erro SD + Gravação,True,False,True,GATO PRETO A1,
12476,24,,2026-10-06,2026-10-07,2,2,0,2,2,100.0,2,0,0,Offline,True,False,True,GATO PRETO A1,
12476,26,2026-08-31T21:31,2026-08-31,2026-10-07,38,25,13,357,357,100.0,357,0,0,Offline,True,True,True,GATO PRETO A1,
12478,23,2026-08-31T21:41,2026-08-31,2026-10-07,38,38,0,697,697,100.0,1,696,5,Offline e Erro SD + Gravação,True,True,True,GATO PRETO A1,
12519,22,2026-10-07T11:23,2026-10-07,2026-10-07,1,1,0,1,1,100.0,0,1,5,Erro SD + Gravação,True,False,True,GATO PRETO A1,
12554,22,2026-10-07T11:22,2026-10-07,2026-10-07,1,1,0,1,1,100.0,0,1,5,Erro SD + Gravação,True,False,True,GATO PRETO A1,
12555,21,2026-09-09T09:36,2026-09-09,2026-09-28,20,20,0,440,432,98.2,0,432,5,Erro SD + Gravação,False,False,False,GATO PRETO A1,
12555,22,2026-09-09T09:36,2026-09-09,2026-10-01,23,23,0,484,476,98.3,0,476,5,Erro SD + Gravação,False,False,False,GATO PRETO A1,
12592,21,2026-10-05T04:54,2026-10-05,2026-10-07,3,3,0,8,6,75.0,1,5,5,Offline e Erro SD + Gravação,False,False,True,GATO PRETO A1,
12592,22,2026-09-28T19:37,2026-09-28,2026-10-07,10,10,0,101,76,75.2,6,70,5,Offline e Erro SD + Gravação,False,False,True,GATO PRETO A1,
12596,23,2026-09-30T10:09,2026-09-30,2026-10-07,8,8,0,73,65,89.0,1,64,5,Offline e Erro SD + Gravação,False,False,True,GATO PRETO A1,
12599,22,2026-10-07T11:03,2026-10-07,2026-10-07,1,1,0,1,1,100.0,1,0,0,Offline,True,False,True,GATO PRETO A1,
12607,23,,2026-10-06,2026-10-07,2,2,0,2,2,100.0,2,0,0,Offline,True,False,True,GATO PRETO A1,
12609,22,2026-10-07T11:35,2026-10-07,2026-10-07,1,1,0,1,1,100.0,0,1,5,Erro SD + Gravação,True,False,True,GATO PRETO A1,
12609,23,2026-08-31T21:19,2026-08-31,2026-10-07,38,38,0,715,715,100.0,0,715,5,Erro SD + Gravação,True,True,True,GATO PRETO A1,
12610,21,2026-10-07T11:20,2026-10-07,2026-10-07,1,1,0,1,1,100.0,0,1,5,Erro SD + Gravação,True,False,True,GATO PRETO A1,
12614,22,2026-10-07T11:24,2026-10-07,2026-10-07,1,1,0,1,1,100.0,0,1,5,Erro SD + Gravação,True,False,True,GATO PRETO A1,
12616,23,2026-08-31T21:02,2026-08-31,2026-10-07,38,38,0,732,732,100.0,0,732,5,Erro SD + Gravação,True,True,True,GATO PRETO A1,Gato Preto - Mackenzie
12646,21,2026-10-07T11:12,2026-10-07,2026-10-07,1,1,0,1,1,100.0,0,1,5,Erro SD + Gravação,True,False,True,GATO PRETO A1,
12668,21,2026-08-31T21:32,2026-08-31,2026-10-07,38,33,5,634,634,100.0,634,0,0,Offline,True,True,True,GATO PRETO A1,
12668,22,,2026-10-06,2026-10-06,1,1,0,1,1,100.0,1,0,0,Offline,True,False,False,GATO PRETO A1,
12676,22,2026-10-07T11:07,2026-10-07,2026-10-07,1,1,0,1,1,100.0,0,1,5,Erro SD + Gravação,True,False,True,GATO PRETO A1,
12686,23,2026-09-11T20:56,2026-09-11,2026-10-07,27,21,6,419,369,88.1,0,369,5,Erro SD + Gravação,False,False,True,GATO PRETO A1,Gato Preto - Mackenzie
12689,21,2026-08-31T21:05,2026-08-31,2026-10-07,38,34,4,660,660,100.0,660,0,0,Offline,True,True,True,GATO PRETO A1,
12689,22,2026-08-31T21:05,2026-08-31,2026-10-07,38,38,0,720,720,100.0,720,0,0,Offline,True,True,True,GATO PRETO A1,
12689,23,2026-08-31T21:05,2026-08-31,2026-10-07,38,38,0,727,727,100.0,727,0,0,Offline,True,True,True,GATO PRETO A1,
12691,22,2026-10-07T11:37,2026-10-07,2026-10-07,1,1,0,1,1,100.0,1,0,0,Offline,True,False,True,GATO PRETO A1,
13524,22,2026-09-17T08:55,2026-09-17,2026-09-21,5,5,0,111,98,88.3,98,0,0,Offline,False,False,False,GATO PRETO A1,
13525,21,2026-10-07T11:22,2026-10-07,2026-10-07,1,1,0,1,1,100.0,0,1,5,Erro SD + Gravação,True,False,True,GATO PRETO A1,
13525,23,2026-08-31T21:57,2026-08-31,2026-10-07,38,38,0,727,727,100.0,1,726,5,Offline e Erro SD + Gravação,True,True,True,GATO PRETO A1,
13526,23,2026-08-31T21:59,2026-08-31,2026-10-07,38,38,0,702,702,100.0,0,702,5,Erro SD + Gravação,True,True,True,GATO PRETO A1,
13529,23,2026-08-31T21:51,2026-08-31,2026-10-07,38,38,0,728,728,100.0,0,728,5,Erro SD + Gravação,True,True,True,GATO PRETO A1,Gato Preto - Mackenzie
13531,21,2026-10-07T11:24,2026-10-07,2026-10-07,1,1,0,1,1,100.0,0,1,5,Erro SD + Gravação,True,False,True,GATO PRETO A1,
13547,21,2026-08-31T21:24,2026-08-31,2026-09-28,29,29,0,635,635,100.0,2,633,5,Offline e Erro SD + Gravação,True,True,False,GATO PRETO A1,
13547,22,2026-08-31T21:25,2026-08-31,2026-09-30,31,31,0,667,667,100.0,2,665,5,Offline e Erro SD + Gravação,True,True,False,GATO PRETO A1,
13548,21,2026-10-07T11:07,2026-10-07,2026-10-07,1,1,0,1,1,100.0,0,1,5,Erro SD + Gravação,True,False,True,GATO PRETO A1,
13675,23,2026-09-25T21:18,2026-09-25,2026-10-07,13,7,6,104,72,69.2,0,72,5,Erro SD + Gravação,False,False,True,GATO PRETO A1,Gato Preto - Mackenzie
16008,21,2026-09-19T23:01,2026-09-19,2026-10-06,18,14,4,257,157,61.1,157,0,0,Offline,False,False,False,NORTE BUSS A1,
16008,22,2026-09-17T13:59,2026-09-17,2026-10-06,20,20,0,363,208,57.3,208,0,0,Offline,False,False,False,NORTE BUSS A1,
16009,22,,2026-10-06,2026-10-06,1,1,0,1,1,100.0,0,1,5,Erro SD + Gravação,True,False,False,NORTE BUSS A1,
16020,21,,2026-10-06,2026-10-06,1,1,0,1,1,100.0,1,0,0,Offline,True,False,False,NORTE BUSS A1,Norte Buss A1
16020,22,,2026-10-06,2026-10-06,1,1,0,1,1,100.0,1,0,0,Offline,True,False,False,NORTE BUSS A1,Norte Buss A1
16027,21,2026-08-31T21:36,2026-08-31,2026-10-06,37,33,4,653,653,100.0,653,0,0,Offline,True,True,False,NORTE BUSS A1,Norte Buss A1
16027,22,2026-08-31T21:36,2026-08-31,2026-10-06,37,37,0,717,717,100.0,717,0,0,Offline,True,True,False,NORTE BUSS A1,Norte Buss A1
16036,22,,2026-10-06,2026-10-06,1,1,0,1,1,100.0,1,0,0,Offline,True,False,False,NORTE BUSS A1,
16037,21,2026-08-31T21:02,2026-08-31,2026-10-06,37,33,4,669,669,100.0,669,0,0,Offline,True,True,False,NORTE BUSS A1,Norte Buss A1
16037,22,2026-08-31T21:02,2026-08-31,2026-10-06,37,37,0,724,724,100.0,724,0,0,Offline,True,True,False,NORTE BUSS A1,Norte Buss A1
16044,22,,2026-10-06,2026-10-06,1,1,0,1,1,100.0,0,1,5,Erro SD + Gravação,True,False,False,NORTE BUSS A1,Norte Buss A1
16048,22,,2026-10-06,2026-10-06,1,1,0,1,1,100.0,0,1,5,Erro SD + Gravação,True,False,False,NORTE BUSS A1,
16056,22,2026-10-05T10:03,2026-10-05,2026-10-06,2,2,0,13,2,15.4,2,0,0,Offline,False,False,False,NORTE BUSS A1,
16071,22,,2026-10-06,2026-10-06,1,1,0,1,1,100.0,1,0,0,Offline,True,False,False,NORTE BUSS A1,Norte Buss A1
16077,21,,2026-10-06,2026-10-06,1,1,0,1,1,100.0,1,0,0,Offline,True,False,False,NORTE BUSS A1,
16084,22,,2026-10-06,2026-10-06,1,1,0,1,1,100.0,0,1,5,Erro SD + Gravação,True,False,False,NORTE BUSS A1,
16085,21,2026-08-31T21:48,2026-08-31,2026-10-06,37,33,4,658,658,100.0,0,658,5,Erro SD + Gravação,True,True,False,NORTE BUSS A1,
16088,22,,2026-10-06,2026-10-06,1,1,0,1,1,100.0,0,1,5,Erro SD + Gravação,True,False,False,NORTE BUSS A1,Norte Buss A1
16094,22,,2026-10-06,2026-10-06,1,1,0,1,1,100.0,1,0,0,Offline,True,False,False,NORTE BUSS A1,
16111,21,2026-08-31T21:49,2026-08-31,2026-10-06,37,33,4,657,657,100.0,0,657,5,Erro SD + Gravação,True,True,False,NORTE BUSS A1,Norte Buss A1
16127,21,2026-08-31T21:08,2026-08-31,2026-10-06,37,31,6,498,498,100.0,99,399,5,Offline e Erro SD + Gravação,True,True,False,NORTE BUSS A1,Norte Buss A1
16127,22,2026-10-05T09:15,2026-10-05,2026-10-06,2,2,0,3,3,100.0,3,0,0,Offline,True,False,False,NORTE BUSS A1,Norte Buss A1
16141,22,,2026-10-06,2026-10-06,1,1,0,1,1,100.0,1,0,0,Offline,True,False,False,NORTE BUSS A1,Norte Buss A1
16145,22,,2026-10-06,2026-10-06,1,1,0,1,1,100.0,0,1,5,Erro SD + Gravação,True,False,False,NORTE BUSS A1,
16153,21,2026-08-31T21:37,2026-08-31,2026-10-06,37,33,4,671,671,100.0,0,671,5,Erro SD + Gravação,True,True,False,NORTE BUSS A1,
16154,21,,2026-10-06,2026-10-06,1,1,0,1,1,100.0,1,0,0,Offline,True,False,False,NORTE BUSS A1,
16161,21,,2026-10-06,2026-10-06,1,1,0,1,1,100.0,1,0,0,Offline,True,False,False,NORTE BUSS A1,Norte Buss A1
16162,21,2026-08-31T21:04,2026-08-31,2026-10-06,37,33,4,662,662,100.0,662,0,0,Offline,True,True,False,NORTE BUSS A1,Norte Buss A1
16162,22,2026-08-31T21:04,2026-08-31,2026-10-06,37,37,0,726,726,100.0,726,0,0,Offline,True,True,False,NORTE BUSS A1,Norte Buss A1
16182,22,,2026-10-06,2026-10-06,1,1,0,1,1,100.0,0,1,5,Erro SD + Gravação,True,False,False,NORTE BUSS A1,Norte Buss A1
16186,21,2026-09-24T07:15,2026-09-24,2026-10-06,13,9,4,126,119,94.4,119,0,0,Offline,False,False,False,NORTE BUSS A1,
16186,22,2026-09-24T07:15,2026-09-24,2026-10-06,13,13,0,194,187,96.4,187,0,0,Offline,False,False,False,NORTE BUSS A1,
16195,22,2026-08-31T21:46,2026-08-31,2026-10-06,37,37,0,745,745,100.0,745,0,0,Offline,True,True,False,NORTE BUSS A1,Norte Buss A1
16210,22,,2026-10-06,2026-10-06,1,1,0,1,1,100.0,0,1,5,Erro SD + Gravação,True,False,False,NORTE BUSS A1,
16223,21,,2026-10-06,2026-10-06,1,1,0,1,1,100.0,1,0,0,Offline,True,False,False,NORTE BUSS A1,Norte Buss A1
16227,22,,2026-10-06,2026-10-06,1,1,0,1,1,100.0,0,1,5,Erro SD + Gravação,True,False,False,NORTE BUSS A1,
16242,22,2026-10-05T09:52,2026-10-05,2026-10-06,2,2,0,3,3,100.0,0,3,5,Erro SD + Gravação,True,False,False,NORTE BUSS A1,
16249,22,2026-08-31T21:38,2026-08-31,2026-10-06,37,37,0,727,727,100.0,3,724,5,Offline e Erro SD + Gravação,True,True,False,NORTE BUSS A1,Norte Buss A1
16269,21,2026-08-31T21:13,2026-08-31,2026-10-06,37,33,4,670,670,100.0,670,0,0,Offline,True,True,False,NORTE BUSS A1,Norte Buss A1
16269,22,2026-08-31T21:13,2026-08-31,2026-10-06,37,37,0,725,725,100.0,725,0,0,Offline,True,True,False,NORTE BUSS A1,Norte Buss A1
16275,22,,2026-10-06,2026-10-06,1,1,0,1,1,100.0,1,0,0,Offline,True,False,False,NORTE BUSS A1,Norte Buss A1
16280,22,,2026-10-06,2026-10-06,1,1,0,1,1,100.0,0,1,5,Erro SD + Gravação,True,False,False,NORTE BUSS A1,
16281,21,2026-09-28T15:51,2026-09-28,2026-10-06,9,5,4,43,31,72.1,1,30,5,Offline e Erro SD + Gravação,False,False,False,NORTE BUSS A1,
16281,22,2026-08-31T21:31,2026-08-31,2026-10-06,37,37,0,710,710,100.0,223,487,5,Offline e Erro SD + Gravação,True,True,False,NORTE BUSS A1,
16285,21,,2026-10-06,2026-10-06,1,1,0,1,1,100.0,1,0,0,Offline,True,False,False,NORTE BUSS A1,
16300,21,2026-09-03T14:39,2026-09-03,2026-10-06,34,30,4,607,594,97.9,0,594,5,Erro SD + Gravação,False,False,False,NORTE BUSS A1,
16300,22,2026-09-25T00:32,2026-09-25,2026-10-06,12,12,0,174,174,100.0,0,174,5,Erro SD + Gravação,True,False,False,NORTE BUSS A1,
16303,22,,2026-10-06,2026-10-06,1,1,0,1,1,100.0,0,1,5,Erro SD + Gravação,True,False,False,NORTE BUSS A1,
16305,21,2026-09-01T01:27,2026-09-01,2026-10-06,36,32,4,492,291,59.1,291,0,0,Offline,False,False,False,NORTE BUSS A1,
16305,22,2026-09-01T01:29,2026-09-01,2026-10-06,36,36,0,540,307,56.9,307,0,0,Offline,False,False,False,NORTE BUSS A1,
16307,22,,2026-10-06,2026-10-06,1,1,0,1,1,100.0,0,1,5,Erro SD + Gravação,True,False,False,NORTE BUSS A1,
16308,22,2026-09-04T13:37,2026-09-04,2026-10-01,28,25,3,454,441,97.1,1,440,5,Offline e Erro SD + Gravação,False,False,False,NORTE BUSS A1,Norte Buss A1
16315,22,2026-10-05T02:28,2026-10-05,2026-10-06,2,2,0,11,5,45.5,5,0,0,Offline,False,False,False,NORTE BUSS A1,
16316,21,,2026-10-06,2026-10-06,1,1,0,1,1,100.0,1,0,0,Offline,True,False,False,NORTE BUSS A1,Norte Buss A1
16316,22,,2026-10-06,2026-10-06,1,1,0,1,1,100.0,1,0,0,Offline,True,False,False,NORTE BUSS A1,Norte Buss A1
16320,22,2026-09-09T09:04,2026-09-09,2026-10-06,28,28,0,540,502,93.0,502,0,0,Offline,False,False,False,NORTE BUSS A1,Norte Buss A1
16322,21,,2026-10-06,2026-10-06,1,1,0,1,1,100.0,0,1,5,Erro SD + Gravação,True,False,False,NORTE BUSS A1,Norte Buss A1
16323,22,2026-09-26T15:04,2026-09-26,2026-10-06,11,11,0,150,140,93.3,0,140,5,Erro SD + Gravação,False,False,False,NORTE BUSS A1,
16333,21,2026-08-31T22:59,2026-08-31,2026-10-06,37,33,4,660,474,71.8,474,0,0,Offline,False,True,False,NORTE BUSS A1,Norte Buss A1
16333,22,2026-08-31T21:01,2026-08-31,2026-10-06,37,37,0,714,507,71.0,507,0,0,Offline,False,True,False,NORTE BUSS A1,Norte Buss A1
16346,21,,2026-10-06,2026-10-06,1,1,0,1,1,100.0,1,0,0,Offline,True,False,False,NORTE BUSS A1,
16357,21,2026-08-31T21:26,2026-08-31,2026-10-06,37,33,4,616,616,100.0,7,609,5,Offline e Erro SD + Gravação,True,True,False,NORTE BUSS A1,
16357,22,2026-09-16T09:06,2026-09-16,2026-10-06,21,21,0,369,362,98.1,0,362,5,Erro SD + Gravação,False,False,False,NORTE BUSS A1,
16364,21,,2026-10-06,2026-10-06,1,1,0,1,1,100.0,0,1,5,Erro SD + Gravação,True,False,False,NORTE BUSS A1,
16367,22,2026-09-14T18:59,2026-09-14,2026-10-06,23,23,0,423,405,95.7,405,0,0,Offline,False,False,False,NORTE BUSS A1,
16370,21,2026-10-05T01:56,2026-10-05,2026-10-06,2,2,0,9,4,44.4,4,0,0,Offline,False,False,False,NORTE BUSS A1,Norte Buss A1
16370,22,2026-10-05T02:56,2026-10-05,2026-10-06,2,2,0,9,3,33.3,3,0,0,Offline,False,False,False,NORTE BUSS A1,Norte Buss A1
16371,21,,2026-10-06,2026-10-06,1,1,0,1,1,100.0,0,1,5,Erro SD + Gravação,True,False,False,NORTE BUSS A1,
16372,21,,2026-10-06,2026-10-06,1,1,0,1,1,100.0,1,0,0,Offline,True,False,False,NORTE BUSS A1,
16374,22,,2026-10-06,2026-10-06,1,1,0,1,1,100.0,0,1,5,Erro SD + Gravação,True,False,False,NORTE BUSS A1,Norte Buss A1
16376,21,2026-09-14T19:01,2026-09-14,2026-10-05,22,17,5,296,286,96.6,0,286,5,Erro SD + Gravação,False,False,False,NORTE BUSS A1,
16380,21,,2026-10-06,2026-10-06,1,1,0,1,1,100.0,1,0,0,Offline,True,False,False,NORTE BUSS A1,
16384,22,,2026-10-06,2026-10-06,1,1,0,1,1,100.0,1,0,0,Offline,True,False,False,NORTE BUSS A1,
16397,22,2026-09-16T21:05,2026-09-16,2026-10-06,21,21,0,380,334,87.9,22,312,5,Offline e Erro SD + Gravação,False,False,False,NORTE BUSS A1,
16413,22,,2026-10-06,2026-10-06,1,1,0,1,1,100.0,0,1,5,Erro SD + Gravação,True,False,False,NORTE BUSS A1,
16415,22,,2026-10-06,2026-10-06,1,1,0,1,1,100.0,0,1,5,Erro SD + Gravação,True,False,False,NORTE BUSS A1,
16430,22,,2026-10-06,2026-10-06,1,1,0,1,1,100.0,0,1,5,Erro SD + Gravação,True,False,False,NORTE BUSS A1,
16437,22,,2026-10-06,2026-10-06,1,1,0,1,1,100.0,1,0,0,Offline,True,False,False,NORTE BUSS A1,
16450,22,,2026-10-06,2026-10-06,1,1,0,1,1,100.0,1,0,0,Offline,True,False,False,NORTE BUSS A1,
16456,22,,2026-10-06,2026-10-06,1,1,0,1,1,100.0,0,1,5,Erro SD + Gravação,True,False,False,NORTE BUSS A1,
16457,22,,2026-10-06,2026-10-06,1,1,0,1,1,100.0,0,1,5,Erro SD + Gravação,True,False,False,NORTE BUSS A1,
16459,21,,2026-10-06,2026-10-06,1,1,0,1,1,100.0,1,0,0,Offline,True,False,False,NORTE BUSS A1,
16460,21,2026-09-24T19:20,2026-09-24,2026-10-06,13,9,4,140,122,87.1,0,122,5,Erro SD + Gravação,False,False,False,NORTE BUSS A1,Norte Buss A1
16465,21,,2026-10-06,2026-10-06,1,1,0,1,1,100.0,1,0,0,Offline,True,False,False,NORTE BUSS A1,Norte Buss A1
16474,22,,2026-10-06,2026-10-06,1,1,0,1,1,100.0,0,1,5,Erro SD + Gravação,True,False,False,NORTE BUSS A1,
16475,21,2026-08-31T21:23,2026-08-31,2026-10-06,37,33,4,666,666,100.0,0,666,5,Erro SD + Gravação,True,True,False,NORTE BUSS A1,Norte Buss A1
16478,22,,2026-10-06,2026-10-06,1,1,0,1,1,100.0,1,0,0,Offline,True,False,False,NORTE BUSS A1,Norte Buss A1
16482,22,,2026-10-06,2026-10-06,1,1,0,1,1,100.0,1,0,0,Offline,True,False,False,NORTE BUSS A1,
16492,22,,2026-10-06,2026-10-06,1,1,0,1,1,100.0,1,0,0,Offline,True,False,False,NORTE BUSS A1,
16497,22,2026-08-31T21:19,2026-08-31,2026-10-06,37,37,0,731,686,93.8,438,248,5,Offline e Erro SD + Gravação,False,True,False,NORTE BUSS A1,Norte Buss A1
16498,21,2026-09-24T13:22,2026-09-24,2026-10-06,13,9,4,140,59,42.1,59,0,0,Offline,False,False,False,NORTE BUSS A1,Norte Buss A1
16498,22,2026-09-24T13:22,2026-09-24,2026-10-06,13,13,0,201,124,61.7,124,0,0,Offline,False,False,False,NORTE BUSS A1,Norte Buss A1
16504,21,2026-08-31T21:11,2026-08-31,2026-10-06,37,33,4,649,649,100.0,649,0,0,Offline,True,True,False,NORTE BUSS A1,
16513,21,2026-08-31T21:36,2026-08-31,2026-10-06,37,33,4,639,639,100.0,0,639,5,Erro SD + Gravação,True,True,False,NORTE BUSS A1,Norte Buss A1
16515,22,,2026-10-06,2026-10-06,1,1,0,1,1,100.0,0,1,5,Erro SD + Gravação,True,False,False,NORTE BUSS A1,Norte Buss A1
16526,21,,2026-10-06,2026-10-06,1,1,0,1,1,100.0,1,0,0,Offline,True,False,False,NORTE BUSS A1,Norte Buss A1
16537,21,2026-08-31T22:08,2026-08-31,2026-10-06,37,33,4,663,663,100.0,663,0,0,Offline,True,True,False,NORTE BUSS A1,Norte Buss A1
16537,22,2026-08-31T22:08,2026-08-31,2026-10-06,37,37,0,730,730,100.0,730,0,0,Offline,True,True,False,NORTE BUSS A1,Norte Buss A1
16551,21,2026-08-31T21:18,2026-08-31,2026-10-06,37,33,4,648,648,100.0,0,648,5,Erro SD + Gravação,True,True,False,NORTE BUSS A1,
16559,21,,2026-10-06,2026-10-06,1,1,0,1,1,100.0,1,0,0,Offline,True,False,False,NORTE BUSS A1,Norte Buss A1
16559,22,,2026-10-06,2026-10-06,1,1,0,1,1,100.0,1,0,0,Offline,True,False,False,NORTE BUSS A1,Norte Buss A1
16567,22,,2026-10-06,2026-10-06,1,1,0,1,1,100.0,0,1,5,Erro SD + Gravação,True,False,False,NORTE BUSS A1,Norte Buss A1
16570,22,,2026-10-06,2026-10-06,1,1,0,1,1,100.0,0,1,5,Erro SD + Gravação,True,False,False,NORTE BUSS A1,
16579,22,,2026-10-06,2026-10-06,1,1,0,1,1,100.0,0,1,5,Erro SD + Gravação,True,False,False,NORTE BUSS A1,
16600,22,2026-08-31T21:32,2026-08-31,2026-09-28,29,29,0,616,616,100.0,616,0,0,Offline,True,True,False,NORTE BUSS A1,
16607,22,,2026-10-06,2026-10-06,1,1,0,1,1,100.0,0,1,5,Erro SD + Gravação,True,False,False,NORTE BUSS A1,
16622,22,,2026-10-06,2026-10-06,1,1,0,1,1,100.0,0,1,5,Erro SD + Gravação,True,False,False,NORTE BUSS A1,
16624,22,,2026-10-06,2026-10-06,1,1,0,1,1,100.0,0,1,5,Erro SD + Gravação,True,False,False,NORTE BUSS A1,
16640,21,2026-10-03T21:02,2026-10-03,2026-10-06,4,4,0,27,27,100.0,27,0,0,Offline,True,False,False,NORTE BUSS A1,Norte Buss A1
16640,22,2026-09-30T14:03,2026-09-30,2026-10-06,7,7,0,66,59,89.4,59,0,0,Offline,False,False,False,NORTE BUSS A1,Norte Buss A1
16650,21,2026-09-17T13:49,2026-09-17,2026-10-06,20,16,4,296,283,95.6,1,282,5,Offline e Erro SD + Gravação,False,False,False,NORTE BUSS A1,Norte Buss A1
16650,22,2026-09-18T00:09,2026-09-18,2026-10-06,19,19,0,351,351,100.0,0,351,5,Erro SD + Gravação,True,False,False,NORTE BUSS A1,Norte Buss A1
16669,21,2026-08-31T21:17,2026-08-31,2026-10-06,37,33,4,647,647,100.0,0,647,5,Erro SD + Gravação,True,True,False,NORTE BUSS A1,Norte Buss A1
16684,22,,2026-10-06,2026-10-06,1,1,0,1,1,100.0,1,0,0,Offline,True,False,False,NORTE BUSS A1,
16693,21,2026-08-31T21:13,2026-08-31,2026-10-06,37,33,4,662,662,100.0,662,0,0,Offline,True,True,False,NORTE BUSS A1,Norte Buss A1
16693,22,2026-08-31T21:13,2026-08-31,2026-10-06,37,37,0,722,722,100.0,722,0,0,Offline,True,True,False,NORTE BUSS A1,Norte Buss A1
16706,21,2026-08-31T21:12,2026-08-31,2026-10-06,37,33,4,658,658,100.0,0,658,5,Erro SD + Gravação,True,True,False,NORTE BUSS A1,Norte Buss A1
16706,22,2026-08-31T21:12,2026-08-31,2026-10-06,37,37,0,722,722,100.0,0,722,5,Erro SD + Gravação,True,True,False,NORTE BUSS A1,Norte Buss A1
16710,21,,2026-10-06,2026-10-06,1,1,0,1,1,100.0,1,0,0,Offline,True,False,False,NORTE BUSS A1,Norte Buss A1
16712,22,2026-10-05T08:28,2026-10-05,2026-10-06,2,2,0,7,4,57.1,4,0,0,Offline,False,False,False,NORTE BUSS A1,Norte Buss A1
16722,22,,2026-10-06,2026-10-06,1,1,0,1,1,100.0,0,1,5,Erro SD + Gravação,True,False,False,NORTE BUSS A1,
16725,21,,2026-10-06,2026-10-06,1,1,0,1,1,100.0,0,1,5,Erro SD + Gravação,True,False,False,NORTE BUSS A1,
16737,21,2026-09-02T09:35,2026-09-02,2026-10-06,35,31,4,641,473,73.8,473,0,0,Offline,False,False,False,NORTE BUSS A1,Norte Buss A1
16737,22,2026-09-02T09:35,2026-09-02,2026-10-06,35,35,0,696,512,73.6,512,0,0,Offline,False,False,False,NORTE BUSS A1,Norte Buss A1
16761,21,2026-08-31T21:58,2026-08-31,2026-10-06,37,33,4,669,669,100.0,669,0,0,Offline,True,True,False,NORTE BUSS A1,Norte Buss A1
16761,22,2026-08-31T21:59,2026-08-31,2026-10-06,37,37,0,723,723,100.0,723,0,0,Offline,True,True,False,NORTE BUSS A1,Norte Buss A1
16770,22,,2026-10-06,2026-10-06,1,1,0,1,1,100.0,0,1,5,Erro SD + Gravação,True,False,False,NORTE BUSS A1,
16784,21,,2026-10-06,2026-10-06,1,1,0,1,1,100.0,1,0,0,Offline,True,False,False,NORTE BUSS A1,Norte Buss A1
16962,21,2026-09-01T16:19,2026-09-01,2026-10-06,36,21,15,368,368,100.0,368,0,0,Offline,True,True,False,NORTE BUSS A1,
16962,22,2026-09-01T15:19,2026-09-01,2026-10-06,36,25,11,434,434,100.0,434,0,0,Offline,True,True,False,NORTE BUSS A1,
16971,21,,2026-10-06,2026-10-06,1,1,0,1,1,100.0,1,0,0,Offline,True,False,False,NORTE BUSS A1,
16973,21,2026-08-31T21:48,2026-08-31,2026-10-06,37,33,4,668,668,100.0,0,668,5,Erro SD + Gravação,True,True,False,NORTE BUSS A1,
16981,22,,2026-10-06,2026-10-06,1,1,0,1,1,100.0,0,1,5,Erro SD + Gravação,True,False,False,NORTE BUSS A1,Norte Buss A1
16984,22,2026-08-31T21:10,2026-08-31,2026-10-06,37,37,0,719,719,100.0,0,719,5,Erro SD + Gravação,True,True,False,NORTE BUSS A1,Norte Buss A1
16985,22,,2026-10-06,2026-10-06,1,1,0,1,1,100.0,1,0,0,Offline,True,False,False,NORTE BUSS A1,
16989,21,2026-08-31T21:58,2026-08-31,2026-10-06,37,33,4,666,666,100.0,0,666,5,Erro SD + Gravação,True,True,False,NORTE BUSS A1,Norte Buss A1
26012,21,2026-08-31T21:29,2026-08-31,2026-10-06,37,33,4,642,642,100.0,0,642,5,Erro SD + Gravação,True,True,False,NORTE BUSS A2,
26013,21,2026-08-31T21:39,2026-08-31,2026-10-06,37,33,4,669,669,100.0,669,0,0,Offline,True,True,False,NORTE BUSS A2,Norte Buss A1
26014,21,2026-08-31T22:10,2026-08-31,2026-10-06,37,32,5,643,643,100.0,12,631,5,Offline e Erro SD + Gravação,True,True,False,NORTE BUSS A2,Norte Buss A1
26014,22,2026-09-25T11:23,2026-09-25,2026-10-06,12,11,1,168,168,100.0,2,166,5,Offline e Erro SD + Gravação,True,True,False,NORTE BUSS A2,Norte Buss A1
26032,21,2026-09-21T09:07,2026-09-21,2026-10-06,16,12,4,209,200,95.7,200,0,0,Offline,False,False,False,NORTE BUSS A2,Norte Buss A2
26033,21,2026-09-09T06:59,2026-09-09,2026-10-06,28,24,4,427,421,98.6,0,421,5,Erro SD + Gravação,False,False,False,NORTE BUSS A2,
26037,21,,2026-10-06,2026-10-06,1,1,0,1,1,100.0,1,0,0,Offline,True,False,False,NORTE BUSS A2,Norte Buss A2
26039,21,2026-10-04T10:52,2026-10-04,2026-10-06,3,3,0,23,18,78.3,18,0,0,Offline,False,False,False,NORTE BUSS A2,Norte Buss A2
26054,21,,2026-10-06,2026-10-06,1,1,0,1,1,100.0,1,0,0,Offline,True,False,False,NORTE BUSS A2,Viação Metrópole Imperador
26062,21,2026-08-31T21:55,2026-08-31,2026-10-06,37,33,4,668,668,100.0,0,668,5,Erro SD + Gravação,True,True,False,NORTE BUSS A2,Norte Buss A1
26066,21,2026-10-05T07:14,2026-10-05,2026-10-06,2,2,0,8,2,25.0,2,0,0,Offline,False,False,False,NORTE BUSS A2,Norte Buss A2
26067,21,2026-08-31T21:08,2026-08-31,2026-10-06,37,32,5,639,639,100.0,9,630,5,Offline e Erro SD + Gravação,True,True,False,NORTE BUSS A2,Norte Buss A2
26067,22,2026-09-25T11:49,2026-09-25,2026-10-06,12,11,1,157,157,100.0,0,157,5,Erro SD + Gravação,True,True,False,NORTE BUSS A2,Norte Buss A2
26075,21,2026-10-03T21:11,2026-10-03,2026-10-06,4,4,0,21,21,100.0,21,0,0,Offline,True,False,False,NORTE BUSS A2,Norte Buss A2
26092,21,,2026-10-06,2026-10-06,1,1,0,1,1,100.0,1,0,0,Offline,True,False,False,NORTE BUSS A2,Norte Buss A2
26094,22,,2026-10-06,2026-10-06,1,1,0,1,1,100.0,0,1,5,Erro SD + Gravação,True,True,False,NORTE BUSS A2,Norte Buss A2
26100,22,,2026-10-06,2026-10-06,1,1,0,1,1,100.0,0,1,5,Erro SD + Gravação,True,False,False,NORTE BUSS A2,Norte Buss A2
26101,21,2026-09-04T05:35,2026-09-04,2026-10-06,33,29,4,585,580,99.1,136,444,5,Offline e Erro SD + Gravação,False,False,False,NORTE BUSS A2,Norte Buss A2
26102,21,2026-10-03T21:56,2026-10-03,2026-10-06,4,4,0,20,20,100.0,0,20,5,Erro SD + Gravação,True,False,False,NORTE BUSS A2,Norte Buss A2
26105,21,,2026-10-06,2026-10-06,1,1,0,1,1,100.0,1,0,0,Offline,True,False,False,NORTE BUSS A2,Norte Buss A2
26106,21,2026-10-03T23:48,2026-10-03,2026-10-06,4,4,0,18,15,83.3,15,0,0,Offline,False,False,False,NORTE BUSS A2,Norte Buss A2
26107,21,2026-09-04T09:46,2026-09-04,2026-10-06,33,18,15,194,194,100.0,0,194,5,Erro SD + Gravação,True,True,False,NORTE BUSS A2,Norte Buss A2
26107,22,2026-09-25T11:23,2026-09-25,2026-10-06,12,12,0,141,141,100.0,0,141,5,Erro SD + Gravação,True,True,False,NORTE BUSS A2,Norte Buss A2
26113,21,,2026-10-06,2026-10-06,1,1,0,1,1,100.0,1,0,0,Offline,True,False,False,NORTE BUSS A2,Norte Buss A2
26114,21,2026-09-19T06:31,2026-09-19,2026-10-06,18,14,4,239,234,97.9,0,234,5,Erro SD + Gravação,False,False,False,NORTE BUSS A2,
26116,21,,2026-10-06,2026-10-06,1,1,0,1,1,100.0,1,0,0,Offline,True,False,False,NORTE BUSS A2,Norte Buss A1
26128,22,,2026-10-06,2026-10-06,1,1,0,1,1,100.0,0,1,5,Erro SD + Gravação,True,False,False,NORTE BUSS A2,Norte Buss A2
26132,21,2026-08-31T21:21,2026-08-31,2026-10-06,37,33,4,666,666,100.0,1,665,5,Offline e Erro SD + Gravação,True,True,False,NORTE BUSS A2,Norte Buss A2
26133,21,2026-10-03T21:54,2026-10-03,2026-10-06,4,4,0,26,26,100.0,0,26,5,Erro SD + Gravação,True,True,False,NORTE BUSS A2,
26145,21,2026-09-21T10:37,2026-09-21,2026-10-06,16,12,4,182,172,94.5,172,0,0,Offline,False,False,False,NORTE BUSS A2,Norte Buss A2
26145,22,2026-09-25T11:37,2026-09-25,2026-10-06,12,12,0,166,166,100.0,166,0,0,Offline,True,True,False,NORTE BUSS A2,Norte Buss A2
26152,21,2026-08-31T21:12,2026-08-31,2026-10-06,37,32,5,595,595,100.0,0,595,5,Erro SD + Gravação,True,True,False,NORTE BUSS A2,Norte Buss A2
26156,21,2026-08-31T21:59,2026-08-31,2026-10-06,37,33,4,578,578,100.0,0,578,5,Erro SD + Gravação,True,True,False,NORTE BUSS A2,Norte Buss A2
26161,21,2026-08-31T21:24,2026-08-31,2026-10-06,37,31,6,604,604,100.0,604,0,0,Offline,True,True,False,NORTE BUSS A2,Norte Buss A1
26161,22,2026-08-31T21:24,2026-08-31,2026-10-06,37,35,2,665,665,100.0,665,0,0,Offline,True,True,False,NORTE BUSS A2,Norte Buss A1
26163,22,2026-08-31T21:32,2026-08-31,2026-10-06,37,37,0,718,718,100.0,0,718,5,Erro SD + Gravação,True,True,False,NORTE BUSS A2,
26175,21,2026-09-14T07:00,2026-09-14,2026-10-06,23,19,4,355,349,98.3,349,0,0,Offline,False,False,False,NORTE BUSS A2,Norte Buss A2
26175,22,2026-09-25T11:55,2026-09-25,2026-10-06,12,12,0,176,176,100.0,176,0,0,Offline,True,True,False,NORTE BUSS A2,Norte Buss A2
26179,21,2026-08-31T21:25,2026-08-31,2026-10-06,37,33,4,626,626,100.0,626,0,0,Offline,True,True,False,NORTE BUSS A2,Norte Buss A2
26179,22,2026-09-25T11:20,2026-09-25,2026-10-06,12,12,0,139,139,100.0,139,0,0,Offline,True,True,False,NORTE BUSS A2,Norte Buss A2
26180,21,2026-10-03T21:48,2026-10-03,2026-10-06,4,4,0,21,21,100.0,0,21,5,Erro SD + Gravação,True,False,False,NORTE BUSS A2,Norte Buss A2
26183,21,2026-08-31T21:13,2026-08-31,2026-10-06,37,33,4,668,668,100.0,0,668,5,Erro SD + Gravação,True,True,False,NORTE BUSS A2,Norte Buss A2
26186,21,2026-10-03T23:42,2026-10-03,2026-10-06,4,4,0,20,20,100.0,20,0,0,Offline,True,False,False,NORTE BUSS A2,Norte Buss A2
26186,22,2026-09-25T11:26,2026-09-25,2026-10-06,12,12,0,172,172,100.0,172,0,0,Offline,True,True,False,NORTE BUSS A2,Norte Buss A2
26188,21,2026-09-28T16:43,2026-09-28,2026-10-06,9,5,4,46,30,65.2,30,0,0,Offline,False,False,False,NORTE BUSS A2,Norte Buss A2
26188,22,2026-08-31T21:09,2026-08-31,2026-10-06,37,37,0,725,725,100.0,97,628,5,Offline e Erro SD + Gravação,True,True,False,NORTE BUSS A2,Norte Buss A2
26192,21,2026-09-08T08:50,2026-09-08,2026-10-06,29,25,4,494,337,68.2,337,0,0,Offline,False,False,False,NORTE BUSS A2,Norte Buss A2
26202,21,2026-08-31T22:14,2026-08-31,2026-10-06,37,33,4,587,587,100.0,4,583,5,Offline e Erro SD + Gravação,True,True,False,NORTE BUSS A2,Norte Buss A2
26202,22,2026-09-25T11:36,2026-09-25,2026-10-06,12,12,0,153,153,100.0,1,152,5,Offline e Erro SD + Gravação,True,True,False,NORTE BUSS A2,Norte Buss A2
26205,21,,2026-10-06,2026-10-06,1,1,0,1,1,100.0,0,1,5,Erro SD + Gravação,True,False,False,NORTE BUSS A2,Norte Buss A1
26211,21,2026-10-04T10:51,2026-10-04,2026-10-06,3,3,0,19,13,68.4,13,0,0,Offline,False,False,False,NORTE BUSS A2,Norte Buss A2
26227,21,2026-10-03T21:26,2026-10-03,2026-10-06,4,4,0,25,25,100.0,0,25,5,Erro SD + Gravação,True,False,False,NORTE BUSS A2,Norte Buss A2
26228,21,2026-08-31T21:04,2026-08-31,2026-10-06,37,33,4,662,662,100.0,662,0,0,Offline,True,True,False,NORTE BUSS A2,Viação Metrópole Imperador
26228,22,2026-09-25T12:05,2026-09-25,2026-10-06,12,12,0,169,169,100.0,169,0,0,Offline,True,True,False,NORTE BUSS A2,Viação Metrópole Imperador
26229,21,2026-09-28T10:29,2026-09-28,2026-10-06,9,5,4,46,36,78.3,0,36,5,Erro SD + Gravação,False,False,False,NORTE BUSS A2,Norte Buss A2
26230,21,2026-08-31T21:54,2026-08-31,2026-10-06,37,33,4,655,655,100.0,1,654,5,Offline e Erro SD + Gravação,True,True,False,NORTE BUSS A2,Norte Buss A2
26239,21,2026-08-31T21:27,2026-08-31,2026-10-06,37,32,5,649,649,100.0,2,647,5,Offline e Erro SD + Gravação,True,True,False,NORTE BUSS A2,
26247,21,2026-09-21T13:55,2026-09-21,2026-10-06,16,12,4,213,63,29.6,63,0,0,Offline,False,False,False,NORTE BUSS A2,Norte Buss A2
26247,22,2026-09-21T14:58,2026-09-21,2026-10-06,16,16,0,288,82,28.5,82,0,0,Offline,False,False,False,NORTE BUSS A2,Norte Buss A2
26251,21,2026-09-04T12:54,2026-09-04,2026-10-06,33,28,5,498,486,97.6,486,0,0,Offline,False,False,False,NORTE BUSS A2,Norte Buss A2
26262,21,2026-08-31T21:25,2026-08-31,2026-10-06,37,32,5,548,548,100.0,4,544,5,Offline e Erro SD + Gravação,True,True,False,NORTE BUSS A2,Norte Buss A2
26263,21,2026-08-31T21:27,2026-08-31,2026-10-06,37,33,4,631,631,100.0,0,631,5,Erro SD + Gravação,True,True,False,NORTE BUSS A2,Norte Buss A2
26271,21,2026-08-31T21:52,2026-08-31,2026-10-06,37,32,5,555,555,100.0,0,555,5,Erro SD + Gravação,True,True,False,NORTE BUSS A2,Norte Buss A2
26275,22,,2026-10-06,2026-10-06,1,1,0,1,1,100.0,0,1,5,Erro SD + Gravação,True,False,False,NORTE BUSS A2,Norte Buss A2
26276,21,2026-08-31T21:42,2026-08-31,2026-10-06,37,33,4,671,671,100.0,671,0,0,Offline,True,True,False,NORTE BUSS A2,Norte Buss A2
26276,22,2026-08-31T21:42,2026-08-31,2026-10-06,37,37,0,717,717,100.0,0,717,5,Erro SD + Gravação,True,True,False,NORTE BUSS A2,Norte Buss A2
26286,21,2026-10-03T21:49,2026-10-03,2026-10-06,4,4,0,19,19,100.0,0,19,5,Erro SD + Gravação,True,False,False,NORTE BUSS A2,
26289,21,,2026-10-06,2026-10-06,1,1,0,1,1,100.0,0,1,5,Erro SD + Gravação,True,False,False,NORTE BUSS A2,Norte Buss A1
26301,22,2026-10-01T10:58,2026-10-01,2026-10-01,1,1,0,6,1,16.7,1,0,0,Offline,False,False,False,NORTE BUSS A2,Norte Buss A1
26310,21,2026-08-31T21:58,2026-08-31,2026-10-06,37,33,4,643,643,100.0,0,643,5,Erro SD + Gravação,True,True,False,NORTE BUSS A2,Norte Buss A2
26322,22,,2026-10-06,2026-10-06,1,1,0,1,1,100.0,0,1,5,Erro SD + Gravação,True,False,False,NORTE BUSS A2,Norte Buss A2
26324,21,2026-09-04T20:28,2026-09-04,2026-10-06,33,29,4,593,572,96.5,1,571,5,Offline e Erro SD + Gravação,False,False,False,NORTE BUSS A2,Norte Buss A2
26336,21,2026-09-14T20:19,2026-09-14,2026-10-06,23,18,5,277,277,100.0,0,277,5,Erro SD + Gravação,True,False,False,NORTE BUSS A2,Viação Metrópole Imperador
26342,21,2026-08-31T21:55,2026-08-31,2026-10-06,37,32,5,521,521,100.0,0,521,5,Erro SD + Gravação,True,True,False,NORTE BUSS A2,Norte Buss A2
26349,21,2026-09-02T08:41,2026-09-02,2026-10-06,35,28,7,531,531,100.0,531,0,0,Offline,True,True,False,NORTE BUSS A2,Norte Buss A2
26352,21,2026-10-03T21:34,2026-10-03,2026-10-06,4,4,0,24,24,100.0,0,24,5,Erro SD + Gravação,True,False,False,NORTE BUSS A2,Norte Buss A2
26352,22,2026-09-29T16:23,2026-09-29,2026-10-06,8,8,0,76,76,100.0,7,69,5,Offline e Erro SD + Gravação,True,True,False,NORTE BUSS A2,Norte Buss A2
26356,21,2026-09-25T05:24,2026-09-25,2026-10-06,12,8,4,116,111,95.7,111,0,0,Offline,False,False,False,NORTE BUSS A2,Norte Buss A2
26360,21,2026-08-31T21:40,2026-08-31,2026-10-06,37,33,4,661,661,100.0,2,659,5,Offline e Erro SD + Gravação,True,True,False,NORTE BUSS A2,Norte Buss A2
26365,22,,2026-10-06,2026-10-06,1,1,0,1,1,100.0,0,1,5,Erro SD + Gravação,True,False,False,NORTE BUSS A2,Norte Buss A2
26366,21,,2026-10-06,2026-10-06,1,1,0,1,1,100.0,1,0,0,Offline,True,False,False,NORTE BUSS A2,Norte Buss A2
26370,21,2026-09-21T05:19,2026-09-21,2026-10-06,16,12,4,213,208,97.7,0,208,5,Erro SD + Gravação,False,False,False,NORTE BUSS A2,Norte Buss A2
26375,21,,2026-10-06,2026-10-06,1,1,0,1,1,100.0,1,0,0,Offline,True,False,False,NORTE BUSS A2,Norte Buss A2
26376,21,,2026-10-06,2026-10-06,1,1,0,1,1,100.0,1,0,0,Offline,True,False,False,NORTE BUSS A2,Norte Buss A2
26379,21,2026-09-01T19:01,2026-09-01,2026-10-06,36,32,4,640,640,100.0,1,639,5,Offline e Erro SD + Gravação,True,True,False,NORTE BUSS A2,Norte Buss A2
26383,21,2026-09-05T15:41,2026-09-05,2026-09-05,1,1,0,3,1,33.3,1,0,0,Offline,False,True,False,NORTE BUSS A2,
26386,21,2026-09-03T16:02,2026-09-03,2026-10-06,34,3,31,3,3,100.0,3,0,0,Offline,True,True,False,NORTE BUSS A2,Norte Buss A2
26393,21,2026-09-03T16:27,2026-09-03,2026-09-03,1,1,0,2,1,50.0,1,0,0,Offline,False,True,False,NORTE BUSS A2,Norte Buss A2
26394,21,2026-09-28T07:18,2026-09-28,2026-09-28,1,1,0,14,14,100.0,0,14,5,Erro SD + Gravação,True,False,False,NORTE BUSS A2,Norte Buss A2
26399,21,2026-08-31T21:38,2026-08-31,2026-10-06,37,30,7,509,509,100.0,10,499,5,Offline e Erro SD + Gravação,True,True,False,NORTE BUSS A2,
26403,21,,2026-10-06,2026-10-06,1,1,0,1,1,100.0,1,0,0,Offline,True,False,False,NORTE BUSS A2,Norte Buss A2
26403,22,,2026-10-06,2026-10-06,1,1,0,1,1,100.0,1,0,0,Offline,True,False,False,NORTE BUSS A2,Norte Buss A2
26408,21,2026-09-28T05:52,2026-09-28,2026-10-06,9,5,4,46,41,89.1,41,0,0,Offline,False,False,False,NORTE BUSS A2,Norte Buss A2
26410,21,2026-09-18T11:35,2026-09-18,2026-10-06,19,12,7,262,248,94.7,32,216,5,Offline e Erro SD + Gravação,False,False,False,NORTE BUSS A2,Norte Buss A2
26415,21,2026-08-31T21:34,2026-08-31,2026-10-06,37,31,6,603,603,100.0,2,601,5,Offline e Erro SD + Gravação,True,True,False,NORTE BUSS A2,Norte Buss A2
26420,21,2026-08-31T21:28,2026-08-31,2026-10-06,37,29,8,510,510,100.0,8,502,5,Offline e Erro SD + Gravação,True,True,False,NORTE BUSS A2,Norte Buss A2
26420,22,2026-09-25T12:26,2026-09-25,2026-10-06,12,12,0,164,164,100.0,163,1,5,Offline e Erro SD + Gravação,True,True,False,NORTE BUSS A2,Norte Buss A2
26450,21,2026-09-12T07:00,2026-09-12,2026-10-06,25,21,4,359,359,100.0,1,358,5,Offline e Erro SD + Gravação,True,True,False,NORTE BUSS A2,Norte Buss A2
26455,21,,2026-10-06,2026-10-06,1,1,0,1,1,100.0,1,0,0,Offline,True,False,False,NORTE BUSS A2,Norte Buss A2
26457,21,2026-09-04T09:45,2026-09-04,2026-10-06,33,29,4,581,581,100.0,2,579,5,Offline e Erro SD + Gravação,True,True,False,NORTE BUSS A2,Norte Buss A2
26459,21,2026-09-23T11:06,2026-09-23,2026-10-06,14,10,4,165,154,93.3,0,154,5,Erro SD + Gravação,False,False,False,NORTE BUSS A2,Norte Buss A2
26465,21,2026-09-28T09:36,2026-09-28,2026-09-28,1,1,0,11,2,18.2,2,0,0,Offline,False,False,False,NORTE BUSS A2,Norte Buss A2
26466,21,2026-08-31T21:12,2026-08-31,2026-10-06,37,33,4,655,655,100.0,1,654,5,Offline e Erro SD + Gravação,True,True,False,NORTE BUSS A2,Norte Buss A2
26467,21,2026-08-31T21:10,2026-08-31,2026-10-06,37,33,4,666,666,100.0,0,666,5,Erro SD + Gravação,True,True,False,NORTE BUSS A2,Norte Buss A1
26470,22,2026-09-25T18:40,2026-09-25,2026-10-06,12,12,0,182,164,90.1,164,0,0,Offline,False,False,False,NORTE BUSS A2,Norte Buss A2
26471,21,2026-08-31T21:07,2026-08-31,2026-10-06,37,33,4,634,634,100.0,634,0,0,Offline,True,True,False,NORTE BUSS A2,Norte Buss A2
26472,21,2026-08-31T21:22,2026-08-31,2026-10-06,37,33,4,673,673,100.0,673,0,0,Offline,True,True,False,NORTE BUSS A2,Norte Buss A2
26484,21,2026-08-31T21:36,2026-08-31,2026-10-06,37,33,4,654,654,100.0,0,654,5,Erro SD + Gravação,True,True,False,NORTE BUSS A2,Norte Buss A2
26484,22,2026-08-31T21:36,2026-08-31,2026-10-06,37,37,0,709,709,100.0,0,709,5,Erro SD + Gravação,True,True,False,NORTE BUSS A2,Norte Buss A2
26486,21,2026-09-25T10:40,2026-09-25,2026-10-06,12,8,4,113,103,91.2,1,102,5,Offline e Erro SD + Gravação,False,False,False,NORTE BUSS A2,Norte Buss A1
26486,22,2026-09-23T21:34,2026-09-23,2026-10-06,14,14,0,235,214,91.1,1,213,5,Offline e Erro SD + Gravação,False,False,False,NORTE BUSS A2,Norte Buss A1
26490,21,2026-08-31T21:03,2026-08-31,2026-10-06,37,33,4,668,668,100.0,668,0,0,Offline,True,True,False,NORTE BUSS A2,Norte Buss A2
26492,21,,2026-10-06,2026-10-06,1,1,0,1,1,100.0,0,1,5,Erro SD + Gravação,True,False,False,NORTE BUSS A2,Norte Buss A2
26493,21,2026-09-06T07:16,2026-09-06,2026-10-06,31,27,4,536,535,99.8,2,533,5,Offline e Erro SD + Gravação,False,False,False,NORTE BUSS A2,
26493,22,2026-09-25T11:58,2026-09-25,2026-10-06,12,12,0,165,165,100.0,1,164,5,Offline e Erro SD + Gravação,True,True,False,NORTE BUSS A2,
26494,21,2026-09-10T14:44,2026-09-10,2026-10-06,27,21,6,300,300,100.0,0,300,5,Erro SD + Gravação,True,False,False,NORTE BUSS A2,Norte Buss A2
26503,21,,2026-10-06,2026-10-06,1,1,0,1,1,100.0,1,0,0,Offline,True,False,False,NORTE BUSS A2,Norte Buss A2
26505,21,,2026-10-06,2026-10-06,1,1,0,1,1,100.0,0,1,5,Erro SD + Gravação,True,False,False,NORTE BUSS A2,Norte Buss A2
26506,21,,2026-10-06,2026-10-06,1,1,0,1,1,100.0,0,1,5,Erro SD + Gravação,True,False,False,NORTE BUSS A2,Norte Buss A2
26507,22,,2026-10-06,2026-10-06,1,1,0,1,1,100.0,0,1,5,Erro SD + Gravação,True,False,False,NORTE BUSS A2,Norte Buss A2
26510,21,,2026-10-06,2026-10-06,1,1,0,1,1,100.0,0,1,5,Erro SD + Gravação,True,False,False,NORTE BUSS A2,Norte Buss A2
26511,21,,2026-10-06,2026-10-06,1,1,0,1,1,100.0,0,1,5,Erro SD + Gravação,True,False,False,NORTE BUSS A2,Norte Buss A2
26515,21,,2026-10-06,2026-10-06,1,1,0,1,1,100.0,1,0,0,Offline,True,False,False,NORTE BUSS A2,
26516,21,,2026-10-06,2026-10-06,1,1,0,1,1,100.0,1,0,0,Offline,True,False,False,NORTE BUSS A2,Norte Buss A2
26519,21,,2026-10-06,2026-10-06,1,1,0,1,1,100.0,0,1,5,Erro SD + Gravação,True,False,False,NORTE BUSS A2,Norte Buss A2
26523,21,,2026-10-06,2026-10-06,1,1,0,1,1,100.0,1,0,0,Offline,True,False,False,NORTE BUSS A2,Norte Buss A2
26524,21,,2026-10-06,2026-10-06,1,1,0,1,1,100.0,1,0,0,Offline,True,False,False,NORTE BUSS A2,Norte Buss A2
26528,22,2026-10-02T14:42,2026-10-02,2026-10-02,1,1,0,1,1,100.0,1,0,0,Offline,True,True,False,NORTE BUSS A2,
26529,21,,2026-10-06,2026-10-06,1,1,0,1,1,100.0,1,0,0,Offline,True,False,False,NORTE BUSS A2,
26531,21,,2026-10-06,2026-10-06,1,1,0,1,1,100.0,0,1,5,Erro SD + Gravação,True,False,False,NORTE BUSS A2,Norte Buss A2
26546,23,2026-09-29T17:02,2026-09-29,2026-10-06,8,8,0,76,76,100.0,0,76,5,Erro SD + Gravação,True,True,False,NORTE BUSS A2,
26547,23,2026-09-29T17:15,2026-09-29,2026-10-06,8,8,0,70,70,100.0,0,70,5,Erro SD + Gravação,True,True,False,NORTE BUSS A2,
26548,21,2026-09-25T12:04,2026-09-25,2026-10-06,12,8,4,104,104,100.0,0,104,5,Erro SD + Gravação,True,True,False,NORTE BUSS A2,
26548,23,2026-09-29T18:03,2026-09-29,2026-10-06,8,8,0,75,75,100.0,3,72,5,Offline e Erro SD + Gravação,True,True,False,NORTE BUSS A2,
26550,21,2026-09-25T13:02,2026-09-25,2026-10-06,12,8,4,104,104,100.0,104,0,0,Offline,True,True,False,NORTE BUSS A2,Norte Buss A2
26551,21,2026-09-25T12:10,2026-09-25,2026-10-06,12,8,4,103,103,100.0,103,0,0,Offline,True,True,False,NORTE BUSS A2,Norte Buss A1
26551,22,2026-09-25T12:11,2026-09-25,2026-10-06,12,12,0,175,175,100.0,175,0,0,Offline,True,True,False,NORTE BUSS A2,Norte Buss A1
26551,23,2026-09-29T16:41,2026-09-29,2026-10-06,8,8,0,73,73,100.0,73,0,0,Offline,True,True,False,NORTE BUSS A2,Norte Buss A1
26552,22,2026-09-25T12:44,2026-09-25,2026-10-06,12,12,0,162,162,100.0,0,162,5,Erro SD + Gravação,True,True,False,NORTE BUSS A2,Norte Buss A2
26553,22,2026-09-25T12:45,2026-09-25,2026-10-06,12,12,0,162,162,100.0,162,0,0,Offline,True,True,False,NORTE BUSS A2,Norte Buss A2
26901,21,2026-08-31T21:04,2026-08-31,2026-10-06,37,33,4,542,542,100.0,266,276,5,Offline e Erro SD + Gravação,True,True,False,NORTE BUSS A2,Norte Buss A2
26902,21,2026-09-11T07:19,2026-09-11,2026-10-06,26,18,8,271,271,100.0,0,271,5,Erro SD + Gravação,True,False,False,NORTE BUSS A2,
26909,21,2026-09-11T22:38,2026-09-11,2026-09-28,18,18,0,363,363,100.0,0,363,5,Erro SD + Gravação,True,True,False,NORTE BUSS A2,Norte Buss A2
26912,21,2026-09-14T06:53,2026-09-14,2026-10-06,23,19,4,337,337,100.0,337,0,0,Offline,True,False,False,NORTE BUSS A2,Norte Buss A2
26916,21,2026-10-05T06:51,2026-10-05,2026-10-06,2,2,0,9,6,66.7,0,6,5,Erro SD + Gravação,False,False,False,NORTE BUSS A2,Norte Buss A2
26918,21,2026-09-01T13:11,2026-09-01,2026-10-06,36,30,6,538,530,98.5,41,489,5,Offline e Erro SD + Gravação,False,False,False,NORTE BUSS A2,
26921,21,2026-10-05T00:04,2026-10-05,2026-10-06,2,2,0,11,11,100.0,11,0,0,Offline,True,False,False,NORTE BUSS A2,Norte Buss A2
26923,21,2026-08-31T21:27,2026-08-31,2026-10-06,37,33,4,637,637,100.0,637,0,0,Offline,True,True,False,NORTE BUSS A2,
26927,21,2026-09-02T18:08,2026-09-02,2026-10-06,35,31,4,447,447,100.0,447,0,0,Offline,True,True,False,NORTE BUSS A2,
31002,22,2026-10-07T10:50,2026-10-07,2026-10-07,1,1,0,1,1,100.0,1,0,0,Offline,True,False,True,METROPOLE - IGUATEMI,Viação Metrópole Iguatemi
31007,22,2026-10-07T10:48,2026-10-07,2026-10-07,1,1,0,1,1,100.0,1,0,0,Offline,True,False,True,METROPOLE - IGUATEMI,Viação Metrópole Iguatemi
31013,21,2026-09-11T05:31,2026-09-11,2026-10-06,26,22,4,423,418,98.8,418,0,0,Offline,False,False,False,METROPOLE - IMPERADOR,Via Sudeste Cursino
31015,22,,2026-10-06,2026-10-06,1,1,0,1,1,100.0,0,1,5,Erro SD + Gravação,True,False,False,METROPOLE - IMPERADOR,
31017,21,2026-09-16T12:55,2026-09-16,2026-10-06,21,17,4,331,319,96.4,318,1,5,Offline e Erro SD + Gravação,False,False,False,METROPOLE - IMPERADOR,Viação Metrópole Imperador
31017,22,2026-08-31T21:09,2026-08-31,2026-10-06,37,37,0,723,723,100.0,1,722,5,Offline e Erro SD + Gravação,True,True,False,METROPOLE - IMPERADOR,Viação Metrópole Imperador
31037,21,2026-10-07T10:50,2026-10-07,2026-10-07,1,1,0,1,1,100.0,0,1,5,Erro SD + Gravação,True,False,True,METROPOLE - EXPANDIR,
31075,21,2026-10-07T11:03,2026-10-07,2026-10-07,1,1,0,1,1,100.0,0,1,5,Erro SD + Gravação,True,False,True,METROPOLE - ITAIM,
31076,23,2026-10-07T11:01,2026-10-07,2026-10-07,1,1,0,1,1,100.0,1,0,0,Offline,True,False,True,METROPOLE - ITAIM,Viação Metrópole Itaim
31082,25,2026-09-18T05:36,2026-09-18,2026-10-06,19,19,0,350,228,65.1,228,0,0,Offline,False,False,False,METROPOLE - IMPERADOR,Viação Metrópole Imperador
31082,26,2026-08-31T21:36,2026-08-31,2026-10-06,37,36,1,706,706,100.0,706,0,0,Offline,True,True,False,METROPOLE - IMPERADOR,Viação Metrópole Imperador
31084,21,2026-08-31T21:24,2026-08-31,2026-10-07,38,34,4,661,661,100.0,661,0,0,Offline,True,True,True,METROPOLE - IGUATEMI,Viação Metrópole Iguatemi
31084,22,2026-10-07T11:41,2026-10-07,2026-10-07,1,1,0,1,1,100.0,1,0,0,Offline,True,False,True,METROPOLE - IGUATEMI,Viação Metrópole Iguatemi
31084,23,2026-10-07T11:41,2026-10-07,2026-10-07,1,1,0,1,1,100.0,1,0,0,Offline,True,False,True,METROPOLE - IGUATEMI,Viação Metrópole Iguatemi
31084,24,2026-10-07T11:41,2026-10-07,2026-10-07,1,1,0,1,1,100.0,1,0,0,Offline,True,False,True,METROPOLE - IGUATEMI,Viação Metrópole Iguatemi
31084,25,2026-10-07T11:41,2026-10-07,2026-10-07,1,1,0,1,1,100.0,1,0,0,Offline,True,False,True,METROPOLE - IGUATEMI,Viação Metrópole Iguatemi
31084,26,2026-08-31T21:24,2026-08-31,2026-10-07,38,37,1,703,703,100.0,1,702,5,Offline e Erro SD + Gravação,True,True,True,METROPOLE - IGUATEMI,Viação Metrópole Iguatemi
31089,21,2026-10-07T11:33,2026-10-07,2026-10-07,1,1,0,1,1,100.0,1,0,0,Offline,True,False,True,METROPOLE - IGUATEMI,Viação Metrópole Iguatemi
31089,23,2026-08-31T21:36,2026-08-31,2026-10-07,38,38,0,738,738,100.0,0,738,5,Erro SD + Gravação,True,True,True,METROPOLE - IGUATEMI,Viação Metrópole Iguatemi
31090,21,2026-08-31T21:11,2026-08-31,2026-10-06,37,33,4,660,660,100.0,660,0,0,Offline,True,True,False,METROPOLE - IMPERADOR,
31090,22,2026-08-31T21:12,2026-08-31,2026-10-06,37,37,0,720,720,100.0,720,0,0,Offline,True,True,False,METROPOLE - IMPERADOR,
31090,23,2026-08-31T21:12,2026-08-31,2026-10-06,37,37,0,720,720,100.0,720,0,0,Offline,True,True,False,METROPOLE - IMPERADOR,
31090,24,2026-08-31T21:12,2026-08-31,2026-10-06,37,37,0,730,730,100.0,730,0,0,Offline,True,True,False,METROPOLE - IMPERADOR,
31090,25,2026-08-31T21:12,2026-08-31,2026-10-06,37,37,0,735,735,100.0,735,0,0,Offline,True,True,False,METROPOLE - IMPERADOR,
31090,26,2026-08-31T21:12,2026-08-31,2026-10-06,37,36,1,715,715,100.0,715,0,0,Offline,True,True,False,METROPOLE - IMPERADOR,
31091,21,2026-08-31T22:14,2026-08-31,2026-10-06,37,32,5,617,617,100.0,34,583,5,Offline e Erro SD + Gravação,True,True,False,METROPOLE - IMPERADOR,Viação Metrópole Imperador
31091,22,2026-08-31T21:14,2026-08-31,2026-10-06,37,36,1,686,685,99.9,47,638,5,Offline e Erro SD + Gravação,False,True,False,METROPOLE - IMPERADOR,Viação Metrópole Imperador
31091,23,2026-08-31T21:14,2026-08-31,2026-10-06,37,36,1,677,677,100.0,34,643,5,Offline e Erro SD + Gravação,True,True,False,METROPOLE - IMPERADOR,Viação Metrópole Imperador
31092,21,2026-08-31T21:11,2026-08-31,2026-10-04,35,31,4,644,644,100.0,644,0,0,Offline,True,True,False,METROPOLE - IGUATEMI,Viação Metrópole Iguatemi
31092,22,2026-09-16T01:29,2026-09-16,2026-10-04,19,19,0,376,203,54.0,203,0,0,Offline,False,False,False,METROPOLE - IGUATEMI,Viação Metrópole Iguatemi
31092,23,2026-08-31T21:15,2026-08-31,2026-10-04,35,35,0,710,710,100.0,380,330,5,Offline e Erro SD + Gravação,True,True,False,METROPOLE - IGUATEMI,Viação Metrópole Iguatemi
31092,24,2026-09-16T01:33,2026-09-16,2026-10-04,19,19,0,380,203,53.4,203,0,0,Offline,False,False,False,METROPOLE - IGUATEMI,Viação Metrópole Iguatemi
31092,25,2026-09-16T01:35,2026-09-16,2026-10-04,19,19,0,376,226,60.1,200,26,5,Offline e Erro SD + Gravação,False,False,False,METROPOLE - IGUATEMI,Viação Metrópole Iguatemi
31092,26,2026-09-16T01:38,2026-09-16,2026-10-04,19,18,1,360,181,50.3,181,0,0,Offline,False,False,False,METROPOLE - IGUATEMI,Viação Metrópole Iguatemi
31093,21,2026-08-31T21:43,2026-08-31,2026-10-07,38,34,4,661,661,100.0,661,0,0,Offline,True,True,True,METROPOLE - IGUATEMI,Viação Metrópole Iguatemi
31093,22,2026-08-31T21:43,2026-08-31,2026-10-07,38,38,0,713,713,100.0,713,0,0,Offline,True,True,True,METROPOLE - IGUATEMI,Viação Metrópole Iguatemi
31093,23,2026-09-03T15:48,2026-09-03,2026-10-07,35,35,0,679,585,86.2,585,0,0,Offline,False,False,True,METROPOLE - IGUATEMI,Viação Metrópole Iguatemi
31093,24,2026-09-04T23:51,2026-09-04,2026-10-07,34,34,0,652,577,88.5,577,0,0,Offline,False,False,True,METROPOLE - IGUATEMI,Viação Metrópole Iguatemi
31093,25,2026-08-31T21:43,2026-08-31,2026-10-07,38,38,0,721,712,98.8,712,0,0,Offline,False,True,True,METROPOLE - IGUATEMI,Viação Metrópole Iguatemi
31093,26,2026-09-04T23:51,2026-09-04,2026-10-07,34,33,1,626,548,87.5,548,0,0,Offline,False,False,True,METROPOLE - IGUATEMI,Viação Metrópole Iguatemi
31094,21,2026-08-31T21:29,2026-08-31,2026-10-06,37,32,5,625,625,100.0,625,0,0,Offline,True,True,False,METROPOLE - IGUATEMI,Viação Metrópole Iguatemi
31094,22,2026-08-31T21:29,2026-08-31,2026-10-06,37,36,1,687,687,100.0,687,0,0,Offline,True,True,False,METROPOLE - IGUATEMI,Viação Metrópole Iguatemi
31094,23,2026-08-31T21:29,2026-08-31,2026-10-06,37,36,1,684,684,100.0,684,0,0,Offline,True,True,False,METROPOLE - IGUATEMI,Viação Metrópole Iguatemi
31094,24,2026-08-31T21:30,2026-08-31,2026-10-06,37,36,1,689,689,100.0,689,0,0,Offline,True,True,False,METROPOLE - IGUATEMI,Viação Metrópole Iguatemi
31094,25,2026-08-31T21:30,2026-08-31,2026-10-06,37,36,1,700,700,100.0,700,0,0,Offline,True,True,False,METROPOLE - IGUATEMI,Viação Metrópole Iguatemi
31094,26,2026-08-31T21:30,2026-08-31,2026-10-06,37,35,2,661,661,100.0,661,0,0,Offline,True,True,False,METROPOLE - IGUATEMI,Viação Metrópole Iguatemi
31096,21,2026-09-23T12:38,2026-09-23,2026-10-07,15,11,4,153,94,61.4,83,11,5,Offline e Erro SD + Gravação,False,False,True,METROPOLE - IGUATEMI,
31096,22,2026-09-30T00:34,2026-09-30,2026-10-07,8,8,0,70,28,40.0,28,0,0,Offline,False,False,True,METROPOLE - IGUATEMI,
31096,23,2026-09-23T12:38,2026-09-23,2026-10-07,15,15,0,212,97,45.8,96,1,5,Offline e Erro SD + Gravação,False,False,True,METROPOLE - IGUATEMI,
31096,25,2026-09-18T14:14,2026-09-18,2026-10-07,20,19,1,269,269,100.0,269,0,0,Offline,True,True,True,METROPOLE - IGUATEMI,
31096,26,2026-09-18T14:14,2026-09-18,2026-10-07,20,18,2,243,243,100.0,243,0,0,Offline,True,True,True,METROPOLE - IGUATEMI,
31097,23,2026-08-31T21:21,2026-08-31,2026-10-06,37,37,0,694,694,100.0,694,0,0,Offline,True,True,False,METROPOLE - IMPERADOR,Viação Metrópole Imperador
31098,21,2026-08-31T21:34,2026-08-31,2026-10-06,37,33,4,660,660,100.0,0,660,5,Erro SD + Gravação,True,True,False,METROPOLE - IMPERADOR,
31098,22,2026-08-31T21:34,2026-08-31,2026-10-06,37,37,0,726,726,100.0,726,0,0,Offline,True,True,False,METROPOLE - IMPERADOR,
31098,23,2026-08-31T21:35,2026-08-31,2026-10-06,37,37,0,724,724,100.0,724,0,0,Offline,True,True,False,METROPOLE - IMPERADOR,
31098,24,2026-08-31T21:35,2026-08-31,2026-10-06,37,37,0,727,727,100.0,727,0,0,Offline,True,True,False,METROPOLE - IMPERADOR,
31098,25,2026-08-31T21:35,2026-08-31,2026-10-06,37,37,0,735,735,100.0,735,0,0,Offline,True,True,False,METROPOLE - IMPERADOR,
31098,26,2026-08-31T21:35,2026-08-31,2026-10-06,37,36,1,709,709,100.0,709,0,0,Offline,True,True,False,METROPOLE - IMPERADOR,
31099,26,2026-08-31T21:15,2026-08-31,2026-10-06,37,36,1,697,697,100.0,697,0,0,Offline,True,True,False,METROPOLE - IMPERADOR,Viação Metrópole Imperador
31102,21,2026-10-07T11:04,2026-10-07,2026-10-07,1,1,0,1,1,100.0,1,0,0,Offline,True,False,True,METROPOLE - ITAIM,
31105,21,2026-08-31T21:20,2026-08-31,2026-10-07,38,34,4,668,668,100.0,668,0,0,Offline,True,True,True,METROPOLE - IGUATEMI,Viação Metrópole Iguatemi
31105,22,2026-08-31T21:20,2026-08-31,2026-10-07,38,38,0,730,730,100.0,730,0,0,Offline,True,True,True,METROPOLE - IGUATEMI,Viação Metrópole Iguatemi
31105,23,2026-08-31T21:20,2026-08-31,2026-10-07,38,38,0,727,727,100.0,727,0,0,Offline,True,True,True,METROPOLE - IGUATEMI,Viação Metrópole Iguatemi
31105,24,2026-08-31T21:20,2026-08-31,2026-10-07,38,38,0,733,733,100.0,733,0,0,Offline,True,True,True,METROPOLE - IGUATEMI,Viação Metrópole Iguatemi
31105,25,2026-08-31T21:20,2026-08-31,2026-10-07,38,38,0,743,743,100.0,743,0,0,Offline,True,True,True,METROPOLE - IGUATEMI,Viação Metrópole Iguatemi
31105,26,2026-08-31T21:20,2026-08-31,2026-10-07,38,37,1,719,719,100.0,719,0,0,Offline,True,True,True,METROPOLE - IGUATEMI,Viação Metrópole Iguatemi
31108,22,2026-09-17T14:29,2026-09-17,2026-09-17,1,1,0,15,1,6.7,1,0,0,Offline,False,False,False,METROPOLE - EXPANDIR,
31108,23,2026-09-17T14:29,2026-09-17,2026-09-17,1,1,0,15,1,6.7,1,0,0,Offline,False,False,False,METROPOLE - EXPANDIR,
31108,24,2026-09-17T14:29,2026-09-17,2026-09-17,1,1,0,15,1,6.7,1,0,0,Offline,False,False,False,METROPOLE - EXPANDIR,
31109,26,2026-08-31T21:32,2026-08-31,2026-09-17,18,18,0,369,369,100.0,1,368,5,Offline e Erro SD + Gravação,True,True,False,METROPOLE - EXPANDIR,
31111,21,2026-08-31T21:37,2026-08-31,2026-10-06,37,33,4,656,656,100.0,656,0,0,Offline,True,True,False,METROPOLE - IMPERADOR,
31111,22,2026-08-31T21:40,2026-08-31,2026-10-06,37,37,0,717,717,100.0,717,0,0,Offline,True,True,False,METROPOLE - IMPERADOR,
31111,23,2026-08-31T21:42,2026-08-31,2026-10-06,37,37,0,724,724,100.0,724,0,0,Offline,True,True,False,METROPOLE - IMPERADOR,
31111,24,2026-08-31T21:44,2026-08-31,2026-10-06,37,37,0,722,722,100.0,722,0,0,Offline,True,True,False,METROPOLE - IMPERADOR,
31111,25,2026-08-31T21:46,2026-08-31,2026-10-06,37,37,0,723,723,100.0,723,0,0,Offline,True,True,False,METROPOLE - IMPERADOR,
31111,26,2026-08-31T21:49,2026-08-31,2026-10-06,37,36,1,710,710,100.0,710,0,0,Offline,True,True,False,METROPOLE - IMPERADOR,
31112,26,2026-08-31T21:26,2026-08-31,2026-10-06,37,32,5,594,594,100.0,594,0,0,Offline,True,True,False,METROPOLE - IMPERADOR,Viação Metrópole Imperador
31113,21,2026-08-31T21:49,2026-08-31,2026-10-06,37,32,5,537,537,100.0,537,0,0,Offline,True,True,False,METROPOLE - IMPERADOR,Viação Metrópole Imperador
31113,22,2026-08-31T21:49,2026-08-31,2026-10-06,37,36,1,601,601,100.0,1,600,5,Offline e Erro SD + Gravação,True,True,False,METROPOLE - IMPERADOR,Viação Metrópole Imperador
31113,23,2026-08-31T21:49,2026-08-31,2026-10-06,37,36,1,600,600,100.0,600,0,0,Offline,True,True,False,METROPOLE - IMPERADOR,Viação Metrópole Imperador
31113,24,2026-08-31T21:49,2026-08-31,2026-10-06,37,36,1,600,600,100.0,600,0,0,Offline,True,True,False,METROPOLE - IMPERADOR,Viação Metrópole Imperador
31113,25,2026-08-31T21:50,2026-08-31,2026-10-06,37,36,1,601,601,100.0,601,0,0,Offline,True,True,False,METROPOLE - IMPERADOR,Viação Metrópole Imperador
31113,26,2026-08-31T21:50,2026-08-31,2026-10-06,37,35,2,591,591,100.0,591,0,0,Offline,True,True,False,METROPOLE - IMPERADOR,Viação Metrópole Imperador
31116,21,2026-08-31T21:32,2026-08-31,2026-10-06,37,33,4,645,645,100.0,645,0,0,Offline,True,True,False,METROPOLE - IMPERADOR,Viação Metrópole Imperador
31116,22,2026-08-31T21:32,2026-08-31,2026-10-06,37,37,0,702,702,100.0,702,0,0,Offline,True,True,False,METROPOLE - IMPERADOR,Viação Metrópole Imperador
31116,23,2026-08-31T21:32,2026-08-31,2026-10-06,37,37,0,707,707,100.0,707,0,0,Offline,True,True,False,METROPOLE - IMPERADOR,Viação Metrópole Imperador
31116,24,2026-08-31T21:32,2026-08-31,2026-10-06,37,37,0,705,705,100.0,705,0,0,Offline,True,True,False,METROPOLE - IMPERADOR,Viação Metrópole Imperador
31116,25,2026-08-31T21:32,2026-08-31,2026-10-06,37,37,0,705,705,100.0,705,0,0,Offline,True,True,False,METROPOLE - IMPERADOR,Viação Metrópole Imperador
31116,26,2026-08-31T21:32,2026-08-31,2026-10-06,37,36,1,696,696,100.0,696,0,0,Offline,True,True,False,METROPOLE - IMPERADOR,Viação Metrópole Imperador
31118,21,,2026-10-06,2026-10-06,1,1,0,1,1,100.0,1,0,0,Offline,True,False,False,METROPOLE - IMPERADOR,
31118,22,,2026-10-06,2026-10-06,1,1,0,1,1,100.0,1,0,0,Offline,True,False,False,METROPOLE - IMPERADOR,
31118,23,,2026-10-06,2026-10-06,1,1,0,1,1,100.0,1,0,0,Offline,True,False,False,METROPOLE - IMPERADOR,
31118,24,,2026-10-06,2026-10-06,1,1,0,1,1,100.0,1,0,0,Offline,True,False,False,METROPOLE - IMPERADOR,
31118,25,,2026-10-06,2026-10-06,1,1,0,1,1,100.0,1,0,0,Offline,True,False,False,METROPOLE - IMPERADOR,
31118,26,,2026-10-06,2026-10-06,1,1,0,1,1,100.0,1,0,0,Offline,True,False,False,METROPOLE - IMPERADOR,
31119,21,2026-08-31T21:26,2026-08-31,2026-10-06,37,33,4,624,622,99.7,295,327,5,Offline e Erro SD + Gravação,False,True,False,METROPOLE - IMPERADOR,
31119,22,2026-09-11T10:42,2026-09-11,2026-10-06,26,26,0,488,478,98.0,1,477,5,Offline e Erro SD + Gravação,False,False,False,METROPOLE - IMPERADOR,
31119,26,2026-10-05T03:49,2026-10-05,2026-10-06,2,2,0,11,6,54.5,6,0,0,Offline,False,False,False,METROPOLE - IMPERADOR,
31120,24,2026-08-31T21:06,2026-08-31,2026-10-06,37,37,0,691,447,64.7,447,0,0,Offline,False,True,False,METROPOLE - IMPERADOR,Viação Metrópole Imperador
31121,24,2026-08-31T21:08,2026-08-31,2026-10-06,37,36,1,697,697,100.0,697,0,0,Offline,True,True,False,METROPOLE - IMPERADOR,
31121,25,2026-08-31T21:08,2026-08-31,2026-10-06,37,36,1,696,696,100.0,696,0,0,Offline,True,True,False,METROPOLE - IMPERADOR,
31121,26,2026-08-31T21:08,2026-08-31,2026-10-06,37,35,2,679,679,100.0,679,0,0,Offline,True,True,False,METROPOLE - IMPERADOR,
31122,22,2026-08-31T21:09,2026-08-31,2026-10-06,37,37,0,721,721,100.0,0,721,5,Erro SD + Gravação,True,True,False,METROPOLE - IMPERADOR,Viação Metrópole Imperador
31122,26,2026-08-31T21:09,2026-08-31,2026-10-06,37,36,1,700,690,98.6,690,0,0,Offline,False,True,False,METROPOLE - IMPERADOR,Viação Metrópole Imperador
31129,21,2026-08-31T21:00,2026-08-31,2026-10-06,37,33,4,608,608,100.0,608,0,0,Offline,True,True,False,METROPOLE - IMPERADOR,Viação Metrópole Imperador
31129,22,2026-08-31T21:00,2026-08-31,2026-10-06,37,37,0,670,670,100.0,670,0,0,Offline,True,True,False,METROPOLE - IMPERADOR,Viação Metrópole Imperador
31129,23,2026-08-31T21:01,2026-08-31,2026-10-06,37,37,0,676,676,100.0,676,0,0,Offline,True,True,False,METROPOLE - IMPERADOR,Viação Metrópole Imperador
31129,24,2026-08-31T21:01,2026-08-31,2026-10-06,37,37,0,686,686,100.0,686,0,0,Offline,True,True,False,METROPOLE - IMPERADOR,Viação Metrópole Imperador
31129,25,2026-08-31T21:01,2026-08-31,2026-10-06,37,37,0,672,672,100.0,0,672,5,Erro SD + Gravação,True,True,False,METROPOLE - IMPERADOR,Viação Metrópole Imperador
31129,26,2026-08-31T21:01,2026-08-31,2026-10-06,37,36,1,654,654,100.0,654,0,0,Offline,True,True,False,METROPOLE - IMPERADOR,Viação Metrópole Imperador
31130,21,2026-09-01T13:45,2026-09-01,2026-10-06,36,32,4,651,639,98.2,1,638,5,Offline e Erro SD + Gravação,False,False,False,METROPOLE - IMPERADOR,Viação Metrópole Imperador
31132,25,2026-09-01T08:19,2026-09-01,2026-10-06,36,36,0,676,676,100.0,676,0,0,Offline,True,True,False,METROPOLE - IMPERADOR,Viação Metrópole Imperador
31132,26,2026-09-01T08:19,2026-09-01,2026-10-06,36,35,1,651,651,100.0,651,0,0,Offline,True,True,False,METROPOLE - IMPERADOR,Viação Metrópole Imperador
31133,22,2026-08-31T21:52,2026-08-31,2026-10-06,37,35,2,620,620,100.0,620,0,0,Offline,True,True,False,METROPOLE - IMPERADOR,Viação Metrópole Imperador
31133,23,2026-08-31T21:52,2026-08-31,2026-10-06,37,35,2,624,624,100.0,624,0,0,Offline,True,True,False,METROPOLE - IMPERADOR,Viação Metrópole Imperador
31133,24,2026-08-31T21:52,2026-08-31,2026-10-06,37,35,2,626,626,100.0,626,0,0,Offline,True,True,False,METROPOLE - IMPERADOR,Viação Metrópole Imperador
31133,25,2026-08-31T21:52,2026-08-31,2026-10-06,37,35,2,634,634,100.0,634,0,0,Offline,True,True,False,METROPOLE - IMPERADOR,Viação Metrópole Imperador
31133,26,2026-08-31T21:52,2026-08-31,2026-10-06,37,34,3,609,609,100.0,609,0,0,Offline,True,True,False,METROPOLE - IMPERADOR,Viação Metrópole Imperador
31134,21,2026-08-31T21:42,2026-08-31,2026-10-06,37,33,4,617,617,100.0,10,607,5,Offline e Erro SD + Gravação,True,True,False,METROPOLE - IMPERADOR,Viação Metrópole Imperador
31134,22,2026-08-31T21:42,2026-08-31,2026-10-06,37,37,0,676,676,100.0,8,668,5,Offline e Erro SD + Gravação,True,True,False,METROPOLE - IMPERADOR,Viação Metrópole Imperador
31134,26,2026-09-07T18:58,2026-09-07,2026-10-06,30,29,1,548,529,96.5,529,0,0,Offline,False,False,False,METROPOLE - IMPERADOR,Viação Metrópole Imperador
31136,22,2026-08-31T21:32,2026-08-31,2026-10-06,37,37,0,681,681,100.0,21,660,5,Offline e Erro SD + Gravação,True,True,False,METROPOLE - IMPERADOR,Viação Metrópole Imperador
31137,21,2026-08-31T21:12,2026-08-31,2026-10-06,37,33,4,656,656,100.0,8,648,5,Offline e Erro SD + Gravação,True,True,False,METROPOLE - IMPERADOR,
31137,22,2026-08-31T21:12,2026-08-31,2026-10-06,37,37,0,722,722,100.0,722,0,0,Offline,True,True,False,METROPOLE - IMPERADOR,
31137,23,2026-08-31T21:13,2026-08-31,2026-10-06,37,37,0,723,723,100.0,723,0,0,Offline,True,True,False,METROPOLE - IMPERADOR,
31137,24,2026-08-31T21:13,2026-08-31,2026-10-06,37,37,0,723,723,100.0,723,0,0,Offline,True,True,False,METROPOLE - IMPERADOR,
31137,25,2026-08-31T21:13,2026-08-31,2026-10-06,37,37,0,725,725,100.0,725,0,0,Offline,True,True,False,METROPOLE - IMPERADOR,
31137,26,2026-08-31T21:13,2026-08-31,2026-10-06,37,36,1,705,705,100.0,705,0,0,Offline,True,True,False,METROPOLE - IMPERADOR,
31139,21,2026-08-31T21:28,2026-08-31,2026-10-06,37,33,4,654,654,100.0,654,0,0,Offline,True,True,False,METROPOLE - IMPERADOR,Viação Metrópole Imperador
31139,22,2026-08-31T21:28,2026-08-31,2026-10-06,37,37,0,712,712,100.0,712,0,0,Offline,True,True,False,METROPOLE - IMPERADOR,Viação Metrópole Imperador
31139,23,2026-08-31T21:28,2026-08-31,2026-10-06,37,37,0,710,710,100.0,710,0,0,Offline,True,True,False,METROPOLE - IMPERADOR,Viação Metrópole Imperador
31139,24,2026-08-31T21:28,2026-08-31,2026-10-06,37,37,0,716,716,100.0,716,0,0,Offline,True,True,False,METROPOLE - IMPERADOR,Viação Metrópole Imperador
31139,25,2026-08-31T21:28,2026-08-31,2026-10-06,37,37,0,717,717,100.0,717,0,0,Offline,True,True,False,METROPOLE - IMPERADOR,Viação Metrópole Imperador
31139,26,2026-08-31T21:28,2026-08-31,2026-10-06,37,36,1,703,703,100.0,703,0,0,Offline,True,True,False,METROPOLE - IMPERADOR,Viação Metrópole Imperador
31147,22,2026-08-31T21:11,2026-08-31,2026-09-10,11,11,0,195,195,100.0,1,194,5,Offline e Erro SD + Gravação,True,True,False,METROPOLE - IMPERADOR,Viação Metrópole Imperador
31153,24,,2026-10-06,2026-10-06,1,1,0,1,1,100.0,0,1,5,Erro SD + Gravação,True,False,False,METROPOLE - IMPERADOR,
31153,26,,2026-10-06,2026-10-06,1,1,0,1,1,100.0,0,1,5,Erro SD + Gravação,True,False,False,METROPOLE - IMPERADOR,
31159,21,,2026-10-06,2026-10-06,1,1,0,1,1,100.0,0,1,5,Erro SD + Gravação,True,False,False,METROPOLE - IMPERADOR,Viação Metrópole Imperador
31159,24,2026-09-16T16:56,2026-09-16,2026-10-06,21,21,0,395,379,95.9,379,0,0,Offline,False,False,False,METROPOLE - IMPERADOR,Viação Metrópole Imperador
31159,25,2026-09-16T16:56,2026-09-16,2026-10-06,21,21,0,391,375,95.9,375,0,0,Offline,False,False,False,METROPOLE - IMPERADOR,Viação Metrópole Imperador
31159,26,2026-09-16T16:56,2026-09-16,2026-10-06,21,20,1,370,354,95.7,354,0,0,Offline,False,False,False,METROPOLE - IMPERADOR,Viação Metrópole Imperador
31161,25,2026-10-01T21:00,2026-10-01,2026-10-06,6,6,0,45,33,73.3,0,33,5,Erro SD + Gravação,False,False,False,METROPOLE - IMPERADOR,Viação Metrópole Imperador
31162,26,2026-08-31T21:30,2026-08-31,2026-10-06,37,36,1,706,706,100.0,706,0,0,Offline,True,True,False,METROPOLE - IMPERADOR,
31165,21,2026-08-31T21:05,2026-08-31,2026-10-06,37,33,4,578,578,100.0,0,578,5,Erro SD + Gravação,True,True,False,METROPOLE - IMPERADOR,Viação Metrópole Imperador
31165,22,2026-09-30T01:48,2026-09-30,2026-10-06,7,7,0,71,15,21.1,0,15,5,Erro SD + Gravação,False,False,False,METROPOLE - IMPERADOR,Viação Metrópole Imperador
31165,23,2026-09-25T09:35,2026-09-25,2026-10-06,12,12,0,183,174,95.1,0,174,5,Erro SD + Gravação,False,False,False,METROPOLE - IMPERADOR,Viação Metrópole Imperador
31165,24,2026-09-19T06:56,2026-09-19,2026-10-06,18,18,0,299,293,98.0,0,293,5,Erro SD + Gravação,False,False,False,METROPOLE - IMPERADOR,Viação Metrópole Imperador
31167,21,,2026-10-06,2026-10-06,1,1,0,1,1,100.0,0,1,5,Erro SD + Gravação,True,False,False,METROPOLE - IMPERADOR,Viação Metrópole Imperador
31167,23,2026-10-01T15:12,2026-10-01,2026-10-06,6,6,0,57,30,52.6,30,0,0,Offline,False,False,False,METROPOLE - IMPERADOR,Viação Metrópole Imperador
31168,21,,2026-10-06,2026-10-06,1,1,0,1,1,100.0,0,1,5,Erro SD + Gravação,True,False,False,METROPOLE - IMPERADOR,
31170,21,2026-08-31T21:26,2026-08-31,2026-10-06,37,33,4,659,659,100.0,659,0,0,Offline,True,True,False,METROPOLE - IMPERADOR,Viação Metrópole Imperador
31170,22,2026-08-31T21:26,2026-08-31,2026-10-06,37,37,0,728,728,100.0,728,0,0,Offline,True,True,False,METROPOLE - IMPERADOR,Viação Metrópole Imperador
31170,23,2026-08-31T21:26,2026-08-31,2026-10-06,37,37,0,722,722,100.0,722,0,0,Offline,True,True,False,METROPOLE - IMPERADOR,Viação Metrópole Imperador
31170,24,2026-08-31T21:27,2026-08-31,2026-10-06,37,37,0,721,721,100.0,721,0,0,Offline,True,True,False,METROPOLE - IMPERADOR,Viação Metrópole Imperador
31170,25,2026-08-31T21:27,2026-08-31,2026-10-06,37,37,0,722,722,100.0,722,0,0,Offline,True,True,False,METROPOLE - IMPERADOR,Viação Metrópole Imperador
31170,26,2026-08-31T21:27,2026-08-31,2026-10-06,37,36,1,704,704,100.0,704,0,0,Offline,True,True,False,METROPOLE - IMPERADOR,Viação Metrópole Imperador
31171,26,2026-08-31T21:58,2026-08-31,2026-10-06,37,36,1,687,687,100.0,687,0,0,Offline,True,True,False,METROPOLE - IMPERADOR,Viação Metrópole Imperador
31172,21,,2026-10-06,2026-10-06,1,1,0,1,1,100.0,1,0,0,Offline,True,False,False,METROPOLE - IMPERADOR,Viação Metrópole Imperador
31172,23,2026-08-31T21:13,2026-08-31,2026-10-06,37,37,0,682,682,100.0,682,0,0,Offline,True,True,False,METROPOLE - IMPERADOR,Viação Metrópole Imperador
31172,24,2026-08-31T21:13,2026-08-31,2026-10-06,37,37,0,704,704,100.0,704,0,0,Offline,True,True,False,METROPOLE - IMPERADOR,Viação Metrópole Imperador
31172,26,2026-08-31T21:13,2026-08-31,2026-10-06,37,36,1,683,683,100.0,683,0,0,Offline,True,True,False,METROPOLE - IMPERADOR,Viação Metrópole Imperador
31175,24,2026-09-28T12:27,2026-09-28,2026-10-06,9,9,0,114,77,67.5,11,66,5,Offline e Erro SD + Gravação,False,False,False,METROPOLE - IMPERADOR,Viação Metrópole Imperador
31180,24,2026-09-17T02:07,2026-09-17,2026-10-06,20,20,0,367,312,85.0,3,309,5,Offline e Erro SD + Gravação,False,False,False,METROPOLE - IMPERADOR,Viação Metrópole Imperador
31180,26,2026-08-31T21:54,2026-08-31,2026-10-06,37,36,1,703,703,100.0,703,0,0,Offline,True,True,False,METROPOLE - IMPERADOR,Viação Metrópole Imperador
31182,25,2026-09-17T23:20,2026-09-17,2026-10-06,20,18,2,354,331,93.5,0,331,5,Erro SD + Gravação,False,False,False,METROPOLE - IMPERADOR,Viação Metrópole Imperador
31184,21,2026-08-31T21:03,2026-08-31,2026-10-06,37,32,5,589,589,100.0,589,0,0,Offline,True,True,False,METROPOLE - IMPERADOR,Viação Metrópole Imperador
31184,22,2026-08-31T21:03,2026-08-31,2026-10-06,37,36,1,655,655,100.0,655,0,0,Offline,True,True,False,METROPOLE - IMPERADOR,Viação Metrópole Imperador
31184,23,2026-08-31T21:03,2026-08-31,2026-10-06,37,36,1,648,648,100.0,648,0,0,Offline,True,True,False,METROPOLE - IMPERADOR,Viação Metrópole Imperador
31184,26,2026-08-31T21:03,2026-08-31,2026-10-06,37,35,2,640,640,100.0,640,0,0,Offline,True,True,False,METROPOLE - IMPERADOR,Viação Metrópole Imperador
31185,22,2026-08-31T21:08,2026-08-31,2026-10-06,37,37,0,722,722,100.0,722,0,0,Offline,True,True,False,METROPOLE - IMPERADOR,
31186,22,2026-08-31T21:40,2026-08-31,2026-10-06,37,35,2,663,663,100.0,0,663,5,Erro SD + Gravação,True,True,False,METROPOLE - IMPERADOR,Viação Metrópole Imperador
31189,21,2026-08-31T21:00,2026-08-31,2026-10-06,37,32,5,650,650,100.0,650,0,0,Offline,True,True,False,METROPOLE - IMPERADOR,Viação Metrópole Imperador
31189,22,2026-08-31T21:00,2026-08-31,2026-10-06,37,36,1,720,720,100.0,720,0,0,Offline,True,True,False,METROPOLE - IMPERADOR,Viação Metrópole Imperador
31189,24,2026-08-31T21:00,2026-08-31,2026-10-06,37,36,1,730,730,100.0,730,0,0,Offline,True,True,False,METROPOLE - IMPERADOR,Viação Metrópole Imperador
31189,25,2026-08-31T21:00,2026-08-31,2026-10-06,37,36,1,732,732,100.0,732,0,0,Offline,True,True,False,METROPOLE - IMPERADOR,Viação Metrópole Imperador
31189,26,2026-08-31T21:00,2026-08-31,2026-10-06,37,35,2,691,691,100.0,691,0,0,Offline,True,True,False,METROPOLE - IMPERADOR,Viação Metrópole Imperador
31190,21,,2026-10-06,2026-10-06,1,1,0,1,1,100.0,0,1,5,Erro SD + Gravação,True,False,False,METROPOLE - IMPERADOR,Viação Metrópole Imperador
31190,26,2026-08-31T23:55,2026-08-31,2026-10-06,37,36,1,712,712,100.0,712,0,0,Offline,True,True,False,METROPOLE - IMPERADOR,Viação Metrópole Imperador
31193,22,,2026-10-06,2026-10-06,1,1,0,1,1,100.0,1,0,0,Offline,True,False,False,METROPOLE - IMPERADOR,
31193,23,2026-09-12T18:43,2026-09-12,2026-10-06,25,25,0,468,450,96.2,450,0,0,Offline,False,False,False,METROPOLE - IMPERADOR,
31198,21,,2026-10-06,2026-10-06,1,1,0,1,1,100.0,0,1,5,Erro SD + Gravação,True,False,False,METROPOLE - IMPERADOR,Viação Metrópole Imperador
31198,26,2026-08-31T21:44,2026-08-31,2026-10-06,37,36,1,713,713,100.0,697,16,5,Offline e Erro SD + Gravação,True,True,False,METROPOLE - IMPERADOR,Viação Metrópole Imperador
31199,21,2026-09-14T07:56,2026-09-14,2026-10-06,23,19,4,330,323,97.9,323,0,0,Offline,False,False,False,METROPOLE - IMPERADOR,Viação Metrópole Imperador
31199,22,2026-08-31T21:27,2026-08-31,2026-10-06,37,37,0,698,698,100.0,698,0,0,Offline,True,True,False,METROPOLE - IMPERADOR,Viação Metrópole Imperador
31199,23,2026-08-31T21:27,2026-08-31,2026-10-06,37,37,0,695,695,100.0,695,0,0,Offline,True,True,False,METROPOLE - IMPERADOR,Viação Metrópole Imperador
31199,24,2026-08-31T21:28,2026-08-31,2026-10-06,37,37,0,694,694,100.0,694,0,0,Offline,True,True,False,METROPOLE - IMPERADOR,Viação Metrópole Imperador
31199,25,2026-08-31T21:28,2026-08-31,2026-10-06,37,37,0,712,712,100.0,712,0,0,Offline,True,True,False,METROPOLE - IMPERADOR,Viação Metrópole Imperador
31199,26,2026-08-31T21:28,2026-08-31,2026-10-06,37,36,1,680,680,100.0,337,343,5,Offline e Erro SD + Gravação,True,True,False,METROPOLE - IMPERADOR,Viação Metrópole Imperador
31200,21,,2026-10-06,2026-10-06,1,1,0,1,1,100.0,0,1,5,Erro SD + Gravação,True,False,False,METROPOLE - IMPERADOR,Viação Metrópole Imperador
31204,21,,2026-10-06,2026-10-06,1,1,0,1,1,100.0,0,1,5,Erro SD + Gravação,True,False,False,METROPOLE - IMPERADOR,Viação Metrópole Imperador
31204,26,2026-08-31T21:36,2026-08-31,2026-10-06,37,36,1,691,691,100.0,0,691,5,Erro SD + Gravação,True,True,False,METROPOLE - IMPERADOR,Viação Metrópole Imperador
31205,25,2026-08-31T21:51,2026-08-31,2026-10-06,37,37,0,728,728,100.0,728,0,0,Offline,True,True,False,METROPOLE - IMPERADOR,Viação Metrópole Imperador
31205,26,2026-08-31T21:51,2026-08-31,2026-10-06,37,36,1,702,702,100.0,702,0,0,Offline,True,True,False,METROPOLE - IMPERADOR,Viação Metrópole Imperador
31206,25,,2026-10-06,2026-10-06,1,1,0,1,1,100.0,0,1,5,Erro SD + Gravação,True,False,False,METROPOLE - IMPERADOR,Viação Metrópole Imperador
31208,23,2026-08-31T21:20,2026-08-31,2026-10-06,37,37,0,715,715,100.0,347,368,5,Offline e Erro SD + Gravação,True,True,False,METROPOLE - IMPERADOR,Viação Metrópole Imperador
31210,21,2026-09-25T15:25,2026-09-25,2026-10-06,12,8,4,114,99,86.8,0,99,5,Erro SD + Gravação,False,False,False,METROPOLE - IMPERADOR,Viação Metrópole Imperador
31213,24,2026-08-31T21:14,2026-08-31,2026-10-06,37,37,0,707,707,100.0,707,0,0,Offline,True,True,False,METROPOLE - IMPERADOR,
31213,26,2026-10-01T09:33,2026-10-01,2026-10-06,6,5,1,42,37,88.1,37,0,0,Offline,False,False,False,METROPOLE - IMPERADOR,
31214,24,2026-09-30T00:45,2026-09-30,2026-10-06,7,7,0,75,75,100.0,0,75,5,Erro SD + Gravação,True,False,False,METROPOLE - IMPERADOR,Viação Metrópole Imperador
31215,25,2026-08-31T21:04,2026-08-31,2026-10-07,38,38,0,732,732,100.0,732,0,0,Offline,True,True,True,METROPOLE - IGUATEMI,Viação Metrópole Iguatemi
31215,26,2026-08-31T21:04,2026-08-31,2026-10-07,38,37,1,708,701,99.0,701,0,0,Offline,False,True,True,METROPOLE - IGUATEMI,Viação Metrópole Iguatemi
31239,24,2026-09-28T00:53,2026-09-28,2026-09-28,1,1,0,6,6,100.0,6,0,0,Offline,True,True,False,METROPOLE - IGUATEMI,Viação Metrópole Iguatemi
31239,25,2026-09-28T00:53,2026-09-28,2026-09-28,1,1,0,6,6,100.0,6,0,0,Offline,True,True,False,METROPOLE - IGUATEMI,Viação Metrópole Iguatemi
31239,26,2026-09-28T00:53,2026-09-28,2026-09-28,1,1,0,6,6,100.0,6,0,0,Offline,True,True,False,METROPOLE - IGUATEMI,Viação Metrópole Iguatemi
31240,23,2026-09-03T13:56,2026-09-03,2026-09-03,1,1,0,4,4,100.0,4,0,0,Offline,True,True,False,METROPOLE - IGUATEMI,Viação Metrópole Iguatemi
31240,24,2026-09-03T13:56,2026-09-03,2026-09-03,1,1,0,4,4,100.0,4,0,0,Offline,True,True,False,METROPOLE - IGUATEMI,Viação Metrópole Iguatemi
31240,25,2026-09-03T13:56,2026-09-03,2026-09-03,1,1,0,4,4,100.0,4,0,0,Offline,True,True,False,METROPOLE - IGUATEMI,Viação Metrópole Iguatemi
31240,26,2026-09-03T13:56,2026-09-03,2026-09-03,1,1,0,4,4,100.0,4,0,0,Offline,True,True,False,METROPOLE - IGUATEMI,Viação Metrópole Iguatemi
31243,21,2026-08-31T21:29,2026-08-31,2026-10-07,38,34,4,638,638,100.0,638,0,0,Offline,True,True,True,METROPOLE - IGUATEMI,Viação Metrópole Iguatemi
31243,22,2026-08-31T21:29,2026-08-31,2026-10-07,38,38,0,695,695,100.0,695,0,0,Offline,True,True,True,METROPOLE - IGUATEMI,Viação Metrópole Iguatemi
31243,23,2026-08-31T21:30,2026-08-31,2026-10-07,38,38,0,700,700,100.0,700,0,0,Offline,True,True,True,METROPOLE - IGUATEMI,Viação Metrópole Iguatemi
31243,24,2026-08-31T21:30,2026-08-31,2026-10-07,38,38,0,696,696,100.0,696,0,0,Offline,True,True,True,METROPOLE - IGUATEMI,Viação Metrópole Iguatemi
31243,25,2026-08-31T21:30,2026-08-31,2026-10-07,38,38,0,704,704,100.0,0,704,5,Erro SD + Gravação,True,True,True,METROPOLE - IGUATEMI,Viação Metrópole Iguatemi
31243,26,2026-08-31T21:30,2026-08-31,2026-10-07,38,37,1,675,675,100.0,1,674,5,Offline e Erro SD + Gravação,True,True,True,METROPOLE - IGUATEMI,Viação Metrópole Iguatemi
31245,21,2026-08-31T21:49,2026-08-31,2026-10-07,38,34,4,659,659,100.0,659,0,0,Offline,True,True,True,METROPOLE - IGUATEMI,Viação Metrópole Iguatemi
31245,22,2026-08-31T21:49,2026-08-31,2026-10-07,38,38,0,725,725,100.0,725,0,0,Offline,True,True,True,METROPOLE - IGUATEMI,Viação Metrópole Iguatemi
31245,23,2026-08-31T21:49,2026-08-31,2026-10-07,38,38,0,720,720,100.0,720,0,0,Offline,True,True,True,METROPOLE - IGUATEMI,Viação Metrópole Iguatemi
31245,24,2026-08-31T21:49,2026-08-31,2026-10-07,38,38,0,723,723,100.0,723,0,0,Offline,True,True,True,METROPOLE - IGUATEMI,Viação Metrópole Iguatemi
31245,25,2026-08-31T21:49,2026-08-31,2026-10-07,38,38,0,731,731,100.0,731,0,0,Offline,True,True,True,METROPOLE - IGUATEMI,Viação Metrópole Iguatemi
31245,26,2026-08-31T21:49,2026-08-31,2026-10-07,38,37,1,719,719,100.0,719,0,0,Offline,True,True,True,METROPOLE - IGUATEMI,Viação Metrópole Iguatemi
31249,22,2026-10-07T11:42,2026-10-07,2026-10-07,1,1,0,1,1,100.0,1,0,0,Offline,True,False,True,METROPOLE - IGUATEMI,Viação Metrópole Iguatemi
31250,22,2026-10-07T11:01,2026-10-07,2026-10-07,1,1,0,1,1,100.0,1,0,0,Offline,True,False,True,METROPOLE - IGUATEMI,Viação Metrópole Iguatemi
31253,21,2026-08-31T21:15,2026-08-31,2026-09-25,26,26,0,562,562,100.0,562,0,0,Offline,True,True,False,METROPOLE - IGUATEMI,Viação Metrópole Iguatemi
31253,22,2026-08-31T21:17,2026-08-31,2026-09-25,26,26,0,556,556,100.0,556,0,0,Offline,True,True,False,METROPOLE - IGUATEMI,Viação Metrópole Iguatemi
31253,23,2026-08-31T21:19,2026-08-31,2026-09-25,26,26,0,556,556,100.0,556,0,0,Offline,True,True,False,METROPOLE - IGUATEMI,Viação Metrópole Iguatemi
31253,24,2026-08-31T21:21,2026-08-31,2026-09-25,26,26,0,561,561,100.0,561,0,0,Offline,True,True,False,METROPOLE - IGUATEMI,Viação Metrópole Iguatemi
31253,25,2026-08-31T21:24,2026-08-31,2026-09-25,26,26,0,560,560,100.0,560,0,0,Offline,True,True,False,METROPOLE - IGUATEMI,Viação Metrópole Iguatemi
31253,26,2026-08-31T21:26,2026-08-31,2026-09-25,26,26,0,559,559,100.0,559,0,0,Offline,True,True,False,METROPOLE - IGUATEMI,Viação Metrópole Iguatemi
31254,26,2026-10-04T07:16,2026-10-04,2026-10-07,4,4,0,21,16,76.2,16,0,0,Offline,False,False,True,METROPOLE - IGUATEMI,Viação Metrópole Iguatemi
31256,23,2026-08-31T21:32,2026-08-31,2026-10-07,38,38,0,711,711,100.0,711,0,0,Offline,True,True,True,METROPOLE - IGUATEMI,Viação Metrópole Iguatemi
31256,26,2026-08-31T21:32,2026-08-31,2026-10-07,38,37,1,694,694,100.0,694,0,0,Offline,True,True,True,METROPOLE - IGUATEMI,Viação Metrópole Iguatemi
31259,21,2026-08-31T21:10,2026-08-31,2026-10-07,38,34,4,655,655,100.0,655,0,0,Offline,True,True,True,METROPOLE - IGUATEMI,
31259,22,2026-08-31T21:11,2026-08-31,2026-10-07,38,38,0,728,728,100.0,728,0,0,Offline,True,True,True,METROPOLE - IGUATEMI,
31259,26,,2026-10-06,2026-10-07,2,2,0,2,2,100.0,0,2,5,Erro SD + Gravação,True,False,True,METROPOLE - IGUATEMI,
31261,21,2026-10-07T11:09,2026-10-07,2026-10-07,1,1,0,1,1,100.0,0,1,5,Erro SD + Gravação,True,False,True,METROPOLE - IGUATEMI,
31262,21,2026-10-07T11:39,2026-10-07,2026-10-07,1,1,0,1,1,100.0,0,1,5,Erro SD + Gravação,True,False,True,METROPOLE - IGUATEMI,Viação Metrópole Iguatemi
31262,24,2026-08-31T21:52,2026-08-31,2026-10-07,38,38,0,724,668,92.3,667,1,5,Offline e Erro SD + Gravação,False,True,True,METROPOLE - IGUATEMI,Viação Metrópole Iguatemi
31263,25,2026-08-31T21:09,2026-08-31,2026-10-07,38,38,0,723,723,100.0,723,0,0,Offline,True,True,True,METROPOLE - IGUATEMI,
31264,21,2026-08-31T21:58,2026-08-31,2026-10-07,38,34,4,661,661,100.0,661,0,0,Offline,True,True,True,METROPOLE - IGUATEMI,Viação Metrópole Iguatemi
31264,22,2026-08-31T21:58,2026-08-31,2026-10-07,38,38,0,718,718,100.0,718,0,0,Offline,True,True,True,METROPOLE - IGUATEMI,Viação Metrópole Iguatemi
31264,26,2026-08-31T21:59,2026-08-31,2026-10-07,38,37,1,708,706,99.7,706,0,0,Offline,False,True,True,METROPOLE - IGUATEMI,Viação Metrópole Iguatemi
31265,21,2026-08-31T21:39,2026-08-31,2026-10-07,38,34,4,657,657,100.0,657,0,0,Offline,True,True,True,METROPOLE - IGUATEMI,
31265,22,2026-08-31T21:39,2026-08-31,2026-10-07,38,38,0,719,719,100.0,719,0,0,Offline,True,True,True,METROPOLE - IGUATEMI,
31265,23,2026-08-31T21:39,2026-08-31,2026-10-07,38,38,0,723,723,100.0,723,0,0,Offline,True,True,True,METROPOLE - IGUATEMI,
31265,24,2026-08-31T21:39,2026-08-31,2026-10-07,38,38,0,723,723,100.0,723,0,0,Offline,True,True,True,METROPOLE - IGUATEMI,
31265,25,2026-08-31T21:40,2026-08-31,2026-10-07,38,38,0,736,736,100.0,736,0,0,Offline,True,True,True,METROPOLE - IGUATEMI,
31265,26,2026-08-31T21:40,2026-08-31,2026-10-07,38,37,1,703,703,100.0,703,0,0,Offline,True,True,True,METROPOLE - IGUATEMI,
31267,22,2026-10-07T11:36,2026-10-07,2026-10-07,1,1,0,1,1,100.0,1,0,0,Offline,True,False,True,METROPOLE - IGUATEMI,Viação Metrópole Iguatemi
31267,24,2026-10-07T11:36,2026-10-07,2026-10-07,1,1,0,1,1,100.0,0,1,5,Erro SD + Gravação,True,False,True,METROPOLE - IGUATEMI,Viação Metrópole Iguatemi
31278,22,,2026-10-06,2026-10-06,1,1,0,1,1,100.0,1,0,0,Offline,True,False,False,METROPOLE - IMPERADOR,Viação Metrópole Imperador
31280,21,2026-08-31T21:49,2026-08-31,2026-10-06,37,33,4,639,639,100.0,639,0,0,Offline,True,True,False,METROPOLE - IMPERADOR,Viação Metrópole Imperador
31280,22,2026-08-31T21:49,2026-08-31,2026-10-06,37,37,0,703,703,100.0,703,0,0,Offline,True,True,False,METROPOLE - IMPERADOR,Viação Metrópole Imperador
31280,23,2026-08-31T21:49,2026-08-31,2026-10-06,37,37,0,696,696,100.0,696,0,0,Offline,True,True,False,METROPOLE - IMPERADOR,Viação Metrópole Imperador
31280,26,2026-08-31T21:50,2026-08-31,2026-10-06,37,36,1,688,688,100.0,688,0,0,Offline,True,True,False,METROPOLE - IMPERADOR,Viação Metrópole Imperador
31281,21,2026-09-27T13:21,2026-09-27,2026-10-06,10,6,4,68,55,80.9,55,0,0,Offline,False,False,False,METROPOLE - IMPERADOR,
31281,22,2026-09-27T13:21,2026-09-27,2026-10-06,10,10,0,132,119,90.2,119,0,0,Offline,False,False,False,METROPOLE - IMPERADOR,
31281,23,2026-09-27T13:21,2026-09-27,2026-10-06,10,10,0,138,125,90.6,125,0,0,Offline,False,False,False,METROPOLE - IMPERADOR,
31281,26,2026-09-14T11:20,2026-09-14,2026-10-06,23,22,1,395,380,96.2,380,0,0,Offline,False,False,False,METROPOLE - IMPERADOR,
31282,22,2026-10-07T11:09,2026-10-07,2026-10-07,1,1,0,1,1,100.0,0,1,5,Erro SD + Gravação,True,False,True,METROPOLE - IGUATEMI,Viação Metrópole Iguatemi
31283,22,2026-10-07T11:21,2026-10-07,2026-10-07,1,1,0,1,1,100.0,1,0,0,Offline,True,False,True,METROPOLE - IGUATEMI,
31283,25,2026-08-31T21:33,2026-08-31,2026-10-07,38,23,15,344,344,100.0,344,0,0,Offline,True,True,True,METROPOLE - IGUATEMI,
31283,26,2026-08-31T21:33,2026-08-31,2026-10-07,38,22,16,318,318,100.0,318,0,0,Offline,True,True,True,METROPOLE - IGUATEMI,
31284,21,2026-08-31T21:08,2026-08-31,2026-10-06,37,33,4,659,659,100.0,659,0,0,Offline,True,True,False,METROPOLE - IMPERADOR,Viação Metrópole Imperador
31284,22,2026-08-31T21:08,2026-08-31,2026-10-06,37,37,0,727,727,100.0,727,0,0,Offline,True,True,False,METROPOLE - IMPERADOR,Viação Metrópole Imperador
31284,23,2026-08-31T21:08,2026-08-31,2026-10-06,37,37,0,717,717,100.0,717,0,0,Offline,True,True,False,METROPOLE - IMPERADOR,Viação Metrópole Imperador
31284,24,2026-08-31T21:08,2026-08-31,2026-10-06,37,37,0,722,722,100.0,722,0,0,Offline,True,True,False,METROPOLE - IMPERADOR,Viação Metrópole Imperador
31284,25,2026-08-31T21:08,2026-08-31,2026-10-06,37,37,0,720,720,100.0,720,0,0,Offline,True,True,False,METROPOLE - IMPERADOR,Viação Metrópole Imperador
31284,26,2026-08-31T21:08,2026-08-31,2026-10-06,37,36,1,709,709,100.0,709,0,0,Offline,True,True,False,METROPOLE - IMPERADOR,Viação Metrópole Imperador
31287,21,2026-10-07T11:36,2026-10-07,2026-10-07,1,1,0,1,1,100.0,1,0,0,Offline,True,False,True,METROPOLE - IGUATEMI,Viação Metrópole Iguatemi
31287,22,2026-10-07T11:34,2026-10-07,2026-10-07,1,1,0,1,1,100.0,1,0,0,Offline,True,False,True,METROPOLE - IGUATEMI,Viação Metrópole Iguatemi
31287,23,2026-10-07T11:38,2026-10-07,2026-10-07,1,1,0,1,1,100.0,1,0,0,Offline,True,False,True,METROPOLE - IGUATEMI,Viação Metrópole Iguatemi
31287,24,2026-10-07T11:40,2026-10-07,2026-10-07,1,1,0,1,1,100.0,1,0,0,Offline,True,False,True,METROPOLE - IGUATEMI,Viação Metrópole Iguatemi
31287,25,2026-10-07T11:42,2026-10-07,2026-10-07,1,1,0,1,1,100.0,1,0,0,Offline,True,False,True,METROPOLE - IGUATEMI,Viação Metrópole Iguatemi
31287,26,2026-10-07T10:45,2026-10-07,2026-10-07,1,1,0,1,1,100.0,1,0,0,Offline,True,False,True,METROPOLE - IGUATEMI,Viação Metrópole Iguatemi
31290,24,2026-09-11T15:43,2026-09-11,2026-10-06,26,24,2,394,394,100.0,394,0,0,Offline,True,True,False,METROPOLE - IMPERADOR,
31290,26,2026-09-11T15:43,2026-09-11,2026-10-06,26,23,3,373,373,100.0,373,0,0,Offline,True,True,False,METROPOLE - IMPERADOR,
31291,26,2026-08-31T21:41,2026-08-31,2026-10-06,37,36,1,699,699,100.0,37,662,5,Offline e Erro SD + Gravação,True,True,False,METROPOLE - IMPERADOR,Viação Metrópole Imperador
31295,22,2026-09-03T16:46,2026-09-03,2026-09-09,7,7,0,144,105,72.9,0,105,5,Erro SD + Gravação,False,False,False,METROPOLE - IMPERADOR,
31297,21,2026-10-03T21:48,2026-10-03,2026-10-06,4,4,0,25,25,100.0,25,0,0,Offline,True,False,False,METROPOLE - IMPERADOR,
31297,22,2026-10-03T21:51,2026-10-03,2026-10-06,4,4,0,23,23,100.0,23,0,0,Offline,True,False,False,METROPOLE - IMPERADOR,
31297,23,2026-10-03T21:53,2026-10-03,2026-10-06,4,4,0,22,22,100.0,22,0,0,Offline,True,False,False,METROPOLE - IMPERADOR,
31297,24,2026-10-03T21:55,2026-10-03,2026-10-06,4,4,0,21,21,100.0,21,0,0,Offline,True,False,False,METROPOLE - IMPERADOR,
31297,25,2026-10-03T21:57,2026-10-03,2026-10-06,4,4,0,22,22,100.0,22,0,0,Offline,True,False,False,METROPOLE - IMPERADOR,
31297,26,2026-10-03T22:00,2026-10-03,2026-10-06,4,4,0,23,23,100.0,23,0,0,Offline,True,False,False,METROPOLE - IMPERADOR,
31298,21,,2026-10-06,2026-10-06,1,1,0,1,1,100.0,1,0,0,Offline,True,False,False,METROPOLE - IMPERADOR,Viação Metrópole Imperador
31298,22,2026-08-31T21:17,2026-08-31,2026-10-06,37,37,0,721,721,100.0,3,718,5,Offline e Erro SD + Gravação,True,True,False,METROPOLE - IMPERADOR,Viação Metrópole Imperador
31298,23,,2026-10-06,2026-10-06,1,1,0,1,1,100.0,1,0,0,Offline,True,False,False,METROPOLE - IMPERADOR,Viação Metrópole Imperador
31298,24,,2026-10-06,2026-10-06,1,1,0,1,1,100.0,1,0,0,Offline,True,False,False,METROPOLE - IMPERADOR,Viação Metrópole Imperador
31298,25,2026-09-16T00:26,2026-09-16,2026-10-06,21,21,0,387,281,72.6,281,0,0,Offline,False,False,False,METROPOLE - IMPERADOR,Viação Metrópole Imperador
31298,26,2026-09-21T06:05,2026-09-21,2026-10-06,16,15,1,253,203,80.2,2,201,5,Offline e Erro SD + Gravação,False,False,False,METROPOLE - IMPERADOR,Viação Metrópole Imperador
31299,26,2026-09-15T21:29,2026-09-15,2026-10-06,22,21,1,367,367,100.0,367,0,0,Offline,True,False,False,METROPOLE - IMPERADOR,Viação Metrópole Imperador
31300,21,2026-08-31T21:39,2026-08-31,2026-10-07,38,34,4,642,642,100.0,642,0,0,Offline,True,True,True,METROPOLE - IGUATEMI,Viação Metrópole Iguatemi
31300,22,2026-08-31T21:40,2026-08-31,2026-10-07,38,38,0,699,699,100.0,699,0,0,Offline,True,True,True,METROPOLE - IGUATEMI,Viação Metrópole Iguatemi
31300,23,2026-08-31T21:40,2026-08-31,2026-10-07,38,38,0,705,705,100.0,705,0,0,Offline,True,True,True,METROPOLE - IGUATEMI,Viação Metrópole Iguatemi
31300,24,2026-08-31T21:40,2026-08-31,2026-10-07,38,38,0,697,697,100.0,697,0,0,Offline,True,True,True,METROPOLE - IGUATEMI,Viação Metrópole Iguatemi
31300,25,2026-08-31T21:40,2026-08-31,2026-10-07,38,38,0,713,713,100.0,713,0,0,Offline,True,True,True,METROPOLE - IGUATEMI,Viação Metrópole Iguatemi
31300,26,2026-08-31T21:40,2026-08-31,2026-10-07,38,37,1,678,678,100.0,678,0,0,Offline,True,True,True,METROPOLE - IGUATEMI,Viação Metrópole Iguatemi
31302,21,2026-08-31T21:42,2026-08-31,2026-10-07,38,34,4,651,651,100.0,8,643,5,Offline e Erro SD + Gravação,True,True,True,METROPOLE - IGUATEMI,Viação Metrópole Iguatemi
31302,22,2026-08-31T21:42,2026-08-31,2026-10-07,38,38,0,707,707,100.0,706,1,5,Offline e Erro SD + Gravação,True,True,True,METROPOLE - IGUATEMI,Viação Metrópole Iguatemi
31302,25,2026-08-31T21:42,2026-08-31,2026-10-07,38,38,0,729,729,100.0,729,0,0,Offline,True,True,True,METROPOLE - IGUATEMI,Viação Metrópole Iguatemi
31302,26,2026-08-31T21:42,2026-08-31,2026-10-07,38,37,1,691,691,100.0,691,0,0,Offline,True,True,True,METROPOLE - IGUATEMI,Viação Metrópole Iguatemi
31303,21,2026-08-31T21:26,2026-08-31,2026-10-06,37,31,6,562,562,100.0,562,0,0,Offline,True,True,False,METROPOLE - IMPERADOR,Viação Metrópole Imperador
31303,22,2026-08-31T21:26,2026-08-31,2026-10-06,37,35,2,615,615,100.0,615,0,0,Offline,True,True,False,METROPOLE - IMPERADOR,Viação Metrópole Imperador
31303,23,2026-08-31T21:26,2026-08-31,2026-10-06,37,35,2,621,621,100.0,621,0,0,Offline,True,True,False,METROPOLE - IMPERADOR,Viação Metrópole Imperador
31303,24,2026-08-31T21:27,2026-08-31,2026-10-06,37,35,2,627,627,100.0,627,0,0,Offline,True,True,False,METROPOLE - IMPERADOR,Viação Metrópole Imperador
31303,25,2026-08-31T21:27,2026-08-31,2026-10-06,37,35,2,635,635,100.0,635,0,0,Offline,True,True,False,METROPOLE - IMPERADOR,Viação Metrópole Imperador
31303,26,2026-08-31T21:27,2026-08-31,2026-10-06,37,34,3,603,603,100.0,603,0,0,Offline,True,True,False,METROPOLE - IMPERADOR,Viação Metrópole Imperador
31320,24,2026-08-31T21:45,2026-08-31,2026-10-06,37,37,0,714,714,100.0,714,0,0,Offline,True,True,False,METROPOLE - IMPERADOR,Viação Metrópole Imperador
31320,25,2026-08-31T21:45,2026-08-31,2026-10-06,37,37,0,716,716,100.0,716,0,0,Offline,True,True,False,METROPOLE - IMPERADOR,Viação Metrópole Imperador
31320,26,2026-08-31T21:45,2026-08-31,2026-10-06,37,36,1,703,703,100.0,703,0,0,Offline,True,True,False,METROPOLE - IMPERADOR,Viação Metrópole Imperador
31356,22,2026-10-05T10:54,2026-10-05,2026-10-06,2,2,0,11,2,18.2,1,1,5,Offline e Erro SD + Gravação,False,False,False,METROPOLE - IMPERADOR,
31356,23,2026-08-31T21:18,2026-08-31,2026-10-06,37,37,0,732,732,100.0,1,731,5,Offline e Erro SD + Gravação,True,True,False,METROPOLE - IMPERADOR,
31357,22,,2026-10-06,2026-10-06,1,1,0,1,1,100.0,1,0,0,Offline,True,False,False,METROPOLE - IMPERADOR,
31357,24,2026-09-30T15:07,2026-09-30,2026-10-06,7,7,0,65,60,92.3,60,0,0,Offline,False,False,False,METROPOLE - IMPERADOR,
31357,25,2026-09-30T11:06,2026-09-30,2026-10-06,7,7,0,74,64,86.5,64,0,0,Offline,False,False,False,METROPOLE - IMPERADOR,
31357,26,2026-09-30T13:07,2026-09-30,2026-10-06,7,6,1,51,43,84.3,43,0,0,Offline,False,False,False,METROPOLE - IMPERADOR,
31360,21,2026-08-31T21:05,2026-08-31,2026-10-06,37,33,4,666,666,100.0,666,0,0,Offline,True,True,False,METROPOLE - IMPERADOR,Viação Metrópole Imperador
31360,22,2026-08-31T21:05,2026-08-31,2026-10-06,37,37,0,729,729,100.0,729,0,0,Offline,True,True,False,METROPOLE - IMPERADOR,Viação Metrópole Imperador
31361,21,2026-09-10T18:02,2026-09-10,2026-10-07,28,23,5,386,386,100.0,1,385,5,Offline e Erro SD + Gravação,True,True,True,METROPOLE - AE CARVALHO,
31361,22,2026-09-10T18:02,2026-09-10,2026-10-07,28,27,1,445,445,100.0,1,444,5,Offline e Erro SD + Gravação,True,True,True,METROPOLE - AE CARVALHO,
31361,23,2026-09-10T18:02,2026-09-10,2026-10-07,28,27,1,449,449,100.0,449,0,0,Offline,True,True,True,METROPOLE - AE CARVALHO,
31362,21,2026-09-10T17:20,2026-09-10,2026-10-07,28,24,4,437,437,100.0,0,437,5,Erro SD + Gravação,True,True,True,METROPOLE - AE CARVALHO,
31362,22,2026-09-10T17:20,2026-09-10,2026-10-07,28,28,0,503,503,100.0,0,503,5,Erro SD + Gravação,True,True,True,METROPOLE - AE CARVALHO,
31363,21,2026-09-21T12:08,2026-09-21,2026-10-07,17,9,8,43,43,100.0,5,38,5,Offline e Erro SD + Gravação,True,True,True,METROPOLE - AE CARVALHO,
31363,22,2026-09-21T12:08,2026-09-21,2026-10-07,17,11,6,70,70,100.0,6,64,5,Offline e Erro SD + Gravação,True,True,True,METROPOLE - AE CARVALHO,
31363,23,2026-09-21T12:08,2026-09-21,2026-10-07,17,13,4,66,66,100.0,5,61,5,Offline e Erro SD + Gravação,True,True,True,METROPOLE - AE CARVALHO,
31364,21,2026-09-10T17:40,2026-09-10,2026-10-07,28,24,4,432,432,100.0,3,429,5,Offline e Erro SD + Gravação,True,True,True,METROPOLE - AE CARVALHO,
31364,22,2026-09-10T17:40,2026-09-10,2026-10-07,28,28,0,491,491,100.0,3,488,5,Offline e Erro SD + Gravação,True,True,True,METROPOLE - AE CARVALHO,
31364,23,2026-09-10T17:40,2026-09-10,2026-10-07,28,28,0,512,512,100.0,3,509,5,Offline e Erro SD + Gravação,True,True,True,METROPOLE - AE CARVALHO,
31365,21,2026-09-10T12:34,2026-09-10,2026-10-07,28,21,7,317,317,100.0,317,0,0,Offline,True,True,True,METROPOLE - AE CARVALHO,
31365,22,2026-09-10T12:35,2026-09-10,2026-10-07,28,25,3,384,384,100.0,384,0,0,Offline,True,True,True,METROPOLE - AE CARVALHO,
31365,23,2026-09-10T12:35,2026-09-10,2026-10-07,28,25,3,384,384,100.0,384,0,0,Offline,True,True,True,METROPOLE - AE CARVALHO,
31366,21,2026-09-10T18:03,2026-09-10,2026-10-07,28,24,4,434,434,100.0,0,434,5,Erro SD + Gravação,True,True,True,METROPOLE - AE CARVALHO,
31366,22,2026-09-10T18:03,2026-09-10,2026-10-07,28,28,0,499,499,100.0,0,499,5,Erro SD + Gravação,True,True,True,METROPOLE - AE CARVALHO,
31366,23,2026-09-10T18:03,2026-09-10,2026-10-07,28,28,0,498,498,100.0,0,498,5,Erro SD + Gravação,True,True,True,METROPOLE - AE CARVALHO,
31367,21,2026-09-10T17:59,2026-09-10,2026-10-07,28,24,4,438,438,100.0,0,438,5,Erro SD + Gravação,True,True,True,METROPOLE - AE CARVALHO,
31367,22,2026-09-10T17:59,2026-09-10,2026-10-07,28,28,0,504,504,100.0,0,504,5,Erro SD + Gravação,True,True,True,METROPOLE - AE CARVALHO,
31367,23,2026-09-10T17:59,2026-09-10,2026-10-07,28,28,0,491,491,100.0,0,491,5,Erro SD + Gravação,True,True,True,METROPOLE - AE CARVALHO,
31368,21,2026-09-10T17:34,2026-09-10,2026-10-07,28,24,4,415,415,100.0,2,413,5,Offline e Erro SD + Gravação,True,True,True,METROPOLE - AE CARVALHO,
31368,22,2026-09-10T17:34,2026-09-10,2026-10-07,28,28,0,470,470,100.0,2,468,5,Offline e Erro SD + Gravação,True,True,True,METROPOLE - AE CARVALHO,
31368,23,2026-09-10T17:34,2026-09-10,2026-10-07,28,28,0,476,476,100.0,1,475,5,Offline e Erro SD + Gravação,True,True,True,METROPOLE - AE CARVALHO,
31369,21,2026-09-10T18:59,2026-09-10,2026-10-07,28,22,6,345,345,100.0,2,343,5,Offline e Erro SD + Gravação,True,True,True,METROPOLE - AE CARVALHO,
31369,22,2026-09-10T17:59,2026-09-10,2026-10-07,28,26,2,410,410,100.0,2,408,5,Offline e Erro SD + Gravação,True,True,True,METROPOLE - AE CARVALHO,
31369,23,2026-09-10T18:59,2026-09-10,2026-10-07,28,26,2,413,413,100.0,2,411,5,Offline e Erro SD + Gravação,True,True,True,METROPOLE - AE CARVALHO,
31370,21,2026-09-10T18:01,2026-09-10,2026-10-07,28,24,4,436,436,100.0,0,436,5,Erro SD + Gravação,True,True,True,METROPOLE - AE CARVALHO,
31370,22,2026-09-10T18:01,2026-09-10,2026-10-07,28,28,0,498,498,100.0,0,498,5,Erro SD + Gravação,True,True,True,METROPOLE - AE CARVALHO,
31370,23,2026-09-10T18:01,2026-09-10,2026-10-07,28,28,0,499,499,100.0,0,499,5,Erro SD + Gravação,True,True,True,METROPOLE - AE CARVALHO,
31371,21,2026-09-10T11:55,2026-09-10,2026-10-07,28,24,4,436,436,100.0,0,436,5,Erro SD + Gravação,True,True,True,METROPOLE - AE CARVALHO,
31371,22,2026-09-10T11:56,2026-09-10,2026-10-07,28,28,0,512,512,100.0,0,512,5,Erro SD + Gravação,True,True,True,METROPOLE - AE CARVALHO,
31371,23,2026-09-10T11:56,2026-09-10,2026-10-07,28,28,0,499,499,100.0,0,499,5,Erro SD + Gravação,True,True,True,METROPOLE - AE CARVALHO,
31372,21,2026-09-21T12:13,2026-09-21,2026-10-07,17,13,4,202,202,100.0,0,202,5,Erro SD + Gravação,True,True,True,METROPOLE - AE CARVALHO,
31372,22,2026-09-21T12:13,2026-09-21,2026-10-07,17,17,0,264,264,100.0,0,264,5,Erro SD + Gravação,True,True,True,METROPOLE - AE CARVALHO,
31372,23,2026-09-21T12:13,2026-09-21,2026-10-07,17,17,0,271,271,100.0,271,0,0,Offline,True,True,True,METROPOLE - AE CARVALHO,
31373,21,2026-10-07T11:42,2026-10-07,2026-10-07,1,1,0,1,1,100.0,0,1,5,Erro SD + Gravação,True,False,True,METROPOLE - EXPANDIR,Viação Metrópole Brás
31373,23,2026-09-21T12:10,2026-09-21,2026-10-07,17,17,0,256,256,100.0,0,256,5,Erro SD + Gravação,True,True,True,METROPOLE - EXPANDIR,Viação Metrópole Brás
31374,21,2026-09-21T12:35,2026-09-21,2026-10-07,17,13,4,203,203,100.0,0,203,5,Erro SD + Gravação,True,True,True,METROPOLE - EXPANDIR,
31374,22,2026-09-21T12:35,2026-09-21,2026-10-07,17,17,0,263,263,100.0,0,263,5,Erro SD + Gravação,True,True,True,METROPOLE - EXPANDIR,
31374,23,2026-09-21T12:35,2026-09-21,2026-10-07,17,17,0,260,260,100.0,0,260,5,Erro SD + Gravação,True,True,True,METROPOLE - EXPANDIR,
31375,21,2026-09-21T12:12,2026-09-21,2026-10-07,17,13,4,200,200,100.0,0,200,5,Erro SD + Gravação,True,True,True,METROPOLE - EXPANDIR,
31375,22,2026-09-21T12:12,2026-09-21,2026-10-07,17,17,0,270,270,100.0,0,270,5,Erro SD + Gravação,True,True,True,METROPOLE - EXPANDIR,
31375,23,2026-09-21T12:12,2026-09-21,2026-10-07,17,17,0,271,271,100.0,0,271,5,Erro SD + Gravação,True,True,True,METROPOLE - EXPANDIR,
31379,21,2026-08-31T21:55,2026-08-31,2026-10-06,37,31,6,618,618,100.0,618,0,0,Offline,True,True,False,METROPOLE - IMPERADOR,
31379,22,2026-08-31T21:55,2026-08-31,2026-10-06,37,35,2,666,666,100.0,666,0,0,Offline,True,True,False,METROPOLE - IMPERADOR,
31425,21,2026-09-15T21:19,2026-09-15,2026-10-07,23,19,4,338,338,100.0,338,0,0,Offline,True,False,True,METROPOLE - IGUATEMI,
31425,22,2026-09-05T15:01,2026-09-05,2026-10-07,33,33,0,619,604,97.6,604,0,0,Offline,False,False,True,METROPOLE - IGUATEMI,
31425,23,2026-09-15T21:23,2026-09-15,2026-10-07,23,23,0,398,398,100.0,398,0,0,Offline,True,False,True,METROPOLE - IGUATEMI,
31482,21,2026-08-31T21:13,2026-08-31,2026-10-07,38,33,5,615,615,100.0,615,0,0,Offline,True,True,True,METROPOLE - IGUATEMI,Viação Metrópole Iguatemi
31482,22,2026-08-31T21:13,2026-08-31,2026-10-07,38,37,1,681,681,100.0,681,0,0,Offline,True,True,True,METROPOLE - IGUATEMI,Viação Metrópole Iguatemi
31483,21,2026-10-07T10:51,2026-10-07,2026-10-07,1,1,0,1,1,100.0,0,1,5,Erro SD + Gravação,True,False,True,METROPOLE - IGUATEMI,Viação Metrópole Iguatemi
31484,21,2026-08-31T21:03,2026-08-31,2026-09-21,22,22,0,468,468,100.0,468,0,0,Offline,True,True,False,METROPOLE - IGUATEMI,Viação Metrópole Iguatemi
31484,22,2026-08-31T21:03,2026-08-31,2026-09-21,22,22,0,470,470,100.0,470,0,0,Offline,True,True,False,METROPOLE - IGUATEMI,Viação Metrópole Iguatemi
31485,22,2026-10-07T11:11,2026-10-07,2026-10-07,1,1,0,1,1,100.0,1,0,0,Offline,True,False,True,METROPOLE - IGUATEMI,Viação Metrópole Iguatemi
31487,21,2026-10-07T11:35,2026-10-07,2026-10-07,1,1,0,1,1,100.0,1,0,0,Offline,True,False,True,METROPOLE - ITAIM,
31488,22,2026-10-07T10:50,2026-10-07,2026-10-07,1,1,0,1,1,100.0,0,1,5,Erro SD + Gravação,True,False,True,METROPOLE - ITAIM,
31503,22,2026-10-07T11:43,2026-10-07,2026-10-07,1,1,0,1,1,100.0,0,1,5,Erro SD + Gravação,True,False,True,METROPOLE - IGUATEMI,Viação Metrópole Iguatemi
31507,21,2026-10-07T11:42,2026-10-07,2026-10-07,1,1,0,1,1,100.0,0,1,5,Erro SD + Gravação,True,False,True,METROPOLE - EXPANDIR,
31510,21,2026-10-07T11:11,2026-10-07,2026-10-07,1,1,0,1,1,100.0,1,0,0,Offline,True,False,True,METROPOLE - EXPANDIR,
31521,21,2026-09-15T21:57,2026-09-15,2026-10-07,23,19,4,334,334,100.0,334,0,0,Offline,True,False,True,METROPOLE - EXPANDIR,
31521,22,2026-09-07T09:51,2026-09-07,2026-10-07,31,31,0,584,355,60.8,355,0,0,Offline,False,False,True,METROPOLE - EXPANDIR,
31522,21,2026-10-07T11:42,2026-10-07,2026-10-07,1,1,0,1,1,100.0,0,1,5,Erro SD + Gravação,True,False,True,METROPOLE - EXPANDIR,
31557,22,2026-10-07T10:58,2026-10-07,2026-10-07,1,1,0,1,1,100.0,0,1,5,Erro SD + Gravação,True,False,True,METROPOLE - EXPANDIR,
31558,21,2026-10-07T11:02,2026-10-07,2026-10-07,1,1,0,1,1,100.0,1,0,0,Offline,True,False,True,METROPOLE - EXPANDIR,
31559,21,2026-10-07T10:57,2026-10-07,2026-10-07,1,1,0,1,1,100.0,0,1,5,Erro SD + Gravação,True,False,True,METROPOLE - EXPANDIR,
31589,26,2026-10-05T04:58,2026-10-05,2026-10-06,2,2,0,9,7,77.8,7,0,0,Offline,False,False,False,METROPOLE - IMPERADOR,Viação Metrópole Imperador
31590,25,2026-08-31T21:50,2026-08-31,2026-10-07,38,38,0,704,704,100.0,557,147,5,Offline e Erro SD + Gravação,True,True,True,METROPOLE - IGUATEMI,Viação Metrópole Iguatemi
31595,22,2026-10-07T11:06,2026-10-07,2026-10-07,1,1,0,1,1,100.0,1,0,0,Offline,True,False,True,METROPOLE - IGUATEMI,Viação Metrópole Iguatemi
31595,25,2026-08-31T21:04,2026-08-31,2026-10-07,38,38,0,731,731,100.0,731,0,0,Offline,True,True,True,METROPOLE - IGUATEMI,Viação Metrópole Iguatemi
31606,21,2026-09-22T23:04,2026-09-22,2026-10-07,16,12,4,183,160,87.4,160,0,0,Offline,False,False,True,METROPOLE - ITAIM,Viação Metrópole Itaim
31606,22,2026-09-22T23:07,2026-09-22,2026-10-07,16,16,0,246,223,90.7,223,0,0,Offline,False,False,True,METROPOLE - ITAIM,Viação Metrópole Itaim
31606,23,2026-09-22T23:09,2026-09-22,2026-10-07,16,16,0,251,228,90.8,228,0,0,Offline,False,False,True,METROPOLE - ITAIM,Viação Metrópole Itaim
31611,22,2026-10-07T11:39,2026-10-07,2026-10-07,1,1,0,1,1,100.0,0,1,5,Erro SD + Gravação,True,False,True,METROPOLE - IGUATEMI,Viação Metrópole Iguatemi
31614,23,2026-08-31T21:21,2026-08-31,2026-10-07,38,38,0,735,735,100.0,0,735,5,Erro SD + Gravação,True,True,True,METROPOLE - IGUATEMI,
31615,22,2026-10-07T11:23,2026-10-07,2026-10-07,1,1,0,1,1,100.0,0,1,5,Erro SD + Gravação,True,False,True,METROPOLE - IGUATEMI,Viação Metrópole Iguatemi
31618,23,2026-08-31T21:50,2026-08-31,2026-10-07,38,38,0,728,728,100.0,0,728,5,Erro SD + Gravação,True,True,True,METROPOLE - IGUATEMI,Viação Metrópole Iguatemi
31622,21,2026-10-07T11:36,2026-10-07,2026-10-07,1,1,0,1,1,100.0,0,1,5,Erro SD + Gravação,True,False,True,METROPOLE - IGUATEMI,Viação Metrópole Iguatemi
31633,21,2026-09-27T12:08,2026-09-27,2026-10-06,10,6,4,55,55,100.0,0,55,5,Erro SD + Gravação,True,False,False,METROPOLE - IMPERADOR,
31633,22,2026-08-31T21:38,2026-08-31,2026-10-06,37,37,0,700,700,100.0,114,586,5,Offline e Erro SD + Gravação,True,True,False,METROPOLE - IMPERADOR,
31635,22,2026-10-07T11:43,2026-10-07,2026-10-07,1,1,0,1,1,100.0,0,1,5,Erro SD + Gravação,True,False,True,METROPOLE - IGUATEMI,Viação Metrópole Iguatemi
31642,21,2026-10-07T10:47,2026-10-07,2026-10-07,1,1,0,1,1,100.0,0,1,5,Erro SD + Gravação,True,False,True,METROPOLE - EXPANDIR,
31642,23,2026-08-31T21:55,2026-08-31,2026-10-07,38,38,0,723,723,100.0,0,723,5,Erro SD + Gravação,True,True,True,METROPOLE - EXPANDIR,
31643,22,2026-10-07T11:08,2026-10-07,2026-10-07,1,1,0,1,1,100.0,0,1,5,Erro SD + Gravação,True,False,True,METROPOLE - EXPANDIR,
31651,22,,2026-10-06,2026-10-06,1,1,0,1,1,100.0,0,1,5,Erro SD + Gravação,True,False,False,METROPOLE - IMPERADOR,Viação Metrópole Imperador
31652,22,,2026-10-06,2026-10-06,1,1,0,1,1,100.0,0,1,5,Erro SD + Gravação,True,False,False,METROPOLE - IMPERADOR,Viação Metrópole Imperador
31652,23,2026-09-24T01:30,2026-09-24,2026-10-06,13,13,0,203,188,92.6,0,188,5,Erro SD + Gravação,False,False,False,METROPOLE - IMPERADOR,Viação Metrópole Imperador
31656,21,2026-09-19T07:50,2026-09-19,2026-10-07,19,15,4,257,164,63.8,133,31,5,Offline e Erro SD + Gravação,False,False,True,METROPOLE - IGUATEMI,Viação Metrópole Iguatemi
31656,22,2026-09-23T13:43,2026-09-23,2026-10-07,15,15,0,235,139,59.1,139,0,0,Offline,False,False,True,METROPOLE - IGUATEMI,Viação Metrópole Iguatemi
31656,23,2026-09-23T12:40,2026-09-23,2026-10-07,15,15,0,224,123,54.9,123,0,0,Offline,False,False,True,METROPOLE - IGUATEMI,Viação Metrópole Iguatemi
31659,21,2026-10-07T11:39,2026-10-07,2026-10-07,1,1,0,1,1,100.0,0,1,5,Erro SD + Gravação,True,False,True,METROPOLE - IGUATEMI,Viação Metrópole Iguatemi
31662,22,2026-10-07T11:39,2026-10-07,2026-10-07,1,1,0,1,1,100.0,0,1,5,Erro SD + Gravação,True,False,True,METROPOLE - IGUATEMI,Viação Metrópole Iguatemi
31665,23,2026-10-04T18:41,2026-10-04,2026-10-07,4,4,0,24,17,70.8,0,17,5,Erro SD + Gravação,False,False,True,METROPOLE - IGUATEMI,Viação Metrópole Iguatemi
31669,22,2026-10-07T11:27,2026-10-07,2026-10-07,1,1,0,1,1,100.0,0,1,5,Erro SD + Gravação,True,False,True,METROPOLE - IGUATEMI,Viação Metrópole Iguatemi
31671,21,2026-10-07T11:34,2026-10-07,2026-10-07,1,1,0,1,1,100.0,0,1,5,Erro SD + Gravação,True,False,True,METROPOLE - IGUATEMI,Viação Metrópole Iguatemi
31700,21,2026-08-31T21:24,2026-08-31,2026-10-06,37,33,4,662,661,99.8,661,0,0,Offline,False,True,False,METROPOLE - IMPERADOR,Viação Metrópole Imperador
31700,22,2026-08-31T21:24,2026-08-31,2026-10-06,37,37,0,724,723,99.9,723,0,0,Offline,False,True,False,METROPOLE - IMPERADOR,Viação Metrópole Imperador
31700,23,2026-08-31T21:25,2026-08-31,2026-10-06,37,37,0,719,718,99.9,718,0,0,Offline,False,True,False,METROPOLE - IMPERADOR,Viação Metrópole Imperador
31717,22,2026-10-07T11:09,2026-10-07,2026-10-07,1,1,0,1,1,100.0,0,1,5,Erro SD + Gravação,True,False,True,METROPOLE - EXPANDIR,
31722,22,2026-10-07T11:36,2026-10-07,2026-10-07,1,1,0,1,1,100.0,0,1,5,Erro SD + Gravação,True,False,True,METROPOLE - EXPANDIR,
31725,22,2026-10-07T11:38,2026-10-07,2026-10-07,1,1,0,1,1,100.0,0,1,5,Erro SD + Gravação,True,False,True,METROPOLE - EXPANDIR,
31737,21,,2026-10-06,2026-10-06,1,1,0,1,1,100.0,1,0,0,Offline,True,False,False,METROPOLE - IMPERADOR,
31738,21,2026-09-24T18:32,2026-09-24,2026-10-06,13,9,4,139,123,88.5,1,122,5,Offline e Erro SD + Gravação,False,False,False,METROPOLE - IMPERADOR,Viação Metrópole Imperador
31738,22,2026-08-31T21:44,2026-08-31,2026-10-06,37,37,0,722,722,100.0,1,721,5,Offline e Erro SD + Gravação,True,True,False,METROPOLE - IMPERADOR,Viação Metrópole Imperador
31743,22,,2026-10-06,2026-10-06,1,1,0,1,1,100.0,1,0,0,Offline,True,False,False,METROPOLE - IMPERADOR,
31745,21,,2026-10-06,2026-10-06,1,1,0,1,1,100.0,1,0,0,Offline,True,False,False,METROPOLE - IMPERADOR,
31750,21,2026-10-04T03:11,2026-10-04,2026-10-06,3,3,0,22,4,18.2,0,4,5,Erro SD + Gravação,False,False,False,METROPOLE - IMPERADOR,Viação Metrópole Imperador
31750,23,2026-09-04T05:12,2026-09-04,2026-10-06,33,33,0,630,630,100.0,0,630,5,Erro SD + Gravação,True,False,False,METROPOLE - IMPERADOR,Viação Metrópole Imperador
31755,23,2026-09-20T11:33,2026-09-20,2026-10-07,18,18,0,303,293,96.7,0,293,5,Erro SD + Gravação,False,False,True,METROPOLE - IGUATEMI,Viação Metrópole Iguatemi
31760,21,2026-10-07T10:46,2026-10-07,2026-10-07,1,1,0,1,1,100.0,0,1,5,Erro SD + Gravação,True,False,True,METROPOLE - IGUATEMI,Viação Metrópole Iguatemi
31763,21,2026-09-24T15:24,2026-09-24,2026-10-06,13,9,4,136,123,90.4,0,123,5,Erro SD + Gravação,False,False,False,METROPOLE - IMPERADOR,Viação Metrópole Imperador
31763,22,2026-09-30T13:34,2026-09-30,2026-10-06,7,7,0,64,55,85.9,0,55,5,Erro SD + Gravação,False,False,False,METROPOLE - IMPERADOR,Viação Metrópole Imperador
31764,23,2026-09-29T06:48,2026-09-29,2026-10-06,8,8,0,86,83,96.5,0,83,5,Erro SD + Gravação,False,False,False,METROPOLE - IMPERADOR,
31765,23,2026-08-31T21:29,2026-08-31,2026-10-06,37,36,1,667,667,100.0,667,0,0,Offline,True,True,False,METROPOLE - IMPERADOR,Viação Metrópole Imperador
31767,21,,2026-10-06,2026-10-06,1,1,0,1,1,100.0,0,1,5,Erro SD + Gravação,True,False,False,METROPOLE - IMPERADOR,
31769,22,,2026-10-06,2026-10-06,1,1,0,1,1,100.0,0,1,5,Erro SD + Gravação,True,False,False,METROPOLE - IMPERADOR,Viação Metrópole Imperador
31772,21,2026-10-07T11:19,2026-10-07,2026-10-07,1,1,0,1,1,100.0,0,1,5,Erro SD + Gravação,True,False,True,METROPOLE - IGUATEMI,Viação Metrópole Iguatemi
31781,21,2026-10-05T04:33,2026-10-05,2026-10-06,2,2,0,12,2,16.7,1,1,5,Offline e Erro SD + Gravação,False,False,False,METROPOLE - IMPERADOR,Viação Metrópole Imperador
31782,21,2026-10-03T21:31,2026-10-03,2026-10-06,4,4,0,24,24,100.0,24,0,0,Offline,True,False,False,METROPOLE - IMPERADOR,Viação Metrópole Imperador
31784,23,2026-10-04T10:40,2026-10-04,2026-10-06,3,3,0,23,17,73.9,0,17,5,Erro SD + Gravação,False,False,False,METROPOLE - IMPERADOR,
31789,23,2026-08-31T21:47,2026-08-31,2026-09-22,23,22,1,435,435,100.0,258,177,5,Offline e Erro SD + Gravação,True,True,False,METROPOLE - IMPERADOR,
31793,21,,2026-10-06,2026-10-06,1,1,0,1,1,100.0,1,0,0,Offline,True,False,False,METROPOLE - IMPERADOR,
31795,21,,2026-10-06,2026-10-06,1,1,0,1,1,100.0,1,0,0,Offline,True,False,False,METROPOLE - IMPERADOR,Viação Metrópole Imperador
31795,22,,2026-10-06,2026-10-06,1,1,0,1,1,100.0,1,0,0,Offline,True,False,False,METROPOLE - IMPERADOR,Viação Metrópole Imperador
31795,23,2026-08-31T21:37,2026-08-31,2026-10-06,37,31,6,557,557,100.0,4,553,5,Offline e Erro SD + Gravação,True,True,False,METROPOLE - IMPERADOR,Viação Metrópole Imperador
31796,22,2026-08-31T21:40,2026-08-31,2026-10-06,37,18,19,207,207,100.0,7,200,5,Offline e Erro SD + Gravação,True,True,False,METROPOLE - IMPERADOR,Viação Metrópole Imperador
31802,21,2026-08-31T21:05,2026-08-31,2026-10-06,37,33,4,662,662,100.0,662,0,0,Offline,True,True,False,METROPOLE - IMPERADOR,
31802,22,2026-08-31T21:05,2026-08-31,2026-10-06,37,37,0,729,729,100.0,729,0,0,Offline,True,True,False,METROPOLE - IMPERADOR,
31802,23,2026-08-31T21:05,2026-08-31,2026-10-06,37,37,0,723,723,100.0,723,0,0,Offline,True,True,False,METROPOLE - IMPERADOR,
31802,24,2026-08-31T21:05,2026-08-31,2026-10-06,37,37,0,721,721,100.0,721,0,0,Offline,True,True,False,METROPOLE - IMPERADOR,
31802,25,2026-08-31T21:05,2026-08-31,2026-10-06,37,37,0,731,731,100.0,731,0,0,Offline,True,True,False,METROPOLE - IMPERADOR,
31802,26,2026-08-31T21:06,2026-08-31,2026-10-06,37,36,1,708,708,100.0,708,0,0,Offline,True,True,False,METROPOLE - IMPERADOR,
31803,24,2026-08-31T21:27,2026-08-31,2026-10-06,37,37,0,723,723,100.0,723,0,0,Offline,True,True,False,METROPOLE - IMPERADOR,Viação Metrópole Imperador
31803,25,2026-08-31T21:27,2026-08-31,2026-10-06,37,37,0,733,733,100.0,733,0,0,Offline,True,True,False,METROPOLE - IMPERADOR,Viação Metrópole Imperador
31803,26,2026-08-31T21:27,2026-08-31,2026-10-06,37,36,1,700,700,100.0,700,0,0,Offline,True,True,False,METROPOLE - IMPERADOR,Viação Metrópole Imperador
31811,22,,2026-10-06,2026-10-06,1,1,0,1,1,100.0,0,1,5,Erro SD + Gravação,True,False,False,METROPOLE - IMPERADOR,
31812,21,2026-08-31T21:28,2026-08-31,2026-10-06,37,33,4,646,646,100.0,645,1,5,Offline e Erro SD + Gravação,True,True,False,METROPOLE - IMPERADOR,Viação Metrópole Imperador
31812,22,2026-08-31T21:28,2026-08-31,2026-10-06,37,36,1,690,690,100.0,1,689,5,Offline e Erro SD + Gravação,True,True,False,METROPOLE - IMPERADOR,Viação Metrópole Imperador
31812,23,2026-08-31T21:28,2026-08-31,2026-10-06,37,36,1,702,702,100.0,702,0,0,Offline,True,True,False,METROPOLE - IMPERADOR,Viação Metrópole Imperador
31812,25,2026-08-31T21:28,2026-08-31,2026-10-06,37,36,1,699,699,100.0,699,0,0,Offline,True,True,False,METROPOLE - IMPERADOR,Viação Metrópole Imperador
31812,26,2026-08-31T21:28,2026-08-31,2026-10-06,37,36,1,687,687,100.0,687,0,0,Offline,True,True,False,METROPOLE - IMPERADOR,Viação Metrópole Imperador
31813,21,2026-10-07T00:34,2026-10-07,2026-10-07,1,1,0,1,1,100.0,0,1,5,Erro SD + Gravação,True,False,True,METROPOLE - ITAIM,
31813,26,2026-09-06T04:58,2026-09-06,2026-10-07,32,28,4,544,515,94.7,515,0,0,Offline,False,False,True,METROPOLE - ITAIM,
31815,25,2026-09-21T08:27,2026-09-21,2026-10-07,17,17,0,285,207,72.6,207,0,0,Offline,False,False,True,METROPOLE - IGUATEMI,Viação Metrópole Iguatemi
31819,21,2026-10-07T11:16,2026-10-07,2026-10-07,1,1,0,1,1,100.0,1,0,0,Offline,True,False,True,METROPOLE - IGUATEMI,Viação Metrópole Iguatemi
31819,23,2026-09-30T17:01,2026-09-30,2026-10-07,8,8,0,78,64,82.1,64,0,0,Offline,False,False,True,METROPOLE - IGUATEMI,Viação Metrópole Iguatemi
31819,24,2026-08-31T21:05,2026-08-31,2026-10-07,38,38,0,733,733,100.0,15,718,5,Offline e Erro SD + Gravação,True,True,True,METROPOLE - IGUATEMI,Viação Metrópole Iguatemi
31824,26,2026-10-05T09:54,2026-10-05,2026-10-07,3,3,0,13,4,30.8,0,4,5,Erro SD + Gravação,False,False,True,METROPOLE - IGUATEMI,Viação Metrópole Iguatemi
31827,25,2026-08-31T21:18,2026-08-31,2026-10-07,38,38,0,703,694,98.7,694,0,0,Offline,False,True,True,METROPOLE - ITAIM,
31827,26,2026-08-31T21:18,2026-08-31,2026-10-07,38,37,1,673,673,100.0,673,0,0,Offline,True,True,True,METROPOLE - ITAIM,
31828,22,2026-10-07T11:29,2026-10-07,2026-10-07,1,1,0,1,1,100.0,0,1,5,Erro SD + Gravação,True,False,True,METROPOLE - ITAIM,Viação Metrópole Itaim
31828,26,2026-08-31T21:35,2026-08-31,2026-10-07,38,37,1,687,687,100.0,687,0,0,Offline,True,True,True,METROPOLE - ITAIM,Viação Metrópole Itaim
31832,21,2026-10-07T11:41,2026-10-07,2026-10-07,1,1,0,1,1,100.0,0,1,5,Erro SD + Gravação,True,False,True,METROPOLE - ITAIM,
31832,25,2026-08-31T21:59,2026-08-31,2026-10-07,38,38,0,707,707,100.0,613,94,5,Offline e Erro SD + Gravação,True,True,True,METROPOLE - ITAIM,
31832,26,2026-08-31T21:59,2026-08-31,2026-10-07,38,37,1,684,684,100.0,684,0,0,Offline,True,True,True,METROPOLE - ITAIM,
31836,26,2026-09-28T08:43,2026-09-28,2026-10-07,10,9,1,86,78,90.7,0,78,5,Erro SD + Gravação,False,False,True,METROPOLE - ITAIM,
31839,22,2026-10-07T11:07,2026-10-07,2026-10-07,1,1,0,1,1,100.0,0,1,5,Erro SD + Gravação,True,False,True,METROPOLE - ITAIM,Viação Metrópole Itaim
31839,23,2026-08-31T21:56,2026-08-31,2026-10-07,38,38,0,688,688,100.0,0,688,5,Erro SD + Gravação,True,True,True,METROPOLE - ITAIM,Viação Metrópole Itaim
31839,24,2026-08-31T21:56,2026-08-31,2026-10-07,38,38,0,713,705,98.9,705,0,0,Offline,False,True,True,METROPOLE - ITAIM,Viação Metrópole Itaim
31844,22,2026-10-07T11:27,2026-10-07,2026-10-07,1,1,0,1,1,100.0,0,1,5,Erro SD + Gravação,True,False,True,METROPOLE - ITAIM,Viação Metrópole Itaim
31844,23,2026-09-25T15:59,2026-09-25,2026-10-07,13,13,0,183,168,91.8,0,168,5,Erro SD + Gravação,False,False,True,METROPOLE - ITAIM,Viação Metrópole Itaim
31848,22,2026-10-07T11:19,2026-10-07,2026-10-07,1,1,0,1,1,100.0,0,1,5,Erro SD + Gravação,True,False,True,METROPOLE - ITAIM,Viação Metrópole Itaim
31848,25,2026-08-31T21:58,2026-08-31,2026-10-07,38,38,0,722,722,100.0,722,0,0,Offline,True,True,True,METROPOLE - ITAIM,Viação Metrópole Itaim
31851,22,2026-10-07T10:45,2026-10-07,2026-10-07,1,1,0,1,1,100.0,0,1,5,Erro SD + Gravação,True,False,True,METROPOLE - IGUATEMI,Viação Metrópole Iguatemi
31852,26,2026-10-01T17:02,2026-10-01,2026-10-07,7,6,1,40,30,75.0,0,30,5,Erro SD + Gravação,False,False,True,METROPOLE - IGUATEMI,Viação Metrópole Iguatemi
31855,21,2026-10-04T00:36,2026-10-04,2026-10-07,4,4,0,24,23,95.8,23,0,0,Offline,False,False,True,METROPOLE - IGUATEMI,Viação Metrópole Iguatemi
31855,22,2026-08-31T21:55,2026-08-31,2026-10-07,38,38,0,725,725,100.0,725,0,0,Offline,True,True,True,METROPOLE - IGUATEMI,Viação Metrópole Iguatemi
31855,23,2026-10-04T00:36,2026-10-04,2026-10-07,4,4,0,21,21,100.0,21,0,0,Offline,True,False,True,METROPOLE - IGUATEMI,Viação Metrópole Iguatemi
31857,21,2026-08-31T21:59,2026-08-31,2026-10-07,38,34,4,666,666,100.0,666,0,0,Offline,True,True,True,METROPOLE - IGUATEMI,
31857,22,2026-08-31T21:02,2026-08-31,2026-10-07,38,38,0,728,728,100.0,728,0,0,Offline,True,True,True,METROPOLE - IGUATEMI,
31857,23,2026-08-31T21:04,2026-08-31,2026-10-07,38,38,0,730,730,100.0,730,0,0,Offline,True,True,True,METROPOLE - IGUATEMI,
31857,25,2026-08-31T21:08,2026-08-31,2026-10-07,38,38,0,725,725,100.0,725,0,0,Offline,True,True,True,METROPOLE - IGUATEMI,
31857,26,2026-08-31T21:10,2026-08-31,2026-10-07,38,37,1,711,711,100.0,711,0,0,Offline,True,True,True,METROPOLE - IGUATEMI,
31859,26,2026-09-29T16:37,2026-09-29,2026-10-07,9,8,1,71,35,49.3,25,10,5,Offline e Erro SD + Gravação,False,False,True,METROPOLE - IGUATEMI,Viação Metrópole Iguatemi
31860,21,2026-09-26T06:32,2026-09-26,2026-09-28,3,3,0,68,58,85.3,58,0,0,Offline,False,False,False,METROPOLE - IGUATEMI,Viação Metrópole Iguatemi
31860,22,2026-08-31T21:39,2026-08-31,2026-10-01,32,32,0,654,654,100.0,654,0,0,Offline,True,True,False,METROPOLE - IGUATEMI,Viação Metrópole Iguatemi
31862,26,2026-08-31T21:10,2026-08-31,2026-10-07,38,36,2,686,681,99.3,681,0,0,Offline,False,True,True,METROPOLE - IGUATEMI,Viação Metrópole Iguatemi
31871,22,2026-10-07T11:12,2026-10-07,2026-10-07,1,1,0,1,1,100.0,0,1,5,Erro SD + Gravação,True,False,True,METROPOLE - EXPANDIR,
31872,21,2026-10-07T11:18,2026-10-07,2026-10-07,1,1,0,1,1,100.0,0,1,5,Erro SD + Gravação,True,False,True,METROPOLE - EXPANDIR,
31873,21,2026-08-31T21:29,2026-08-31,2026-10-07,38,34,4,633,633,100.0,5,628,5,Offline e Erro SD + Gravação,True,True,True,METROPOLE - EXPANDIR,
31873,22,2026-08-31T21:29,2026-08-31,2026-10-07,38,38,0,698,698,100.0,4,694,5,Offline e Erro SD + Gravação,True,True,True,METROPOLE - EXPANDIR,
31873,23,2026-09-10T18:41,2026-09-10,2026-10-07,28,28,0,514,498,96.9,1,497,5,Offline e Erro SD + Gravação,False,False,True,METROPOLE - EXPANDIR,
31917,22,2026-10-07T11:41,2026-10-07,2026-10-07,1,1,0,1,1,100.0,0,1,5,Erro SD + Gravação,True,False,True,METROPOLE - EXPANDIR,
31918,25,2026-08-31T21:02,2026-08-31,2026-10-07,38,38,0,729,729,100.0,729,0,0,Offline,True,True,True,METROPOLE - EXPANDIR,
31918,26,2026-08-31T21:02,2026-08-31,2026-10-07,38,37,1,710,710,100.0,0,710,5,Erro SD + Gravação,True,True,True,METROPOLE - EXPANDIR,
31919,22,,2026-10-06,2026-10-06,1,1,0,1,1,100.0,1,0,0,Offline,True,False,False,METROPOLE - IMPERADOR,
31919,25,2026-08-31T21:09,2026-08-31,2026-10-06,37,37,0,716,716,100.0,716,0,0,Offline,True,True,False,METROPOLE - IMPERADOR,
31920,21,2026-08-31T21:35,2026-08-31,2026-10-06,37,33,4,620,620,100.0,0,620,5,Erro SD + Gravação,True,True,False,METROPOLE - IMPERADOR,
31920,22,2026-08-31T21:35,2026-08-31,2026-10-06,37,37,0,683,683,100.0,1,682,5,Offline e Erro SD + Gravação,True,True,False,METROPOLE - IMPERADOR,
31920,23,2026-08-31T21:35,2026-08-31,2026-10-06,37,37,0,695,695,100.0,224,471,5,Offline e Erro SD + Gravação,True,True,False,METROPOLE - IMPERADOR,
31920,25,2026-09-19T03:27,2026-09-19,2026-10-06,18,18,0,303,301,99.3,301,0,0,Offline,False,False,False,METROPOLE - IMPERADOR,
31920,26,2026-08-31T21:36,2026-08-31,2026-10-06,37,36,1,666,666,100.0,666,0,0,Offline,True,True,False,METROPOLE - IMPERADOR,
31922,21,2026-08-31T21:53,2026-08-31,2026-10-06,37,33,4,658,655,99.5,11,644,5,Offline e Erro SD + Gravação,False,True,False,METROPOLE - IMPERADOR,Viação Metrópole Imperador
31922,22,2026-08-31T21:53,2026-08-31,2026-10-06,37,37,0,727,727,100.0,726,1,5,Offline e Erro SD + Gravação,True,True,False,METROPOLE - IMPERADOR,Viação Metrópole Imperador
31922,23,2026-09-15T21:04,2026-09-15,2026-10-06,22,21,1,398,398,100.0,274,124,5,Offline e Erro SD + Gravação,True,False,False,METROPOLE - IMPERADOR,Viação Metrópole Imperador
31922,24,2026-08-31T21:53,2026-08-31,2026-10-06,37,37,0,720,720,100.0,720,0,0,Offline,True,True,False,METROPOLE - IMPERADOR,Viação Metrópole Imperador
31922,26,2026-08-31T21:53,2026-08-31,2026-10-06,37,36,1,703,703,100.0,157,546,5,Offline e Erro SD + Gravação,True,True,False,METROPOLE - IMPERADOR,Viação Metrópole Imperador
31923,26,2026-08-31T21:02,2026-08-31,2026-10-06,37,36,1,700,700,100.0,700,0,0,Offline,True,True,False,METROPOLE - IMPERADOR,
31924,21,2026-08-31T21:09,2026-08-31,2026-10-06,37,33,4,654,654,100.0,654,0,0,Offline,True,True,False,METROPOLE - IMPERADOR,Viação Metrópole Imperador
31924,22,2026-08-31T21:09,2026-08-31,2026-10-06,37,37,0,719,719,100.0,719,0,0,Offline,True,True,False,METROPOLE - IMPERADOR,Viação Metrópole Imperador
31924,24,2026-08-31T21:09,2026-08-31,2026-10-06,37,37,0,720,720,100.0,720,0,0,Offline,True,True,False,METROPOLE - IMPERADOR,Viação Metrópole Imperador
31924,25,2026-08-31T21:10,2026-08-31,2026-10-06,37,37,0,715,715,100.0,715,0,0,Offline,True,True,False,METROPOLE - IMPERADOR,Viação Metrópole Imperador
31924,26,2026-08-31T21:10,2026-08-31,2026-10-06,37,36,1,711,711,100.0,711,0,0,Offline,True,True,False,METROPOLE - IMPERADOR,Viação Metrópole Imperador
31926,23,2026-10-02T18:25,2026-10-02,2026-10-06,5,5,0,37,29,78.4,0,29,5,Erro SD + Gravação,False,False,False,METROPOLE - IMPERADOR,
31927,21,2026-08-31T21:52,2026-08-31,2026-10-06,37,33,4,648,648,100.0,468,180,5,Offline e Erro SD + Gravação,True,True,False,METROPOLE - IMPERADOR,Viação Metrópole Imperador
31927,26,2026-09-22T04:01,2026-09-22,2026-10-06,15,14,1,230,207,90.0,2,205,5,Offline e Erro SD + Gravação,False,False,False,METROPOLE - IMPERADOR,Viação Metrópole Imperador
31928,21,2026-08-31T21:57,2026-08-31,2026-10-06,37,33,4,639,639,100.0,1,638,5,Offline e Erro SD + Gravação,True,True,False,METROPOLE - IMPERADOR,Viação Metrópole Imperador
31928,22,2026-09-22T04:30,2026-09-22,2026-10-06,15,15,0,250,247,98.8,246,1,5,Offline e Erro SD + Gravação,False,False,False,METROPOLE - IMPERADOR,Viação Metrópole Imperador
31930,25,2026-08-31T21:02,2026-08-31,2026-10-07,38,38,0,723,723,100.0,723,0,0,Offline,True,True,True,METROPOLE - ITAIM,Viação Metrópole Itaim
31934,26,2026-09-06T20:26,2026-09-06,2026-10-07,32,31,1,582,534,91.8,534,0,0,Offline,False,False,True,METROPOLE - ITAIM,Viação Metrópole Itaim
31938,21,2026-10-07T11:08,2026-10-07,2026-10-07,1,1,0,1,1,100.0,0,1,5,Erro SD + Gravação,True,False,True,METROPOLE - ITAIM,
31938,24,,2026-10-06,2026-10-07,2,2,0,2,2,100.0,0,2,5,Erro SD + Gravação,True,False,True,METROPOLE - ITAIM,
31941,25,2026-08-31T21:31,2026-08-31,2026-10-07,38,34,4,571,570,99.8,570,0,0,Offline,False,True,True,METROPOLE - ITAIM,Viação Metrópole Itaim
31943,26,2026-10-07T11:28,2026-10-07,2026-10-07,1,1,0,1,1,100.0,1,0,0,Offline,True,False,True,METROPOLE - ITAIM,Viação Metrópole Itaim
31945,23,2026-09-01T16:16,2026-09-01,2026-10-06,36,36,0,691,688,99.6,688,0,0,Offline,False,False,False,METROPOLE - IMPERADOR,Viação Metrópole Imperador
31945,24,2026-08-31T21:15,2026-08-31,2026-10-06,37,37,0,694,694,100.0,694,0,0,Offline,True,True,False,METROPOLE - IMPERADOR,Viação Metrópole Imperador
31945,25,2026-08-31T21:15,2026-08-31,2026-10-06,37,37,0,700,700,100.0,700,0,0,Offline,True,True,False,METROPOLE - IMPERADOR,Viação Metrópole Imperador
31945,26,2026-08-31T21:15,2026-08-31,2026-10-06,37,36,1,674,674,100.0,674,0,0,Offline,True,True,False,METROPOLE - IMPERADOR,Viação Metrópole Imperador
31946,21,2026-08-31T21:20,2026-08-31,2026-10-06,37,33,4,656,656,100.0,656,0,0,Offline,True,True,False,METROPOLE - IMPERADOR,
31946,22,2026-08-31T21:20,2026-08-31,2026-10-06,37,37,0,720,720,100.0,720,0,0,Offline,True,True,False,METROPOLE - IMPERADOR,
31946,24,2026-08-31T21:20,2026-08-31,2026-10-06,37,37,0,706,706,100.0,0,706,5,Erro SD + Gravação,True,True,False,METROPOLE - IMPERADOR,
31946,25,2026-08-31T21:20,2026-08-31,2026-10-06,37,37,0,727,727,100.0,0,727,5,Erro SD + Gravação,True,True,False,METROPOLE - IMPERADOR,
31947,22,2026-10-07T11:35,2026-10-07,2026-10-07,1,1,0,1,1,100.0,1,0,0,Offline,True,False,True,METROPOLE - IGUATEMI,Viação Metrópole Iguatemi
31952,21,2026-10-07T11:44,2026-10-07,2026-10-07,1,1,0,1,1,100.0,0,1,5,Erro SD + Gravação,True,False,True,METROPOLE - IGUATEMI,Viação Metrópole Iguatemi
31967,21,2026-08-31T21:54,2026-08-31,2026-10-07,38,30,8,507,507,100.0,507,0,0,Offline,True,True,True,METROPOLE - ITAIM,Viação Metrópole Itaim
31967,22,2026-08-31T21:54,2026-08-31,2026-10-07,38,34,4,577,577,100.0,577,0,0,Offline,True,True,True,METROPOLE - ITAIM,Viação Metrópole Itaim
31967,23,2026-08-31T21:54,2026-08-31,2026-10-07,38,34,4,581,581,100.0,581,0,0,Offline,True,True,True,METROPOLE - ITAIM,Viação Metrópole Itaim
31967,24,2026-08-31T21:55,2026-08-31,2026-10-07,38,34,4,570,570,100.0,570,0,0,Offline,True,True,True,METROPOLE - ITAIM,Viação Metrópole Itaim
31967,25,2026-08-31T21:55,2026-08-31,2026-10-07,38,34,4,583,583,100.0,583,0,0,Offline,True,True,True,METROPOLE - ITAIM,Viação Metrópole Itaim
31967,26,2026-08-31T21:55,2026-08-31,2026-10-07,38,33,5,559,559,100.0,559,0,0,Offline,True,True,True,METROPOLE - ITAIM,Viação Metrópole Itaim
31968,21,2026-08-31T21:09,2026-08-31,2026-09-10,11,10,1,142,142,100.0,142,0,0,Offline,True,True,False,METROPOLE - ITAIM,Viação Metrópole Itaim
31968,22,2026-08-31T21:09,2026-08-31,2026-09-10,11,10,1,142,142,100.0,142,0,0,Offline,True,True,False,METROPOLE - ITAIM,Viação Metrópole Itaim
31968,23,2026-08-31T21:09,2026-08-31,2026-09-10,11,10,1,142,142,100.0,142,0,0,Offline,True,True,False,METROPOLE - ITAIM,Viação Metrópole Itaim
31968,24,2026-08-31T21:09,2026-08-31,2026-09-10,11,10,1,142,142,100.0,142,0,0,Offline,True,True,False,METROPOLE - ITAIM,Viação Metrópole Itaim
31968,25,2026-08-31T21:09,2026-08-31,2026-09-10,11,10,1,142,142,100.0,142,0,0,Offline,True,True,False,METROPOLE - ITAIM,Viação Metrópole Itaim
31968,26,2026-08-31T21:10,2026-08-31,2026-09-10,11,10,1,142,142,100.0,142,0,0,Offline,True,True,False,METROPOLE - ITAIM,Viação Metrópole Itaim
31969,21,2026-08-31T21:18,2026-08-31,2026-10-07,38,34,4,577,577,100.0,577,0,0,Offline,True,True,True,METROPOLE - ITAIM,Viação Metrópole Itaim
31969,22,2026-08-31T21:18,2026-08-31,2026-10-07,38,37,1,622,622,100.0,622,0,0,Offline,True,True,True,METROPOLE - ITAIM,Viação Metrópole Itaim
31969,23,2026-08-31T21:18,2026-08-31,2026-10-07,38,38,0,638,638,100.0,638,0,0,Offline,True,True,True,METROPOLE - ITAIM,Viação Metrópole Itaim
31969,24,2026-08-31T21:18,2026-08-31,2026-10-07,38,38,0,624,624,100.0,624,0,0,Offline,True,True,True,METROPOLE - ITAIM,Viação Metrópole Itaim
31969,25,2026-08-31T21:18,2026-08-31,2026-10-07,38,38,0,638,638,100.0,638,0,0,Offline,True,True,True,METROPOLE - ITAIM,Viação Metrópole Itaim
31969,26,2026-08-31T21:18,2026-08-31,2026-10-07,38,37,1,609,609,100.0,609,0,0,Offline,True,True,True,METROPOLE - ITAIM,Viação Metrópole Itaim
31970,21,2026-08-31T21:11,2026-08-31,2026-10-07,38,34,4,594,594,100.0,594,0,0,Offline,True,True,True,METROPOLE - ITAIM,Viação Metrópole Itaim
31970,22,2026-08-31T21:12,2026-08-31,2026-10-07,38,38,0,659,659,100.0,659,0,0,Offline,True,True,True,METROPOLE - ITAIM,Viação Metrópole Itaim
31970,23,2026-08-31T21:12,2026-08-31,2026-10-07,38,38,0,659,659,100.0,659,0,0,Offline,True,True,True,METROPOLE - ITAIM,Viação Metrópole Itaim
31970,24,2026-08-31T21:12,2026-08-31,2026-10-07,38,38,0,648,648,100.0,648,0,0,Offline,True,True,True,METROPOLE - ITAIM,Viação Metrópole Itaim
31970,25,2026-08-31T21:12,2026-08-31,2026-10-07,38,38,0,649,649,100.0,649,0,0,Offline,True,True,True,METROPOLE - ITAIM,Viação Metrópole Itaim
31970,26,2026-08-31T21:12,2026-08-31,2026-10-07,38,37,1,637,637,100.0,637,0,0,Offline,True,True,True,METROPOLE - ITAIM,Viação Metrópole Itaim
31974,21,2026-08-31T21:47,2026-08-31,2026-10-07,38,34,4,644,644,100.0,644,0,0,Offline,True,True,True,METROPOLE - ITAIM,
31974,22,2026-08-31T21:47,2026-08-31,2026-10-07,38,38,0,695,695,100.0,695,0,0,Offline,True,True,True,METROPOLE - ITAIM,
31974,23,2026-08-31T21:47,2026-08-31,2026-10-07,38,38,0,703,703,100.0,703,0,0,Offline,True,True,True,METROPOLE - ITAIM,
31974,24,2026-08-31T22:48,2026-08-31,2026-10-07,38,38,0,697,697,100.0,697,0,0,Offline,True,True,True,METROPOLE - ITAIM,
31974,25,2026-08-31T21:48,2026-08-31,2026-10-07,38,38,0,697,697,100.0,697,0,0,Offline,True,True,True,METROPOLE - ITAIM,
31974,26,2026-08-31T21:48,2026-08-31,2026-10-07,38,37,1,678,678,100.0,678,0,0,Offline,True,True,True,METROPOLE - ITAIM,
31979,22,2026-10-07T10:59,2026-10-07,2026-10-07,1,1,0,1,1,100.0,1,0,0,Offline,True,False,True,METROPOLE - ITAIM,Viação Metrópole Itaim
31980,21,2026-10-07T10:54,2026-10-07,2026-10-07,1,1,0,1,1,100.0,1,0,0,Offline,True,False,True,METROPOLE - ITAIM,Viação Metrópole Itaim
31980,23,2026-09-18T15:10,2026-09-18,2026-10-07,20,20,0,344,329,95.6,0,329,5,Erro SD + Gravação,False,False,True,METROPOLE - ITAIM,Viação Metrópole Itaim
31980,24,2026-10-07T10:54,2026-10-07,2026-10-07,1,1,0,1,1,100.0,1,0,0,Offline,True,False,True,METROPOLE - ITAIM,Viação Metrópole Itaim
31980,25,2026-08-31T21:30,2026-08-31,2026-10-07,38,38,0,692,686,99.1,686,0,0,Offline,False,True,True,METROPOLE - ITAIM,Viação Metrópole Itaim
31980,26,2026-08-31T21:30,2026-08-31,2026-10-07,38,37,1,663,657,99.1,657,0,0,Offline,False,True,True,METROPOLE - ITAIM,Viação Metrópole Itaim
31984,24,2026-10-07T10:46,2026-10-07,2026-10-07,1,1,0,1,1,100.0,1,0,0,Offline,True,False,True,METROPOLE - ITAIM,Viação Metrópole Itaim
31987,21,2026-09-07T06:45,2026-09-07,2026-10-07,31,27,4,520,520,100.0,0,520,5,Erro SD + Gravação,True,True,True,METROPOLE - EXPANDIR,
31987,22,2026-09-07T06:45,2026-09-07,2026-10-07,31,31,0,579,579,100.0,0,579,5,Erro SD + Gravação,True,True,True,METROPOLE - EXPANDIR,
31987,23,2026-09-07T06:45,2026-09-07,2026-10-07,31,31,0,589,589,100.0,0,589,5,Erro SD + Gravação,True,True,True,METROPOLE - EXPANDIR,
31989,22,2026-10-07T10:52,2026-10-07,2026-10-07,1,1,0,1,1,100.0,0,1,5,Erro SD + Gravação,True,False,True,METROPOLE - EXPANDIR,
31989,23,2026-08-31T21:27,2026-08-31,2026-10-07,38,38,0,725,725,100.0,725,0,0,Offline,True,True,True,METROPOLE - EXPANDIR,
31990,21,2026-08-31T21:41,2026-08-31,2026-10-07,38,34,4,665,665,100.0,665,0,0,Offline,True,True,True,METROPOLE - EXPANDIR,
31991,21,2026-10-07T11:05,2026-10-07,2026-10-07,1,1,0,1,1,100.0,0,1,5,Erro SD + Gravação,True,False,True,METROPOLE - EXPANDIR,
31995,21,2026-10-07T11:30,2026-10-07,2026-10-07,1,1,0,1,1,100.0,0,1,5,Erro SD + Gravação,True,False,True,METROPOLE - EXPANDIR,
31995,23,2026-08-31T21:00,2026-08-31,2026-10-07,38,38,0,736,736,100.0,736,0,0,Offline,True,True,True,METROPOLE - EXPANDIR,
31998,21,2026-08-31T21:44,2026-08-31,2026-10-07,38,34,4,665,665,100.0,4,661,5,Offline e Erro SD + Gravação,True,True,True,METROPOLE - EXPANDIR,
31998,22,2026-08-31T21:44,2026-08-31,2026-10-07,38,38,0,721,721,100.0,720,1,5,Offline e Erro SD + Gravação,True,True,True,METROPOLE - EXPANDIR,
31998,23,2026-08-31T21:44,2026-08-31,2026-10-07,38,38,0,727,727,100.0,727,0,0,Offline,True,True,True,METROPOLE - EXPANDIR,
31999,21,2026-08-31T21:20,2026-08-31,2026-10-07,38,34,4,665,665,100.0,665,0,0,Offline,True,True,True,METROPOLE - EXPANDIR,
31999,22,2026-08-31T21:20,2026-08-31,2026-10-07,38,38,0,731,731,100.0,731,0,0,Offline,True,True,True,METROPOLE - EXPANDIR,
31999,23,2026-08-31T21:20,2026-08-31,2026-10-07,38,38,0,723,723,100.0,723,0,0,Offline,True,True,True,METROPOLE - EXPANDIR,
32012,21,2026-10-07T11:21,2026-10-07,2026-10-07,1,1,0,1,1,100.0,0,1,5,Erro SD + Gravação,True,False,True,METROPOLE - AE CARVALHO,Viação Metrópole AE Carvalho
32014,21,2026-08-31T21:29,2026-08-31,2026-10-07,38,34,4,658,658,100.0,658,0,0,Offline,True,True,True,METROPOLE - AE CARVALHO,
32014,22,2026-08-31T21:29,2026-08-31,2026-10-07,38,38,0,711,711,100.0,711,0,0,Offline,True,True,True,METROPOLE - AE CARVALHO,
32014,23,2026-08-31T21:29,2026-08-31,2026-10-07,38,38,0,711,711,100.0,711,0,0,Offline,True,True,True,METROPOLE - AE CARVALHO,
32016,21,2026-10-07T11:25,2026-10-07,2026-10-07,1,1,0,1,1,100.0,0,1,5,Erro SD + Gravação,True,False,True,METROPOLE - AE CARVALHO,Viação Metrópole AE Carvalho
32018,22,2026-10-07T11:23,2026-10-07,2026-10-07,1,1,0,1,1,100.0,0,1,5,Erro SD + Gravação,True,False,True,METROPOLE - AE CARVALHO,
32020,23,2026-08-31T21:55,2026-08-31,2026-10-07,38,38,0,710,710,100.0,0,710,5,Erro SD + Gravação,True,True,True,METROPOLE - AE CARVALHO,Viação Metrópole AE Carvalho
32026,22,2026-10-07T11:03,2026-10-07,2026-10-07,1,1,0,1,1,100.0,0,1,5,Erro SD + Gravação,True,False,True,METROPOLE - AE CARVALHO,
32032,22,2026-10-07T10:58,2026-10-07,2026-10-07,1,1,0,1,1,100.0,0,1,5,Erro SD + Gravação,True,False,True,METROPOLE - AE CARVALHO,
32033,23,2026-08-31T21:38,2026-08-31,2026-10-07,38,38,0,702,688,98.0,25,663,5,Offline e Erro SD + Gravação,False,True,True,METROPOLE - AE CARVALHO,
32038,23,,2026-10-06,2026-10-07,2,2,0,2,2,100.0,2,0,0,Offline,True,False,True,METROPOLE - AE CARVALHO,Viação Metrópole AE Carvalho
32045,21,2026-08-31T21:59,2026-08-31,2026-10-07,38,34,4,618,618,100.0,2,616,5,Offline e Erro SD + Gravação,True,True,True,METROPOLE - AE CARVALHO,Viação Metrópole AE Carvalho
32045,22,2026-08-31T21:59,2026-08-31,2026-10-07,38,38,0,695,695,100.0,694,1,5,Offline e Erro SD + Gravação,True,True,True,METROPOLE - AE CARVALHO,Viação Metrópole AE Carvalho
32045,23,2026-09-10T15:00,2026-09-10,2026-10-07,28,28,0,524,509,97.1,509,0,0,Offline,False,False,True,METROPOLE - AE CARVALHO,Viação Metrópole AE Carvalho
32047,23,2026-09-09T20:02,2026-09-09,2026-10-07,29,29,0,539,521,96.7,521,0,0,Offline,False,False,True,METROPOLE - AE CARVALHO,Viação Metrópole AE Carvalho
32048,23,2026-10-02T05:12,2026-10-02,2026-10-07,6,6,0,38,35,92.1,35,0,0,Offline,False,False,True,METROPOLE - AE CARVALHO,
32050,21,2026-10-07T11:43,2026-10-07,2026-10-07,1,1,0,1,1,100.0,0,1,5,Erro SD + Gravação,True,False,True,METROPOLE - AE CARVALHO,Viação Metrópole AE Carvalho
32051,22,2026-10-07T11:21,2026-10-07,2026-10-07,1,1,0,1,1,100.0,0,1,5,Erro SD + Gravação,True,False,True,METROPOLE - AE CARVALHO,Viação Metrópole AE Carvalho
32052,22,2026-10-07T11:31,2026-10-07,2026-10-07,1,1,0,1,1,100.0,1,0,0,Offline,True,False,True,METROPOLE - AE CARVALHO,Viação Metrópole AE Carvalho
32054,23,2026-08-31T21:07,2026-08-31,2026-10-07,38,38,0,706,706,100.0,1,705,5,Offline e Erro SD + Gravação,True,True,True,METROPOLE - AE CARVALHO,Viação Metrópole AE Carvalho
32057,21,2026-08-31T21:22,2026-08-31,2026-10-07,38,34,4,649,649,100.0,649,0,0,Offline,True,True,True,METROPOLE - AE CARVALHO,Viação Metrópole AE Carvalho
32057,22,2026-08-31T21:22,2026-08-31,2026-10-07,38,38,0,730,730,100.0,730,0,0,Offline,True,True,True,METROPOLE - AE CARVALHO,Viação Metrópole AE Carvalho
32057,23,2026-08-31T21:22,2026-08-31,2026-10-07,38,38,0,716,716,100.0,716,0,0,Offline,True,True,True,METROPOLE - AE CARVALHO,Viação Metrópole AE Carvalho
32061,23,2026-08-31T21:01,2026-08-31,2026-10-07,38,38,0,702,702,100.0,0,702,5,Erro SD + Gravação,True,True,True,METROPOLE - AE CARVALHO,Viação Metrópole AE Carvalho
32062,23,2026-09-22T08:31,2026-09-22,2026-10-07,16,16,0,245,237,96.7,237,0,0,Offline,False,False,True,METROPOLE - AE CARVALHO,Viação Metrópole AE Carvalho
32064,23,2026-09-21T11:18,2026-09-21,2026-10-07,17,17,0,284,273,96.1,0,273,5,Erro SD + Gravação,False,False,True,METROPOLE - AE CARVALHO,Viação Metrópole AE Carvalho
32070,23,2026-10-07T10:55,2026-10-07,2026-10-07,1,1,0,1,1,100.0,1,0,0,Offline,True,False,True,METROPOLE - AE CARVALHO,Viação Metrópole AE Carvalho
32074,21,2026-10-07T11:06,2026-10-07,2026-10-07,1,1,0,1,1,100.0,1,0,0,Offline,True,False,True,METROPOLE - AE CARVALHO,Viação Metrópole AE Carvalho
32076,22,2026-10-07T11:35,2026-10-07,2026-10-07,1,1,0,1,1,100.0,0,1,5,Erro SD + Gravação,True,False,True,METROPOLE - AE CARVALHO,Viação Metrópole AE Carvalho
32076,23,2026-09-03T11:28,2026-09-03,2026-10-07,35,35,0,653,641,98.2,625,16,5,Offline e Erro SD + Gravação,False,False,True,METROPOLE - AE CARVALHO,Viação Metrópole AE Carvalho
32088,22,2026-10-07T10:49,2026-10-07,2026-10-07,1,1,0,1,1,100.0,0,1,5,Erro SD + Gravação,True,False,True,METROPOLE - AE CARVALHO,Viação Metrópole AE Carvalho
32102,22,2026-10-05T10:23,2026-10-05,2026-10-07,3,3,0,11,4,36.4,4,0,0,Offline,False,False,True,METROPOLE - ITAIM,
32117,21,2026-09-23T14:52,2026-09-23,2026-09-23,1,1,0,1,1,100.0,1,0,0,Offline,True,True,False,METROPOLE - AE CARVALHO,
32117,22,2026-09-23T14:52,2026-09-23,2026-09-23,1,1,0,1,1,100.0,1,0,0,Offline,True,True,False,METROPOLE - AE CARVALHO,
32118,22,2026-09-21T23:55,2026-09-21,2026-09-22,2,2,0,7,7,100.0,0,7,5,Erro SD + Gravação,True,True,False,METROPOLE - ITAIM,Viação Metrópole Itaim
32119,21,2026-09-07T14:16,2026-09-07,2026-09-11,5,5,0,86,86,100.0,86,0,0,Offline,True,True,False,METROPOLE - AE CARVALHO,
32119,22,2026-09-07T14:16,2026-09-07,2026-09-11,5,5,0,86,86,100.0,86,0,0,Offline,True,True,False,METROPOLE - AE CARVALHO,
32129,21,2026-10-07T08:38,2026-10-07,2026-10-07,1,1,0,1,1,100.0,0,1,5,Erro SD + Gravação,True,False,True,METROPOLE - ITAIM,Viação Metrópole Itaim
32144,21,2026-09-15T21:05,2026-09-15,2026-09-28,14,14,0,284,284,100.0,0,284,5,Erro SD + Gravação,True,True,False,METROPOLE - ITAIM,
32144,22,2026-09-15T21:05,2026-09-15,2026-10-01,17,17,0,321,321,100.0,0,321,5,Erro SD + Gravação,True,True,False,METROPOLE - ITAIM,
32144,23,2026-09-15T21:05,2026-09-15,2026-10-01,17,17,0,322,322,100.0,0,322,5,Erro SD + Gravação,True,True,False,METROPOLE - ITAIM,
32171,21,2026-09-15T21:39,2026-09-15,2026-10-07,23,19,4,330,330,100.0,4,326,5,Offline e Erro SD + Gravação,True,False,True,METROPOLE - EXPANDIR,
32171,22,2026-08-31T21:29,2026-08-31,2026-10-07,38,38,0,694,694,100.0,10,684,5,Offline e Erro SD + Gravação,True,True,True,METROPOLE - EXPANDIR,
32171,23,2026-08-31T21:30,2026-08-31,2026-10-07,38,38,0,696,696,100.0,4,692,5,Offline e Erro SD + Gravação,True,True,True,METROPOLE - EXPANDIR,
32176,23,2026-09-18T05:21,2026-09-18,2026-10-07,20,20,0,345,289,83.8,0,289,5,Erro SD + Gravação,False,False,True,METROPOLE - ITAIM,
32182,21,2026-10-07T10:58,2026-10-07,2026-10-07,1,1,0,1,1,100.0,0,1,5,Erro SD + Gravação,True,False,True,METROPOLE - AE CARVALHO,Viação Metrópole AE Carvalho
32207,22,2026-10-07T11:09,2026-10-07,2026-10-07,1,1,0,1,1,100.0,0,1,5,Erro SD + Gravação,True,False,True,METROPOLE - AE CARVALHO,Viação Metrópole AE Carvalho
32207,23,2026-08-31T21:20,2026-08-31,2026-10-07,38,38,0,706,706,100.0,0,706,5,Erro SD + Gravação,True,True,True,METROPOLE - AE CARVALHO,Viação Metrópole AE Carvalho
32215,21,2026-09-25T12:02,2026-09-25,2026-10-07,13,8,5,47,47,100.0,47,0,0,Offline,True,True,True,METROPOLE - ITAIM,Viação Metrópole Itaim
32215,22,2026-09-25T15:04,2026-09-25,2026-10-07,13,12,1,66,66,100.0,66,0,0,Offline,True,True,True,METROPOLE - ITAIM,Viação Metrópole Itaim
32222,22,2026-10-07T11:40,2026-10-07,2026-10-07,1,1,0,1,1,100.0,0,1,5,Erro SD + Gravação,True,False,True,METROPOLE - AE CARVALHO,Viação Metrópole AE Carvalho
32234,22,2026-10-07T11:43,2026-10-07,2026-10-07,1,1,0,1,1,100.0,0,1,5,Erro SD + Gravação,True,False,True,METROPOLE - AE CARVALHO,Viação Metrópole AE Carvalho
32235,22,2026-10-07T11:13,2026-10-07,2026-10-07,1,1,0,1,1,100.0,0,1,5,Erro SD + Gravação,True,False,True,METROPOLE - AE CARVALHO,Viação Metrópole AE Carvalho
32238,21,2026-10-07T10:54,2026-10-07,2026-10-07,1,1,0,1,1,100.0,0,1,5,Erro SD + Gravação,True,False,True,METROPOLE - AE CARVALHO,Viação Metrópole AE Carvalho
32239,22,2026-10-07T11:30,2026-10-07,2026-10-07,1,1,0,1,1,100.0,0,1,5,Erro SD + Gravação,True,False,True,METROPOLE - AE CARVALHO,Viação Metrópole AE Carvalho
32260,21,2026-10-07T11:41,2026-10-07,2026-10-07,1,1,0,1,1,100.0,0,1,5,Erro SD + Gravação,True,False,True,METROPOLE - AE CARVALHO,Viação Metrópole AE Carvalho
32261,22,2026-10-07T11:24,2026-10-07,2026-10-07,1,1,0,1,1,100.0,0,1,5,Erro SD + Gravação,True,False,True,METROPOLE - AE CARVALHO,
32267,21,2026-10-07T10:50,2026-10-07,2026-10-07,1,1,0,1,1,100.0,0,1,5,Erro SD + Gravação,True,False,True,METROPOLE - AE CARVALHO,Viação Metrópole AE Carvalho
32269,22,2026-10-07T10:58,2026-10-07,2026-10-07,1,1,0,1,1,100.0,0,1,5,Erro SD + Gravação,True,False,True,METROPOLE - AE CARVALHO,
32272,21,2026-10-07T11:41,2026-10-07,2026-10-07,1,1,0,1,1,100.0,0,1,5,Erro SD + Gravação,True,False,True,METROPOLE - AE CARVALHO,Viação Metrópole AE Carvalho
32297,21,2026-10-05T09:12,2026-10-05,2026-10-07,3,3,0,5,5,100.0,0,5,5,Erro SD + Gravação,True,False,True,METROPOLE - ITAIM,Viação Metrópole Itaim
32297,22,2026-10-05T09:12,2026-10-05,2026-10-07,3,3,0,5,5,100.0,0,5,5,Erro SD + Gravação,True,False,True,METROPOLE - ITAIM,Viação Metrópole Itaim
32418,22,2026-10-07T10:58,2026-10-07,2026-10-07,1,1,0,1,1,100.0,0,1,5,Erro SD + Gravação,True,False,True,METROPOLE - AE CARVALHO,Viação Metrópole AE Carvalho
32422,21,2026-10-07T09:23,2026-10-07,2026-10-07,1,1,0,1,1,100.0,1,0,0,Offline,True,False,True,METROPOLE - AE CARVALHO,Viação Metrópole AE Carvalho
32423,21,2026-10-07T11:20,2026-10-07,2026-10-07,1,1,0,1,1,100.0,1,0,0,Offline,True,False,True,METROPOLE - AE CARVALHO,Viação Metrópole AE Carvalho
32423,23,2026-10-02T08:12,2026-10-02,2026-10-07,6,6,0,41,37,90.2,37,0,0,Offline,False,False,True,METROPOLE - AE CARVALHO,Viação Metrópole AE Carvalho
32428,22,2026-10-07T11:09,2026-10-07,2026-10-07,1,1,0,1,1,100.0,1,0,0,Offline,True,False,True,METROPOLE - AE CARVALHO,Viação Metrópole AE Carvalho
32430,21,2026-10-07T10:57,2026-10-07,2026-10-07,1,1,0,1,1,100.0,1,0,0,Offline,True,False,True,METROPOLE - AE CARVALHO,
32432,22,2026-10-07T11:25,2026-10-07,2026-10-07,1,1,0,1,1,100.0,0,1,5,Erro SD + Gravação,True,False,True,METROPOLE - AE CARVALHO,
32441,21,2026-10-07T11:21,2026-10-07,2026-10-07,1,1,0,1,1,100.0,0,1,5,Erro SD + Gravação,True,False,True,METROPOLE - AE CARVALHO,
32473,24,2026-09-02T15:55,2026-09-02,2026-09-10,9,2,7,7,7,100.0,7,0,0,Offline,True,True,False,METROPOLE - ITAIM,Viação Metrópole Itaim
32473,25,2026-09-02T15:55,2026-09-02,2026-09-10,9,2,7,7,7,100.0,7,0,0,Offline,True,True,False,METROPOLE - ITAIM,Viação Metrópole Itaim
32473,26,2026-09-02T15:55,2026-09-02,2026-09-10,9,2,7,7,7,100.0,7,0,0,Offline,True,True,False,METROPOLE - ITAIM,Viação Metrópole Itaim
32516,26,2026-08-31T21:22,2026-08-31,2026-10-07,38,37,1,656,594,90.5,594,0,0,Offline,False,True,True,METROPOLE - ITAIM,Viação Metrópole Itaim
32520,23,2026-09-30T17:00,2026-09-30,2026-10-07,8,8,0,69,59,85.5,0,59,5,Erro SD + Gravação,False,False,True,METROPOLE - ITAIM,
32520,25,2026-08-31T21:29,2026-08-31,2026-10-07,38,38,0,708,701,99.0,701,0,0,Offline,False,True,True,METROPOLE - ITAIM,
32612,22,2026-10-07T11:29,2026-10-07,2026-10-07,1,1,0,1,1,100.0,0,1,5,Erro SD + Gravação,True,False,True,METROPOLE - AE CARVALHO,Viação Metrópole AE Carvalho
32616,22,2026-10-07T11:27,2026-10-07,2026-10-07,1,1,0,1,1,100.0,0,1,5,Erro SD + Gravação,True,False,True,METROPOLE - AE CARVALHO,Viação Metrópole AE Carvalho
32620,21,2026-09-28T05:22,2026-09-28,2026-10-07,10,6,4,47,27,57.4,27,0,0,Offline,False,False,True,METROPOLE - AE CARVALHO,Viação Metrópole AE Carvalho
32620,22,2026-08-31T21:06,2026-08-31,2026-10-07,38,38,0,706,706,100.0,706,0,0,Offline,True,True,True,METROPOLE - AE CARVALHO,Viação Metrópole AE Carvalho
32620,23,2026-08-31T21:06,2026-08-31,2026-10-07,38,38,0,704,704,100.0,704,0,0,Offline,True,True,True,METROPOLE - AE CARVALHO,Viação Metrópole AE Carvalho
32621,21,2026-10-07T10:49,2026-10-07,2026-10-07,1,1,0,1,1,100.0,1,0,0,Offline,True,False,True,METROPOLE - AE CARVALHO,
32625,23,2026-09-10T17:50,2026-09-10,2026-10-07,28,28,0,510,493,96.7,22,471,5,Offline e Erro SD + Gravação,False,False,True,METROPOLE - AE CARVALHO,Viação Metrópole AE Carvalho
32626,21,2026-10-07T11:22,2026-10-07,2026-10-07,1,1,0,1,1,100.0,0,1,5,Erro SD + Gravação,True,False,True,METROPOLE - AE CARVALHO,
32631,22,2026-10-07T10:56,2026-10-07,2026-10-07,1,1,0,1,1,100.0,1,0,0,Offline,True,False,True,METROPOLE - AE CARVALHO,
32641,23,2026-08-31T21:37,2026-08-31,2026-10-07,38,38,0,714,714,100.0,0,714,5,Erro SD + Gravação,True,True,True,METROPOLE - AE CARVALHO,Viação Metrópole AE Carvalho
32642,23,2026-09-26T01:06,2026-09-26,2026-10-07,12,12,0,151,150,99.3,150,0,0,Offline,False,False,True,METROPOLE - AE CARVALHO,Viação Metrópole AE Carvalho
32643,22,2026-10-07T11:36,2026-10-07,2026-10-07,1,1,0,1,1,100.0,0,1,5,Erro SD + Gravação,True,False,True,METROPOLE - AE CARVALHO,
32644,21,,2026-10-06,2026-10-07,2,2,0,2,2,100.0,2,0,0,Offline,True,False,True,METROPOLE - AE CARVALHO,Viação Metrópole AE Carvalho
32644,22,,2026-10-06,2026-10-07,2,2,0,2,2,100.0,2,0,0,Offline,True,False,True,METROPOLE - AE CARVALHO,Viação Metrópole AE Carvalho
32644,23,,2026-10-06,2026-10-07,2,2,0,2,2,100.0,2,0,0,Offline,True,False,True,METROPOLE - AE CARVALHO,Viação Metrópole AE Carvalho
32652,22,2026-10-07T10:58,2026-10-07,2026-10-07,1,1,0,1,1,100.0,0,1,5,Erro SD + Gravação,True,False,True,METROPOLE - EXPANDIR,
32653,22,2026-10-07T11:26,2026-10-07,2026-10-07,1,1,0,1,1,100.0,0,1,5,Erro SD + Gravação,True,False,True,METROPOLE - EXPANDIR,
32656,21,2026-10-07T09:21,2026-10-07,2026-10-07,1,1,0,1,1,100.0,1,0,0,Offline,True,False,True,METROPOLE - EXPANDIR,Viação Metrópole AE Carvalho
32658,23,2026-10-01T16:20,2026-10-01,2026-10-01,1,1,0,2,1,50.0,1,0,0,Offline,False,False,False,METROPOLE - ITAIM,Viação Metrópole Itaim
32662,21,2026-10-07T10:45,2026-10-07,2026-10-07,1,1,0,1,1,100.0,0,1,5,Erro SD + Gravação,True,False,True,METROPOLE - EXPANDIR,
32664,21,2026-10-07T10:47,2026-10-07,2026-10-07,1,1,0,1,1,100.0,0,1,5,Erro SD + Gravação,True,False,True,METROPOLE - EXPANDIR,
32665,21,2026-08-31T21:35,2026-08-31,2026-10-07,38,32,6,509,509,100.0,0,509,5,Erro SD + Gravação,True,True,True,METROPOLE - EXPANDIR,
32665,22,2026-08-31T21:35,2026-08-31,2026-10-07,38,36,2,566,566,100.0,0,566,5,Erro SD + Gravação,True,True,True,METROPOLE - EXPANDIR,
32665,23,2026-08-31T21:35,2026-08-31,2026-10-07,38,36,2,571,571,100.0,2,569,5,Offline e Erro SD + Gravação,True,True,True,METROPOLE - EXPANDIR,
32670,21,2026-08-31T21:28,2026-08-31,2026-10-06,37,33,4,640,640,100.0,1,639,5,Offline e Erro SD + Gravação,True,True,False,METROPOLE - EXPANDIR,
32678,22,2026-10-01T17:01,2026-10-01,2026-10-01,1,1,0,13,1,7.7,1,0,0,Offline,False,False,False,METROPOLE - ITAIM,Viação Metrópole Itaim
32692,22,2026-09-01T10:15,2026-09-01,2026-10-02,32,10,22,99,99,100.0,99,0,0,Offline,True,True,False,METROPOLE - ITAIM,Viação Metrópole Itaim
32694,23,2026-08-31T21:13,2026-08-31,2026-10-07,38,38,0,722,722,100.0,0,722,5,Erro SD + Gravação,True,True,True,METROPOLE - EXPANDIR,
32698,21,2026-08-31T21:37,2026-08-31,2026-10-07,38,34,4,670,670,100.0,15,655,5,Offline e Erro SD + Gravação,True,True,True,METROPOLE - EXPANDIR,
32698,22,2026-08-31T21:37,2026-08-31,2026-10-07,38,38,0,737,737,100.0,24,713,5,Offline e Erro SD + Gravação,True,True,True,METROPOLE - EXPANDIR,
32698,23,2026-08-31T21:37,2026-08-31,2026-10-07,38,38,0,739,739,100.0,23,716,5,Offline e Erro SD + Gravação,True,True,True,METROPOLE - EXPANDIR,
32699,21,2026-08-31T21:30,2026-08-31,2026-10-07,38,34,4,667,667,100.0,2,665,5,Offline e Erro SD + Gravação,True,True,True,METROPOLE - EXPANDIR,
32703,22,2026-10-07T10:58,2026-10-07,2026-10-07,1,1,0,1,1,100.0,1,0,0,Offline,True,False,True,METROPOLE - EXPANDIR,
32704,23,2026-09-01T14:25,2026-09-01,2026-10-07,37,37,0,718,718,100.0,718,0,0,Offline,True,True,True,METROPOLE - EXPANDIR,
32708,21,2026-10-07T11:27,2026-10-07,2026-10-07,1,1,0,1,1,100.0,0,1,5,Erro SD + Gravação,True,False,True,METROPOLE - EXPANDIR,
32711,23,2026-09-01T10:04,2026-09-01,2026-10-07,37,32,5,555,555,100.0,555,0,0,Offline,True,True,True,METROPOLE - EXPANDIR,
32712,21,2026-09-10T03:39,2026-09-10,2026-10-07,28,24,4,452,449,99.3,0,449,5,Erro SD + Gravação,False,False,True,METROPOLE - EXPANDIR,
32712,22,2026-08-31T21:54,2026-08-31,2026-10-07,38,38,0,728,728,100.0,0,728,5,Erro SD + Gravação,True,True,True,METROPOLE - EXPANDIR,
32712,23,2026-08-31T21:54,2026-08-31,2026-10-07,38,38,0,742,742,100.0,0,742,5,Erro SD + Gravação,True,True,True,METROPOLE - EXPANDIR,
32884,21,2026-09-01T12:13,2026-09-01,2026-09-16,16,7,9,105,105,100.0,105,0,0,Offline,True,True,False,METROPOLE - AE CARVALHO,
32884,22,2026-09-01T12:13,2026-09-01,2026-09-16,16,7,9,107,107,100.0,107,0,0,Offline,True,True,False,METROPOLE - AE CARVALHO,
32888,21,2026-08-31T21:25,2026-08-31,2026-10-07,38,34,4,597,597,100.0,597,0,0,Offline,True,True,True,METROPOLE - ITAIM,
32888,22,2026-08-31T21:25,2026-08-31,2026-10-07,38,38,0,663,663,100.0,663,0,0,Offline,True,True,True,METROPOLE - ITAIM,
32889,21,2026-08-31T21:29,2026-08-31,2026-10-07,38,34,4,655,655,100.0,655,0,0,Offline,True,True,True,METROPOLE - AE CARVALHO,Viação Metrópole AE Carvalho
32889,22,2026-08-31T21:29,2026-08-31,2026-10-07,38,38,0,714,714,100.0,714,0,0,Offline,True,True,True,METROPOLE - AE CARVALHO,Viação Metrópole AE Carvalho
32890,21,2026-10-07T11:37,2026-10-07,2026-10-07,1,1,0,1,1,100.0,0,1,5,Erro SD + Gravação,True,False,True,METROPOLE - AE CARVALHO,
32894,22,2026-10-07T11:37,2026-10-07,2026-10-07,1,1,0,1,1,100.0,0,1,5,Erro SD + Gravação,True,False,True,METROPOLE - AE CARVALHO,Viação Metrópole AE Carvalho
32948,22,2026-08-31T21:07,2026-08-31,2026-10-07,38,38,0,694,694,100.0,694,0,0,Offline,True,True,True,METROPOLE - ITAIM,Viação Metrópole Itaim
32953,23,2026-09-11T20:24,2026-09-11,2026-10-07,27,27,0,495,475,96.0,0,475,5,Erro SD + Gravação,False,False,True,METROPOLE - AE CARVALHO,Viação Metrópole AE Carvalho
35201,21,2026-08-31T21:31,2026-08-31,2026-10-07,38,34,4,661,661,100.0,661,0,0,Offline,True,True,True,ALFA RODOBUS SPE,Norte Buss A2
35202,21,2026-09-13T05:22,2026-09-13,2026-10-07,25,21,4,376,371,98.7,371,0,0,Offline,False,False,True,ALFA RODOBUS SPE,Alfa Rodobus SPE
35206,21,2026-09-19T08:57,2026-09-19,2026-10-07,19,15,4,256,241,94.1,0,241,5,Erro SD + Gravação,False,False,True,ALFA RODOBUS SPE,Alfa Rodobus SPE
35208,21,2026-08-31T21:53,2026-08-31,2026-10-07,38,34,4,663,663,100.0,0,663,5,Erro SD + Gravação,True,True,True,ALFA RODOBUS SPE,Alfa Rodobus SPE
35210,21,2026-08-31T21:58,2026-08-31,2026-10-07,38,34,4,633,633,100.0,633,0,0,Offline,True,True,True,ALFA RODOBUS SPE,
35213,21,2026-08-31T21:41,2026-08-31,2026-10-07,38,34,4,642,642,100.0,642,0,0,Offline,True,True,True,ALFA RODOBUS SPE,Alfa Rodobus SPE
35215,21,2026-08-31T21:03,2026-08-31,2026-10-07,38,34,4,668,668,100.0,0,668,5,Erro SD + Gravação,True,True,True,ALFA RODOBUS SPE,Alfa Rodobus SPE
35223,22,2026-10-07T11:33,2026-10-07,2026-10-07,1,1,0,1,1,100.0,0,1,5,Erro SD + Gravação,True,False,True,ALFA RODOBUS SPE,
35227,21,2026-10-07T10:46,2026-10-07,2026-10-07,1,1,0,1,1,100.0,1,0,0,Offline,True,False,True,ALFA RODOBUS SPE,
35230,21,2026-10-07T10:42,2026-10-07,2026-10-07,1,1,0,1,1,100.0,0,1,5,Erro SD + Gravação,True,False,True,ALFA RODOBUS SPE,
35231,21,2026-09-03T14:29,2026-09-03,2026-10-07,35,31,4,603,603,100.0,603,0,0,Offline,True,True,True,ALFA RODOBUS SPE,
35231,22,2026-09-03T14:29,2026-09-03,2026-10-07,35,35,0,677,677,100.0,677,0,0,Offline,True,True,True,ALFA RODOBUS SPE,
35505,21,2026-08-31T21:54,2026-08-31,2026-10-07,38,34,4,626,626,100.0,1,625,5,Offline e Erro SD + Gravação,True,True,True,ALFA RODOBUS SPE,
35505,22,2026-08-31T21:54,2026-08-31,2026-10-07,38,38,0,693,693,100.0,692,1,5,Offline e Erro SD + Gravação,True,True,True,ALFA RODOBUS SPE,
35507,21,2026-09-01T07:56,2026-09-01,2026-10-07,37,33,4,645,645,100.0,645,0,0,Offline,True,True,True,ALFA RODOBUS SPE,
35508,21,2026-09-22T13:00,2026-09-22,2026-10-07,16,12,4,173,173,100.0,173,0,0,Offline,True,True,True,ALFA RODOBUS SPE,
35518,21,2026-10-07T11:01,2026-10-07,2026-10-07,1,1,0,1,1,100.0,1,0,0,Offline,True,False,True,ALFA RODOBUS SPE,Alfa Rodobus
35519,22,2026-10-07T10:34,2026-10-07,2026-10-07,1,1,0,1,1,100.0,1,0,0,Offline,True,False,True,ALFA RODOBUS SPE,Alfa Rodobus
35523,21,2026-09-18T15:52,2026-09-18,2026-10-07,20,16,4,305,262,85.9,262,0,0,Offline,False,False,True,ALFA RODOBUS SPE,Alfa Rodobus SPE
35527,21,2026-09-10T12:46,2026-09-10,2026-10-07,28,22,6,266,263,98.9,263,0,0,Offline,False,False,True,ALFA RODOBUS SPE,Alfa Rodobus
35527,22,2026-08-31T21:42,2026-08-31,2026-10-07,38,36,2,434,434,100.0,434,0,0,Offline,True,True,True,ALFA RODOBUS SPE,Alfa Rodobus
35702,21,2026-09-02T14:25,2026-09-02,2026-09-02,1,1,0,2,2,100.0,2,0,0,Offline,True,True,False,ALFA RODOBUS SPE,Alfa Rodobus
35708,21,2026-10-07T11:07,2026-10-07,2026-10-07,1,1,0,1,1,100.0,1,0,0,Offline,True,False,True,ALFA RODOBUS SPE,
35709,21,2026-10-07T11:25,2026-10-07,2026-10-07,1,1,0,1,1,100.0,1,0,0,Offline,True,False,True,ALFA RODOBUS SPE,Alfa Rodobus SPE
35709,22,2026-10-07T11:25,2026-10-07,2026-10-07,1,1,0,1,1,100.0,1,0,0,Offline,True,False,True,ALFA RODOBUS SPE,Alfa Rodobus SPE
35713,21,2026-10-03T22:21,2026-10-03,2026-10-06,4,4,0,24,24,100.0,24,0,0,Offline,True,True,False,ALFA RODOBUS SPE,Alfa Rodobus SPE
35714,21,2026-08-31T21:45,2026-08-31,2026-10-07,38,34,4,670,670,100.0,53,617,5,Offline e Erro SD + Gravação,True,True,True,ALFA RODOBUS SPE,Alfa Rodobus SPE
35717,21,2026-09-05T00:34,2026-09-05,2026-10-07,33,29,4,562,397,70.6,397,0,0,Offline,False,False,True,ALFA RODOBUS SPE,
35722,21,2026-08-31T21:26,2026-08-31,2026-10-07,38,34,4,664,664,100.0,12,652,5,Offline e Erro SD + Gravação,True,True,True,ALFA RODOBUS SPE,Alfa Rodobus SPE
35725,21,2026-09-24T09:26,2026-09-24,2026-09-24,1,1,0,2,2,100.0,2,0,0,Offline,True,False,False,ALFA RODOBUS SPE,
35727,21,2026-08-31T21:24,2026-08-31,2026-10-07,38,34,4,670,670,100.0,0,670,5,Erro SD + Gravação,True,True,True,ALFA RODOBUS SPE,
35728,21,2026-09-08T09:14,2026-09-08,2026-09-10,3,3,0,58,7,12.1,7,0,0,Offline,False,False,False,ALFA RODOBUS SPE,
35736,21,2026-08-31T21:04,2026-08-31,2026-10-07,38,34,4,662,662,100.0,662,0,0,Offline,True,True,True,ALFA RODOBUS SPE,Alfa Rodobus SPE
35744,21,2026-10-03T21:53,2026-10-03,2026-10-07,5,5,0,24,24,100.0,0,24,5,Erro SD + Gravação,True,False,True,ALFA RODOBUS SPE,
35752,21,2026-09-08T11:43,2026-09-08,2026-10-07,30,24,6,421,410,97.4,0,410,5,Erro SD + Gravação,False,False,True,ALFA RODOBUS SPE,
35754,22,2026-10-07T10:46,2026-10-07,2026-10-07,1,1,0,1,1,100.0,0,1,5,Erro SD + Gravação,True,False,True,ALFA RODOBUS SPE,
35756,21,2026-09-08T16:43,2026-09-08,2026-09-08,1,1,0,1,1,100.0,1,0,0,Offline,True,True,False,ALFA RODOBUS SPE,
35757,21,2026-08-31T21:20,2026-08-31,2026-10-07,38,34,4,660,660,100.0,660,0,0,Offline,True,True,True,ALFA RODOBUS SPE,
35765,21,2026-09-22T11:08,2026-09-22,2026-10-07,16,12,4,181,136,75.1,136,0,0,Offline,False,False,True,ALFA RODOBUS SPE,
35769,21,2026-08-31T21:26,2026-08-31,2026-10-07,38,34,4,640,640,100.0,640,0,0,Offline,True,True,True,ALFA RODOBUS SPE,Alfa Rodobus SPE
35780,21,2026-08-31T21:37,2026-08-31,2026-10-07,38,34,4,657,657,100.0,657,0,0,Offline,True,True,True,ALFA RODOBUS SPE,Alfa Rodobus SPE
35781,21,2026-08-31T21:28,2026-08-31,2026-10-07,38,34,4,649,649,100.0,8,641,5,Offline e Erro SD + Gravação,True,True,True,ALFA RODOBUS SPE,
35782,21,2026-08-31T21:00,2026-08-31,2026-10-07,38,34,4,664,664,100.0,1,663,5,Offline e Erro SD + Gravação,True,True,True,ALFA RODOBUS SPE,
35795,21,2026-08-31T21:41,2026-08-31,2026-10-07,38,34,4,669,669,100.0,669,0,0,Offline,True,True,True,ALFA RODOBUS SPE,Alfa Rodobus SPE
35808,21,2026-09-08T12:22,2026-09-08,2026-10-07,30,23,7,359,359,100.0,359,0,0,Offline,True,True,True,ALFA RODOBUS SPE,
35814,21,2026-08-31T21:49,2026-08-31,2026-10-07,38,34,4,640,640,100.0,0,640,5,Erro SD + Gravação,True,True,True,ALFA RODOBUS SPE,
35816,21,2026-08-31T21:41,2026-08-31,2026-10-07,38,34,4,671,671,100.0,0,671,5,Erro SD + Gravação,True,True,True,ALFA RODOBUS SPE,Alfa Rodobus SPE
35826,21,2026-08-31T21:12,2026-08-31,2026-10-07,38,34,4,670,670,100.0,670,0,0,Offline,True,True,True,ALFA RODOBUS SPE,
35834,21,2026-09-02T03:58,2026-09-02,2026-10-07,36,32,4,638,463,72.6,463,0,0,Offline,False,False,True,ALFA RODOBUS SPE,
35837,21,2026-08-31T21:34,2026-08-31,2026-10-07,38,33,5,581,581,100.0,0,581,5,Erro SD + Gravação,True,True,True,ALFA RODOBUS SPE,Alfa Rodobus SPE
35850,21,2026-08-31T21:47,2026-08-31,2026-10-07,38,34,4,670,670,100.0,670,0,0,Offline,True,True,True,ALFA RODOBUS SPE,
35915,21,2026-08-31T21:58,2026-08-31,2026-10-07,38,34,4,669,669,100.0,669,0,0,Offline,True,True,True,ALFA RODOBUS SPE,Alfa Rodobus SPE
35918,21,2026-08-31T21:40,2026-08-31,2026-10-07,38,34,4,670,670,100.0,0,670,5,Erro SD + Gravação,True,True,True,ALFA RODOBUS SPE,Alfa Rodobus SPE
35928,21,2026-08-31T21:32,2026-08-31,2026-10-07,38,34,4,666,666,100.0,26,640,5,Offline e Erro SD + Gravação,True,True,True,ALFA RODOBUS SPE,Alfa Rodobus SPE
35939,21,2026-08-31T21:53,2026-08-31,2026-10-07,38,34,4,668,668,100.0,668,0,0,Offline,True,True,True,ALFA RODOBUS SPE,Alfa Rodobus SPE
35944,21,2026-08-31T21:23,2026-08-31,2026-10-07,38,20,18,300,300,100.0,300,0,0,Offline,True,True,True,ALFA RODOBUS SPE,
35971,21,2026-08-31T21:28,2026-08-31,2026-10-07,38,34,4,614,557,90.7,557,0,0,Offline,False,True,True,ALFA RODOBUS SPE,
35971,22,2026-08-31T21:28,2026-08-31,2026-10-07,38,38,0,672,616,91.7,616,0,0,Offline,False,True,True,ALFA RODOBUS SPE,
35985,21,2026-08-31T21:22,2026-08-31,2026-09-28,29,29,0,605,605,100.0,0,605,5,Erro SD + Gravação,True,True,False,ALFA RODOBUS SPE,
35991,21,,2026-10-06,2026-10-07,2,2,0,2,2,100.0,2,0,0,Offline,True,False,True,ALFA RODOBUS SPE,Alfa Rodobus SPE
36001,21,2026-09-01T14:22,2026-09-01,2026-09-01,1,1,0,15,1,6.7,1,0,0,Offline,False,False,False,TRANS UNIÃO,
36006,21,2026-08-31T21:00,2026-08-31,2026-09-10,11,11,0,223,223,100.0,0,223,5,Erro SD + Gravação,True,True,False,TRANS UNIÃO,
36006,22,2026-08-31T21:00,2026-08-31,2026-09-10,11,11,0,223,223,100.0,223,0,0,Offline,True,True,False,TRANS UNIÃO,
36022,21,2026-08-31T21:02,2026-08-31,2026-09-04,5,5,0,77,77,100.0,0,77,5,Erro SD + Gravação,True,True,False,TRANS UNIÃO,
36022,22,2026-08-31T21:02,2026-08-31,2026-09-04,5,5,0,77,77,100.0,0,77,5,Erro SD + Gravação,True,True,False,TRANS UNIÃO,
36031,22,2026-09-01T00:19,2026-09-01,2026-09-11,11,8,3,157,157,100.0,1,156,5,Offline e Erro SD + Gravação,True,True,False,TRANS UNIÃO,
36042,22,2026-08-31T23:18,2026-08-31,2026-09-17,18,18,0,366,366,100.0,1,365,5,Offline e Erro SD + Gravação,True,True,False,TRANS UNIÃO,
36058,21,2026-08-31T21:29,2026-08-31,2026-09-14,15,15,0,321,321,100.0,321,0,0,Offline,True,True,False,TRANS UNIÃO,
36058,22,2026-08-31T21:32,2026-08-31,2026-09-14,15,15,0,319,319,100.0,319,0,0,Offline,True,True,False,TRANS UNIÃO,
36064,21,2026-08-31T21:54,2026-08-31,2026-09-04,5,5,0,88,88,100.0,0,88,5,Erro SD + Gravação,True,True,False,TRANS UNIÃO,
36064,22,2026-08-31T21:54,2026-08-31,2026-09-04,5,5,0,88,88,100.0,0,88,5,Erro SD + Gravação,True,True,False,TRANS UNIÃO,
36070,21,2026-08-31T21:54,2026-08-31,2026-09-01,2,2,0,13,13,100.0,13,0,0,Offline,True,True,False,TRANS UNIÃO,
36070,22,2026-08-31T21:54,2026-08-31,2026-09-01,2,2,0,13,13,100.0,13,0,0,Offline,True,True,False,TRANS UNIÃO,
36080,22,2026-08-31T21:53,2026-08-31,2026-09-14,15,15,0,327,252,77.1,252,0,0,Offline,False,True,False,TRANS UNIÃO,
36100,21,2026-08-31T21:05,2026-08-31,2026-09-02,3,3,0,50,50,100.0,0,50,5,Erro SD + Gravação,True,True,False,TRANS UNIÃO,
36100,22,2026-08-31T21:05,2026-08-31,2026-09-02,3,3,0,50,50,100.0,49,1,5,Offline e Erro SD + Gravação,True,True,False,TRANS UNIÃO,
36110,21,2026-08-31T21:20,2026-08-31,2026-09-14,15,15,0,332,332,100.0,0,332,5,Erro SD + Gravação,True,True,False,TRANS UNIÃO,
36110,22,2026-08-31T21:20,2026-08-31,2026-09-14,15,15,0,332,332,100.0,0,332,5,Erro SD + Gravação,True,True,False,TRANS UNIÃO,
36115,21,2026-08-31T21:24,2026-08-31,2026-09-21,22,22,0,465,465,100.0,0,465,5,Erro SD + Gravação,True,True,False,TRANS UNIÃO,
36115,22,2026-08-31T21:25,2026-08-31,2026-09-21,22,22,0,466,466,100.0,0,466,5,Erro SD + Gravação,True,True,False,TRANS UNIÃO,
36116,21,2026-09-08T08:06,2026-09-08,2026-09-11,4,4,0,77,61,79.2,61,0,0,Offline,False,False,False,TRANS UNIÃO,Norte Buss A2
36116,22,2026-09-08T08:08,2026-09-08,2026-09-11,4,4,0,77,61,79.2,61,0,0,Offline,False,False,False,TRANS UNIÃO,Norte Buss A2
36140,21,2026-09-11T10:12,2026-09-11,2026-09-14,4,4,0,72,72,100.0,5,67,5,Offline e Erro SD + Gravação,True,True,False,TRANS UNIÃO,
36140,22,2026-09-11T10:12,2026-09-11,2026-09-14,4,4,0,72,72,100.0,5,67,5,Offline e Erro SD + Gravação,True,True,False,TRANS UNIÃO,
36141,22,2026-08-31T21:44,2026-08-31,2026-09-05,6,6,0,106,106,100.0,0,106,5,Erro SD + Gravação,True,True,False,TRANS UNIÃO,
36149,21,2026-09-01T19:00,2026-09-01,2026-09-18,18,8,10,78,74,94.9,74,0,0,Offline,False,False,False,TRANS UNIÃO,
36149,22,2026-09-01T15:02,2026-09-01,2026-09-18,18,8,10,78,74,94.9,74,0,0,Offline,False,False,False,TRANS UNIÃO,
36154,21,2026-08-31T21:04,2026-08-31,2026-09-12,13,13,0,250,250,100.0,0,250,5,Erro SD + Gravação,True,True,False,TRANS UNIÃO,
36180,21,2026-08-31T21:33,2026-08-31,2026-09-18,19,19,0,394,394,100.0,0,394,5,Erro SD + Gravação,True,True,False,TRANS UNIÃO,
36180,22,2026-08-31T21:33,2026-08-31,2026-09-18,19,19,0,394,394,100.0,1,393,5,Offline e Erro SD + Gravação,True,True,False,TRANS UNIÃO,
36189,22,2026-08-31T21:35,2026-08-31,2026-09-23,24,24,0,516,516,100.0,0,516,5,Erro SD + Gravação,True,True,False,TRANS UNIÃO,
36219,21,2026-09-09T14:12,2026-09-09,2026-09-10,2,2,0,20,20,100.0,20,0,0,Offline,True,True,False,TRANS UNIÃO,
36219,22,2026-09-09T14:15,2026-09-09,2026-09-10,2,2,0,20,20,100.0,20,0,0,Offline,True,True,False,TRANS UNIÃO,
36227,21,2026-09-02T17:41,2026-09-02,2026-09-05,4,4,0,79,62,78.5,0,62,5,Erro SD + Gravação,False,False,False,TRANS UNIÃO,
36227,22,2026-09-02T18:41,2026-09-02,2026-09-05,4,4,0,79,61,77.2,0,61,5,Erro SD + Gravação,False,False,False,TRANS UNIÃO,
36230,21,2026-09-03T11:09,2026-09-03,2026-09-23,21,16,5,316,316,100.0,316,0,0,Offline,True,True,False,TRANS UNIÃO,
36230,22,2026-09-03T11:09,2026-09-03,2026-09-23,21,16,5,316,316,100.0,316,0,0,Offline,True,True,False,TRANS UNIÃO,
36239,21,2026-08-31T21:22,2026-08-31,2026-09-04,5,5,0,83,83,100.0,0,83,5,Erro SD + Gravação,True,True,False,TRANS UNIÃO,
36239,22,2026-08-31T21:22,2026-08-31,2026-09-04,5,5,0,83,83,100.0,0,83,5,Erro SD + Gravação,True,True,False,TRANS UNIÃO,
36242,21,2026-08-31T21:21,2026-08-31,2026-09-20,21,21,0,401,397,99.0,397,0,0,Offline,False,True,False,TRANS UNIÃO,
36242,22,2026-08-31T21:23,2026-08-31,2026-09-20,21,21,0,401,397,99.0,397,0,0,Offline,False,True,False,TRANS UNIÃO,
36244,21,2026-08-31T21:11,2026-08-31,2026-09-05,6,6,0,105,105,100.0,0,105,5,Erro SD + Gravação,True,True,False,TRANS UNIÃO,
36244,22,2026-08-31T21:11,2026-08-31,2026-09-05,6,6,0,105,105,100.0,0,105,5,Erro SD + Gravação,True,True,False,TRANS UNIÃO,
36251,21,2026-08-31T21:49,2026-08-31,2026-09-13,14,14,0,288,288,100.0,160,128,5,Offline e Erro SD + Gravação,True,True,False,TRANS UNIÃO,
36251,22,2026-08-31T21:51,2026-08-31,2026-09-13,14,14,0,284,284,100.0,154,130,5,Offline e Erro SD + Gravação,True,True,False,TRANS UNIÃO,
36258,21,2026-08-31T21:35,2026-08-31,2026-09-03,4,4,0,49,49,100.0,49,0,0,Offline,True,True,False,TRANS UNIÃO,
36258,22,2026-08-31T21:35,2026-08-31,2026-09-03,4,4,0,49,49,100.0,0,49,5,Erro SD + Gravação,True,True,False,TRANS UNIÃO,
36264,21,2026-08-31T21:41,2026-08-31,2026-09-12,13,12,1,215,215,100.0,0,215,5,Erro SD + Gravação,True,True,False,TRANS UNIÃO,
36264,22,2026-08-31T21:41,2026-08-31,2026-09-12,13,12,1,215,215,100.0,0,215,5,Erro SD + Gravação,True,True,False,TRANS UNIÃO,
36281,21,2026-08-31T21:45,2026-08-31,2026-09-23,24,24,0,516,516,100.0,0,516,5,Erro SD + Gravação,True,True,False,TRANS UNIÃO,
36288,21,2026-08-31T21:01,2026-08-31,2026-09-28,29,29,0,640,640,100.0,640,0,0,Offline,True,True,False,TRANS UNIÃO,
36288,22,2026-08-31T21:01,2026-08-31,2026-09-30,31,31,0,665,665,100.0,665,0,0,Offline,True,True,False,TRANS UNIÃO,
36289,22,2026-09-18T11:22,2026-09-18,2026-09-26,9,4,5,59,59,100.0,59,0,0,Offline,True,True,False,TRANS UNIÃO,
36293,21,2026-08-31T21:53,2026-08-31,2026-09-03,4,4,0,64,64,100.0,0,64,5,Erro SD + Gravação,True,True,False,TRANS UNIÃO,
36293,22,2026-08-31T21:53,2026-08-31,2026-09-03,4,4,0,64,64,100.0,0,64,5,Erro SD + Gravação,True,True,False,TRANS UNIÃO,
36318,22,2026-08-31T21:44,2026-08-31,2026-09-18,19,18,1,328,328,100.0,0,328,5,Erro SD + Gravação,True,True,False,TRANS UNIÃO,
36327,21,2026-09-21T14:15,2026-09-21,2026-09-28,8,4,4,10,10,100.0,0,10,5,Erro SD + Gravação,True,True,False,TRANS UNIÃO,
36330,21,2026-08-31T21:36,2026-08-31,2026-09-14,15,15,0,329,329,100.0,329,0,0,Offline,True,True,False,TRANS UNIÃO,
36330,22,2026-08-31T21:36,2026-08-31,2026-09-14,15,15,0,327,327,100.0,66,261,5,Offline e Erro SD + Gravação,True,True,False,TRANS UNIÃO,
36340,22,2026-08-31T21:14,2026-08-31,2026-09-02,3,3,0,31,31,100.0,0,31,5,Erro SD + Gravação,True,True,False,TRANS UNIÃO,
36502,22,2026-08-31T21:54,2026-08-31,2026-09-04,5,5,0,78,78,100.0,78,0,0,Offline,True,True,False,TRANS UNIÃO,
36514,21,2026-08-31T21:26,2026-08-31,2026-09-25,26,26,0,562,562,100.0,1,561,5,Offline e Erro SD + Gravação,True,True,False,TRANS UNIÃO,
36514,22,2026-08-31T21:26,2026-08-31,2026-09-25,26,26,0,562,562,100.0,562,0,0,Offline,True,True,False,TRANS UNIÃO,
36519,21,2026-08-31T21:14,2026-08-31,2026-09-09,10,10,0,202,202,100.0,202,0,0,Offline,True,True,False,TRANS UNIÃO,
36519,22,2026-08-31T21:14,2026-08-31,2026-09-09,10,10,0,202,202,100.0,202,0,0,Offline,True,True,False,TRANS UNIÃO,
36521,21,2026-09-06T08:21,2026-09-06,2026-09-11,6,6,0,128,15,11.7,15,0,0,Offline,False,False,False,TRANS UNIÃO,
36521,22,2026-09-11T08:27,2026-09-11,2026-09-11,1,1,0,11,1,9.1,1,0,0,Offline,False,False,False,TRANS UNIÃO,
36523,21,2026-08-31T21:45,2026-08-31,2026-09-16,17,17,0,344,344,100.0,344,0,0,Offline,True,True,False,TRANS UNIÃO,
36523,22,2026-08-31T21:45,2026-08-31,2026-09-16,17,17,0,344,344,100.0,344,0,0,Offline,True,True,False,TRANS UNIÃO,
36526,21,2026-08-31T21:18,2026-08-31,2026-09-24,25,25,0,535,535,100.0,0,535,5,Erro SD + Gravação,True,True,False,TRANS UNIÃO,
36526,22,2026-08-31T21:18,2026-08-31,2026-09-24,25,25,0,535,535,100.0,535,0,0,Offline,True,True,False,TRANS UNIÃO,
36527,21,2026-08-31T21:39,2026-08-31,2026-09-28,29,29,0,593,593,100.0,1,592,5,Offline e Erro SD + Gravação,True,True,False,TRANS UNIÃO,
36527,22,2026-08-31T21:39,2026-08-31,2026-09-30,31,31,0,621,621,100.0,621,0,0,Offline,True,True,False,TRANS UNIÃO,
36529,22,2026-08-31T21:59,2026-08-31,2026-09-11,12,12,0,256,256,100.0,256,0,0,Offline,True,True,False,TRANS UNIÃO,
36546,21,2026-08-31T21:01,2026-08-31,2026-09-23,24,24,0,519,519,100.0,1,518,5,Offline e Erro SD + Gravação,True,True,False,TRANS UNIÃO,
36546,22,2026-08-31T21:01,2026-08-31,2026-09-23,24,24,0,519,519,100.0,1,518,5,Offline e Erro SD + Gravação,True,True,False,TRANS UNIÃO,
36550,22,2026-09-23T08:43,2026-09-23,2026-09-24,2,2,0,3,3,100.0,3,0,0,Offline,True,True,False,TRANS UNIÃO,
36555,21,2026-08-31T21:08,2026-08-31,2026-09-18,19,8,11,121,121,100.0,121,0,0,Offline,True,True,False,TRANS UNIÃO,
36555,22,2026-08-31T21:10,2026-08-31,2026-09-18,19,8,11,120,120,100.0,120,0,0,Offline,True,True,False,TRANS UNIÃO,
36565,21,2026-09-03T13:33,2026-09-03,2026-09-21,19,19,0,407,394,96.8,0,394,5,Erro SD + Gravação,False,False,False,TRANS UNIÃO,
36565,22,2026-09-03T13:33,2026-09-03,2026-09-21,19,19,0,400,388,97.0,0,388,5,Erro SD + Gravação,False,False,False,TRANS UNIÃO,
36566,22,2026-08-31T21:45,2026-08-31,2026-09-26,27,24,3,449,449,100.0,0,449,5,Erro SD + Gravação,True,True,False,TRANS UNIÃO,
36567,21,2026-09-28T14:21,2026-09-28,2026-09-28,1,1,0,21,1,4.8,1,0,0,Offline,False,False,False,TRANS UNIÃO,
36580,21,2026-09-02T15:06,2026-09-02,2026-09-14,13,13,0,305,252,82.6,20,232,5,Offline e Erro SD + Gravação,False,False,False,TRANS UNIÃO,
36580,22,2026-09-02T15:08,2026-09-02,2026-09-14,13,13,0,305,252,82.6,19,233,5,Offline e Erro SD + Gravação,False,False,False,TRANS UNIÃO,
36583,21,2026-08-31T21:58,2026-08-31,2026-09-11,12,12,0,255,255,100.0,255,0,0,Offline,True,True,False,TRANS UNIÃO,
36583,22,2026-08-31T21:58,2026-08-31,2026-09-11,12,12,0,255,255,100.0,255,0,0,Offline,True,True,False,TRANS UNIÃO,
36597,21,2026-09-14T13:49,2026-09-14,2026-09-14,1,1,0,20,3,15.0,3,0,0,Offline,False,False,False,TRANS UNIÃO,
36597,22,2026-08-31T21:54,2026-08-31,2026-09-14,15,15,0,329,329,100.0,329,0,0,Offline,True,True,False,TRANS UNIÃO,
36604,21,2026-08-31T21:00,2026-08-31,2026-09-02,3,3,0,50,50,100.0,29,21,5,Offline e Erro SD + Gravação,True,True,False,TRANS UNIÃO,
36604,22,2026-08-31T21:01,2026-08-31,2026-09-02,3,3,0,50,50,100.0,27,23,5,Offline e Erro SD + Gravação,True,True,False,TRANS UNIÃO,
36626,22,2026-08-31T21:59,2026-08-31,2026-09-01,2,2,0,15,4,26.7,4,0,0,Offline,False,True,False,TRANS UNIÃO,
36645,21,2026-08-31T21:08,2026-08-31,2026-09-25,26,26,0,563,563,100.0,563,0,0,Offline,True,True,False,TRANS UNIÃO,
36645,22,2026-08-31T21:08,2026-08-31,2026-09-25,26,26,0,563,563,100.0,563,0,0,Offline,True,True,False,TRANS UNIÃO,
36651,21,2026-08-31T21:26,2026-08-31,2026-09-01,2,2,0,26,26,100.0,0,26,5,Erro SD + Gravação,True,True,False,TRANS UNIÃO,
36651,22,2026-08-31T21:26,2026-08-31,2026-09-01,2,2,0,26,26,100.0,0,26,5,Erro SD + Gravação,True,True,False,TRANS UNIÃO,
36664,21,2026-08-31T21:58,2026-08-31,2026-09-28,29,27,2,553,553,100.0,0,553,5,Erro SD + Gravação,True,True,False,TRANS UNIÃO,
36664,22,2026-08-31T21:58,2026-08-31,2026-09-30,31,29,2,575,575,100.0,0,575,5,Erro SD + Gravação,True,True,False,TRANS UNIÃO,
36665,21,2026-09-02T14:20,2026-09-02,2026-09-28,27,20,7,382,382,100.0,382,0,0,Offline,True,True,False,TRANS UNIÃO,
36665,22,2026-09-02T14:20,2026-09-02,2026-09-30,29,22,7,410,410,100.0,410,0,0,Offline,True,True,False,TRANS UNIÃO,
36687,21,2026-08-31T21:19,2026-08-31,2026-09-13,14,14,0,295,295,100.0,5,290,5,Offline e Erro SD + Gravação,True,True,False,TRANS UNIÃO,
36693,21,2026-09-24T10:17,2026-09-24,2026-09-24,1,1,0,11,1,9.1,1,0,0,Offline,False,False,False,TRANS UNIÃO,
36693,22,2026-08-31T21:35,2026-08-31,2026-09-24,25,25,0,538,538,100.0,538,0,0,Offline,True,True,False,TRANS UNIÃO,
36694,22,2026-08-31T21:33,2026-08-31,2026-09-04,5,5,0,91,91,100.0,0,91,5,Erro SD + Gravação,True,True,False,TRANS UNIÃO,
36900,21,2026-08-31T21:40,2026-08-31,2026-09-28,29,22,7,357,357,100.0,357,0,0,Offline,True,True,False,TRANS UNIÃO,
36900,22,2026-08-31T21:40,2026-08-31,2026-09-28,29,22,7,356,356,100.0,356,0,0,Offline,True,True,False,TRANS UNIÃO,
36904,21,2026-08-31T21:06,2026-08-31,2026-09-28,29,28,1,555,555,100.0,1,554,5,Offline e Erro SD + Gravação,True,True,False,TRANS UNIÃO,
36908,22,2026-09-01T06:01,2026-09-01,2026-09-24,24,13,11,128,128,100.0,0,128,5,Erro SD + Gravação,True,True,False,TRANS UNIÃO,
36910,21,2026-09-09T20:28,2026-09-09,2026-09-28,20,19,1,368,350,95.1,0,350,5,Erro SD + Gravação,False,False,False,TRANS UNIÃO,
36910,22,2026-09-09T20:28,2026-09-09,2026-09-30,22,21,1,392,374,95.4,0,374,5,Erro SD + Gravação,False,False,False,TRANS UNIÃO,
36911,21,2026-08-31T21:49,2026-08-31,2026-09-28,29,20,9,220,220,100.0,0,220,5,Erro SD + Gravação,True,True,False,TRANS UNIÃO,
36911,22,2026-09-19T17:32,2026-09-19,2026-09-30,12,11,1,105,99,94.3,0,99,5,Erro SD + Gravação,False,False,False,TRANS UNIÃO,
36912,22,2026-09-01T06:55,2026-09-01,2026-09-30,30,29,1,536,536,100.0,0,536,5,Erro SD + Gravação,True,True,False,TRANS UNIÃO,
36913,21,2026-08-31T21:46,2026-08-31,2026-09-28,29,29,0,596,596,100.0,596,0,0,Offline,True,True,False,TRANS UNIÃO,
36916,21,2026-09-02T07:04,2026-09-02,2026-09-28,27,22,5,261,257,98.5,0,257,5,Erro SD + Gravação,False,False,False,TRANS UNIÃO,
36918,21,2026-08-31T21:07,2026-08-31,2026-09-28,29,29,0,541,541,100.0,0,541,5,Erro SD + Gravação,True,True,False,TRANS UNIÃO,
36919,21,2026-08-31T21:30,2026-08-31,2026-09-28,29,28,1,436,436,100.0,0,436,5,Erro SD + Gravação,True,True,False,TRANS UNIÃO,
36919,22,2026-08-31T21:31,2026-08-31,2026-09-30,31,30,1,462,462,100.0,0,462,5,Erro SD + Gravação,True,True,False,TRANS UNIÃO,
36920,21,2026-09-23T06:01,2026-09-23,2026-09-28,6,4,2,62,53,85.5,0,53,5,Erro SD + Gravação,False,False,False,TRANS UNIÃO,
36920,22,2026-08-31T21:21,2026-08-31,2026-09-30,31,24,7,388,388,100.0,0,388,5,Erro SD + Gravação,True,True,False,TRANS UNIÃO,
36921,21,2026-09-28T12:58,2026-09-28,2026-09-28,1,1,0,15,1,6.7,1,0,0,Offline,False,False,False,TRANS UNIÃO,
36923,22,2026-09-21T06:29,2026-09-21,2026-09-30,10,10,0,148,148,100.0,0,148,5,Erro SD + Gravação,True,False,False,TRANS UNIÃO,
36924,22,2026-08-31T21:55,2026-08-31,2026-09-30,31,30,1,547,547,100.0,0,547,5,Erro SD + Gravação,True,True,False,TRANS UNIÃO,Norte Buss A2
36925,22,2026-08-31T21:36,2026-08-31,2026-09-30,31,24,7,238,238,100.0,0,238,5,Erro SD + Gravação,True,True,False,TRANS UNIÃO,
51005,21,,2026-10-06,2026-10-06,1,1,0,1,1,100.0,0,1,5,Erro SD + Gravação,True,False,False,VIA SUDESTE,Via Sudeste Sapopemba
51007,23,2026-09-27T20:58,2026-09-27,2026-10-06,10,10,0,124,105,84.7,105,0,0,Offline,False,False,False,VIA SUDESTE,Via Sudeste Sapopemba
51010,22,,2026-10-06,2026-10-06,1,1,0,1,1,100.0,0,1,5,Erro SD + Gravação,True,False,False,VIA SUDESTE,Via Sudeste Sapopemba
51014,21,,2026-10-06,2026-10-06,1,1,0,1,1,100.0,0,1,5,Erro SD + Gravação,True,False,False,VIA SUDESTE,
51017,21,2026-09-01T19:04,2026-09-01,2026-10-06,36,32,4,631,631,100.0,0,631,5,Erro SD + Gravação,True,True,False,VIA SUDESTE,Via Sudeste Cursino
51020,23,2026-09-13T23:17,2026-09-13,2026-10-06,24,24,0,442,419,94.8,419,0,0,Offline,False,False,False,VIA SUDESTE,Via Sudeste Cursino
51022,21,2026-10-04T08:00,2026-10-04,2026-10-06,3,3,0,22,8,36.4,7,1,5,Offline e Erro SD + Gravação,False,False,False,VIA SUDESTE,Via Sudeste Cursino
51023,21,2026-08-31T21:11,2026-08-31,2026-10-06,37,33,4,656,656,100.0,656,0,0,Offline,True,True,False,VIA SUDESTE,Via Sudeste Cursino
51023,22,2026-08-31T21:11,2026-08-31,2026-10-06,37,37,0,723,723,100.0,723,0,0,Offline,True,True,False,VIA SUDESTE,Via Sudeste Cursino
51023,23,2026-08-31T21:11,2026-08-31,2026-10-06,37,37,0,729,729,100.0,729,0,0,Offline,True,True,False,VIA SUDESTE,Via Sudeste Cursino
51027,22,2026-10-05T04:50,2026-10-05,2026-10-06,2,2,0,12,2,16.7,1,1,5,Offline e Erro SD + Gravação,False,False,False,VIA SUDESTE,Via Sudeste Cursino
51031,22,,2026-10-06,2026-10-06,1,1,0,1,1,100.0,1,0,0,Offline,True,False,False,VIA SUDESTE,Via Sudeste Cursino
51036,23,2026-08-31T21:28,2026-08-31,2026-10-06,37,37,0,716,716,100.0,716,0,0,Offline,True,True,False,VIA SUDESTE,Via Sudeste Cursino
51044,22,,2026-10-06,2026-10-06,1,1,0,1,1,100.0,0,1,5,Erro SD + Gravação,True,False,False,VIA SUDESTE,Via Sudeste Sapopemba
51049,22,,2026-10-06,2026-10-06,1,1,0,1,1,100.0,0,1,5,Erro SD + Gravação,True,False,False,VIA SUDESTE,Via Sudeste Cursino
51052,23,2026-09-07T03:04,2026-09-07,2026-10-06,30,30,0,585,582,99.5,15,567,5,Offline e Erro SD + Gravação,False,False,False,VIA SUDESTE,Via Sudeste Cursino
51054,21,2026-08-31T21:52,2026-08-31,2026-10-06,37,32,5,590,590,100.0,590,0,0,Offline,True,True,False,VIA SUDESTE,Via Sudeste Cursino
51054,22,2026-08-31T21:52,2026-08-31,2026-10-06,37,36,1,657,657,100.0,657,0,0,Offline,True,True,False,VIA SUDESTE,Via Sudeste Cursino
51054,23,2026-08-31T21:52,2026-08-31,2026-10-06,37,36,1,650,650,100.0,650,0,0,Offline,True,True,False,VIA SUDESTE,Via Sudeste Cursino
51055,21,,2026-10-06,2026-10-06,1,1,0,1,1,100.0,1,0,0,Offline,True,False,False,VIA SUDESTE,Via Sudeste Cursino
51057,21,,2026-10-06,2026-10-06,1,1,0,1,1,100.0,1,0,0,Offline,True,False,False,VIA SUDESTE,Via Sudeste Sapopemba
51057,23,2026-09-06T16:52,2026-09-06,2026-10-06,31,31,0,585,569,97.3,62,507,5,Offline e Erro SD + Gravação,False,False,False,VIA SUDESTE,Via Sudeste Sapopemba
51058,22,,2026-10-06,2026-10-06,1,1,0,1,1,100.0,0,1,5,Erro SD + Gravação,True,False,False,VIA SUDESTE,Via Sudeste Sapopemba
51060,22,,2026-10-06,2026-10-06,1,1,0,1,1,100.0,1,0,0,Offline,True,False,False,VIA SUDESTE,Via Sudeste Sapopemba
51064,21,2026-08-31T21:28,2026-08-31,2026-10-06,37,33,4,658,658,100.0,58,600,5,Offline e Erro SD + Gravação,True,True,False,VIA SUDESTE,
51064,22,2026-08-31T21:28,2026-08-31,2026-10-06,37,37,0,726,720,99.2,719,1,5,Offline e Erro SD + Gravação,False,True,False,VIA SUDESTE,
51077,22,,2026-10-06,2026-10-06,1,1,0,1,1,100.0,0,1,5,Erro SD + Gravação,True,False,False,VIA SUDESTE,Via Sudeste Cursino
51080,21,2026-09-20T15:48,2026-09-20,2026-10-04,15,11,4,221,181,81.9,181,0,0,Offline,False,False,False,VIA SUDESTE,Via Sudeste Sapopemba
51081,21,2026-08-31T21:18,2026-08-31,2026-10-06,37,33,4,658,658,100.0,658,0,0,Offline,True,True,False,VIA SUDESTE,
51081,22,2026-08-31T21:18,2026-08-31,2026-10-06,37,37,0,730,730,100.0,730,0,0,Offline,True,True,False,VIA SUDESTE,
51081,23,2026-08-31T21:18,2026-08-31,2026-10-06,37,37,0,724,724,100.0,724,0,0,Offline,True,True,False,VIA SUDESTE,
51082,22,,2026-10-06,2026-10-06,1,1,0,1,1,100.0,0,1,5,Erro SD + Gravação,True,False,False,VIA SUDESTE,Via Sudeste Cursino
51088,21,2026-08-31T21:42,2026-08-31,2026-09-28,29,29,0,633,633,100.0,0,633,5,Erro SD + Gravação,True,True,False,VIA SUDESTE,Via Sudeste Cursino
51094,21,,2026-10-06,2026-10-06,1,1,0,1,1,100.0,1,0,0,Offline,True,False,False,VIA SUDESTE,Via Sudeste Cursino
51095,23,2026-08-31T21:52,2026-08-31,2026-10-06,37,37,0,707,707,100.0,0,707,5,Erro SD + Gravação,True,True,False,VIA SUDESTE,Via Sudeste Cursino
51099,21,2026-09-19T09:04,2026-09-19,2026-10-06,18,14,4,257,249,96.9,249,0,0,Offline,False,False,False,VIA SUDESTE,Via Sudeste Cursino
51099,22,2026-09-19T08:04,2026-09-19,2026-10-06,18,18,0,333,326,97.9,325,1,5,Offline e Erro SD + Gravação,False,False,False,VIA SUDESTE,Via Sudeste Cursino
51099,23,2026-09-19T09:04,2026-09-19,2026-10-06,18,18,0,330,322,97.6,322,0,0,Offline,False,False,False,VIA SUDESTE,Via Sudeste Cursino
51101,21,2026-08-31T21:46,2026-08-31,2026-10-06,37,33,4,607,607,100.0,2,605,5,Offline e Erro SD + Gravação,True,True,False,VIA SUDESTE,Via Sudeste Cursino
51101,22,2026-08-31T21:46,2026-08-31,2026-10-06,37,37,0,674,674,100.0,2,672,5,Offline e Erro SD + Gravação,True,True,False,VIA SUDESTE,Via Sudeste Cursino
51102,23,2026-09-23T17:04,2026-09-23,2026-10-06,14,14,0,220,203,92.3,0,203,5,Erro SD + Gravação,False,False,False,VIA SUDESTE,
51104,23,2026-08-31T21:16,2026-08-31,2026-10-06,37,37,0,720,720,100.0,6,714,5,Offline e Erro SD + Gravação,True,True,False,VIA SUDESTE,Via Sudeste Cursino
51106,22,,2026-10-06,2026-10-06,1,1,0,1,1,100.0,1,0,0,Offline,True,False,False,VIA SUDESTE,Via Sudeste Cursino
51114,21,,2026-10-06,2026-10-06,1,1,0,1,1,100.0,0,1,5,Erro SD + Gravação,True,False,False,VIA SUDESTE,Via Sudeste Sapopemba
51118,21,2026-09-22T06:28,2026-09-22,2026-10-06,15,11,4,184,178,96.7,178,0,0,Offline,False,False,False,VIA SUDESTE,Via Sudeste Sapopemba
51118,22,2026-09-22T16:29,2026-09-22,2026-10-06,15,15,0,252,221,87.7,221,0,0,Offline,False,False,False,VIA SUDESTE,Via Sudeste Sapopemba
51118,23,2026-09-22T06:28,2026-09-22,2026-10-06,15,15,0,262,256,97.7,256,0,0,Offline,False,False,False,VIA SUDESTE,Via Sudeste Sapopemba
51121,22,,2026-10-06,2026-10-06,1,1,0,1,1,100.0,0,1,5,Erro SD + Gravação,True,False,False,VIA SUDESTE,Via Sudeste Sapopemba
51125,21,2026-08-31T21:44,2026-08-31,2026-10-06,37,33,4,662,662,100.0,662,0,0,Offline,True,True,False,VIA SUDESTE,
51125,22,2026-08-31T21:44,2026-08-31,2026-10-06,37,37,0,731,731,100.0,731,0,0,Offline,True,True,False,VIA SUDESTE,
51125,23,2026-08-31T21:44,2026-08-31,2026-10-06,37,37,0,731,731,100.0,731,0,0,Offline,True,True,False,VIA SUDESTE,
51129,22,,2026-10-06,2026-10-06,1,1,0,1,1,100.0,0,1,5,Erro SD + Gravação,True,False,False,VIA SUDESTE,
51132,22,,2026-10-06,2026-10-06,1,1,0,1,1,100.0,0,1,5,Erro SD + Gravação,True,False,False,VIA SUDESTE,Via Sudeste Sapopemba
51133,22,,2026-10-06,2026-10-06,1,1,0,1,1,100.0,0,1,5,Erro SD + Gravação,True,False,False,VIA SUDESTE,Via Sudeste Sapopemba
51135,22,,2026-10-06,2026-10-06,1,1,0,1,1,100.0,0,1,5,Erro SD + Gravação,True,False,False,VIA SUDESTE,Via Sudeste Sapopemba
51145,22,,2026-10-06,2026-10-06,1,1,0,1,1,100.0,0,1,5,Erro SD + Gravação,True,False,False,VIA SUDESTE,Via Sudeste Cursino
51147,21,2026-08-31T21:19,2026-08-31,2026-10-06,37,32,5,616,616,100.0,616,0,0,Offline,True,True,False,VIA SUDESTE,
51147,22,2026-08-31T21:19,2026-08-31,2026-10-06,37,36,1,683,683,100.0,683,0,0,Offline,True,True,False,VIA SUDESTE,
51147,23,2026-08-31T21:20,2026-08-31,2026-10-06,37,36,1,672,672,100.0,672,0,0,Offline,True,True,False,VIA SUDESTE,
51148,22,,2026-10-06,2026-10-06,1,1,0,1,1,100.0,0,1,5,Erro SD + Gravação,True,False,False,VIA SUDESTE,Via Sudeste Cursino
51153,21,2026-08-31T21:54,2026-08-31,2026-10-06,37,33,4,664,664,100.0,664,0,0,Offline,True,True,False,VIA SUDESTE,Via Sudeste Cursino
51153,22,2026-08-31T21:54,2026-08-31,2026-10-06,37,37,0,731,731,100.0,731,0,0,Offline,True,True,False,VIA SUDESTE,Via Sudeste Cursino
51153,23,2026-08-31T21:54,2026-08-31,2026-10-06,37,37,0,736,736,100.0,736,0,0,Offline,True,True,False,VIA SUDESTE,Via Sudeste Cursino
51156,21,2026-08-31T21:55,2026-08-31,2026-10-06,37,32,5,595,595,100.0,595,0,0,Offline,True,True,False,VIA SUDESTE,
51156,22,2026-08-31T21:56,2026-08-31,2026-10-06,37,36,1,665,665,100.0,665,0,0,Offline,True,True,False,VIA SUDESTE,
51156,23,2026-08-31T21:56,2026-08-31,2026-10-06,37,36,1,664,664,100.0,664,0,0,Offline,True,True,False,VIA SUDESTE,
51203,25,2026-08-31T21:07,2026-08-31,2026-10-06,37,37,0,736,730,99.2,730,0,0,Offline,False,True,False,VIA SUDESTE,
51204,26,2026-09-27T10:48,2026-09-27,2026-10-06,10,9,1,101,99,98.0,0,99,5,Erro SD + Gravação,False,False,False,VIA SUDESTE,Via Sudeste Cursino
51205,25,2026-08-31T21:26,2026-08-31,2026-10-06,37,37,0,719,719,100.0,719,0,0,Offline,True,True,False,VIA SUDESTE,
51206,25,2026-08-31T21:37,2026-08-31,2026-10-06,37,37,0,707,707,100.0,0,707,5,Erro SD + Gravação,True,True,False,VIA SUDESTE,Via Sudeste Cursino
51211,21,2026-09-08T17:40,2026-09-08,2026-10-06,29,24,5,464,447,96.3,447,0,0,Offline,False,False,False,VIA SUDESTE,
51211,22,2026-09-08T17:42,2026-09-08,2026-10-06,29,28,1,518,501,96.7,501,0,0,Offline,False,False,False,VIA SUDESTE,
51211,23,2026-09-08T17:44,2026-09-08,2026-10-06,29,28,1,527,510,96.8,510,0,0,Offline,False,False,False,VIA SUDESTE,
51211,24,2026-09-08T17:46,2026-09-08,2026-10-06,29,28,1,527,510,96.8,510,0,0,Offline,False,False,False,VIA SUDESTE,
51211,25,2026-09-08T17:49,2026-09-08,2026-10-06,29,28,1,538,521,96.8,521,0,0,Offline,False,False,False,VIA SUDESTE,
51211,26,2026-08-31T21:13,2026-08-31,2026-10-06,37,35,2,679,679,100.0,679,0,0,Offline,True,True,False,VIA SUDESTE,
51212,25,2026-08-31T21:22,2026-08-31,2026-09-12,13,13,0,277,269,97.1,269,0,0,Offline,False,True,False,VIA SUDESTE,Via Sudeste Cursino
51215,21,,2026-10-06,2026-10-06,1,1,0,1,1,100.0,1,0,0,Offline,True,False,False,VIA SUDESTE,
51215,22,2026-09-30T14:56,2026-09-30,2026-10-06,7,7,0,68,61,89.7,61,0,0,Offline,False,False,False,VIA SUDESTE,
51218,22,,2026-10-06,2026-10-06,1,1,0,1,1,100.0,0,1,5,Erro SD + Gravação,True,False,False,VIA SUDESTE,Via Sudeste Sapopemba
51218,24,2026-08-31T21:13,2026-08-31,2026-10-06,37,37,0,730,730,100.0,0,730,5,Erro SD + Gravação,True,True,False,VIA SUDESTE,Via Sudeste Sapopemba
51218,26,2026-08-31T21:14,2026-08-31,2026-10-06,37,36,1,709,709,100.0,1,708,5,Offline e Erro SD + Gravação,True,True,False,VIA SUDESTE,Via Sudeste Sapopemba
51220,23,2026-08-31T21:39,2026-08-31,2026-10-06,37,37,0,680,680,100.0,0,680,5,Erro SD + Gravação,True,True,False,VIA SUDESTE,Via Sudeste Cursino
51220,26,2026-08-31T21:39,2026-08-31,2026-10-06,37,36,1,679,679,100.0,679,0,0,Offline,True,True,False,VIA SUDESTE,Via Sudeste Cursino
51222,22,,2026-10-06,2026-10-06,1,1,0,1,1,100.0,0,1,5,Erro SD + Gravação,True,False,False,VIA SUDESTE,
51224,21,2026-08-31T21:08,2026-08-31,2026-10-06,37,33,4,669,669,100.0,669,0,0,Offline,True,True,False,VIA SUDESTE,Via Sudeste Cursino
51224,22,2026-08-31T21:08,2026-08-31,2026-10-06,37,37,0,744,744,100.0,744,0,0,Offline,True,True,False,VIA SUDESTE,Via Sudeste Cursino
51224,23,2026-08-31T21:08,2026-08-31,2026-10-06,37,37,0,732,732,100.0,732,0,0,Offline,True,True,False,VIA SUDESTE,Via Sudeste Cursino
51224,24,2026-08-31T21:08,2026-08-31,2026-10-06,37,37,0,730,730,100.0,730,0,0,Offline,True,True,False,VIA SUDESTE,Via Sudeste Cursino
51224,25,2026-08-31T21:08,2026-08-31,2026-10-06,37,37,0,732,732,100.0,732,0,0,Offline,True,True,False,VIA SUDESTE,Via Sudeste Cursino
51224,26,2026-08-31T21:08,2026-08-31,2026-10-06,37,36,1,710,710,100.0,710,0,0,Offline,True,True,False,VIA SUDESTE,Via Sudeste Cursino
51225,21,,2026-10-06,2026-10-06,1,1,0,1,1,100.0,0,1,5,Erro SD + Gravação,True,False,False,VIA SUDESTE,
51225,23,2026-09-28T23:39,2026-09-28,2026-10-06,9,9,0,107,86,80.4,0,86,5,Erro SD + Gravação,False,False,False,VIA SUDESTE,
51225,24,2026-09-28T23:39,2026-09-28,2026-10-06,9,9,0,106,84,79.2,84,0,0,Offline,False,False,False,VIA SUDESTE,
51225,26,2026-09-27T19:37,2026-09-27,2026-10-06,10,9,1,115,96,83.5,0,96,5,Erro SD + Gravação,False,False,False,VIA SUDESTE,
51226,24,2026-09-08T11:31,2026-09-08,2026-10-06,29,29,0,554,544,98.2,1,543,5,Offline e Erro SD + Gravação,False,False,False,VIA SUDESTE,Via Sudeste Cursino
51228,22,,2026-10-06,2026-10-06,1,1,0,1,1,100.0,1,0,0,Offline,True,False,False,VIA SUDESTE,
51228,26,2026-08-31T21:33,2026-08-31,2026-10-06,37,36,1,696,696,100.0,696,0,0,Offline,True,True,False,VIA SUDESTE,
51232,26,2026-09-14T07:54,2026-09-14,2026-10-06,23,22,1,404,330,81.7,330,0,0,Offline,False,False,False,VIA SUDESTE,Via Sudeste Cursino
51300,21,2026-10-03T21:10,2026-10-03,2026-10-06,4,4,0,21,21,100.0,21,0,0,Offline,True,False,False,VIA SUDESTE,Via Sudeste Cursino
51300,22,2026-10-01T07:03,2026-10-01,2026-10-06,6,6,0,50,50,100.0,50,0,0,Offline,True,False,False,VIA SUDESTE,Via Sudeste Cursino
51300,23,2026-10-01T05:05,2026-10-01,2026-10-06,6,6,0,56,56,100.0,56,0,0,Offline,True,False,False,VIA SUDESTE,Via Sudeste Cursino
51303,22,,2026-10-06,2026-10-06,1,1,0,1,1,100.0,0,1,5,Erro SD + Gravação,True,False,False,VIA SUDESTE,Via Sudeste Cursino
51310,22,,2026-10-06,2026-10-06,1,1,0,1,1,100.0,0,1,5,Erro SD + Gravação,True,False,False,VIA SUDESTE,Via Sudeste Cursino
51316,23,2026-08-31T21:07,2026-08-31,2026-10-06,37,37,0,724,724,100.0,0,724,5,Erro SD + Gravação,True,True,False,VIA SUDESTE,
51319,21,,2026-10-06,2026-10-06,1,1,0,1,1,100.0,0,1,5,Erro SD + Gravação,True,False,False,VIA SUDESTE,Via Sudeste Cursino
51400,22,2026-10-01T00:18,2026-10-01,2026-10-02,2,2,0,35,33,94.3,33,0,0,Offline,False,False,False,VIA SUDESTE,
51400,23,2026-09-30T20:19,2026-09-30,2026-10-02,3,3,0,44,27,61.4,27,0,0,Offline,False,False,False,VIA SUDESTE,
51402,21,2026-08-31T21:29,2026-08-31,2026-10-06,37,33,4,661,661,100.0,6,655,5,Offline e Erro SD + Gravação,True,True,False,VIA SUDESTE,
51402,22,2026-08-31T21:29,2026-08-31,2026-10-06,37,37,0,721,721,100.0,8,713,5,Offline e Erro SD + Gravação,True,True,False,VIA SUDESTE,
51402,23,2026-08-31T21:29,2026-08-31,2026-10-06,37,37,0,722,722,100.0,6,716,5,Offline e Erro SD + Gravação,True,True,False,VIA SUDESTE,
51409,22,,2026-10-06,2026-10-06,1,1,0,1,1,100.0,1,0,0,Offline,True,False,False,VIA SUDESTE,
51412,22,,2026-10-06,2026-10-06,1,1,0,1,1,100.0,0,1,5,Erro SD + Gravação,True,False,False,VIA SUDESTE,Via Sudeste Cursino
51412,23,2026-09-08T06:46,2026-09-08,2026-10-06,29,29,0,559,553,98.9,0,553,5,Erro SD + Gravação,False,False,False,VIA SUDESTE,Via Sudeste Cursino
51426,21,2026-08-31T21:36,2026-08-31,2026-10-06,37,33,4,664,664,100.0,664,0,0,Offline,True,True,False,VIA SUDESTE,Via Sudeste Cursino
51426,22,2026-08-31T21:36,2026-08-31,2026-10-06,37,37,0,720,720,100.0,720,0,0,Offline,True,True,False,VIA SUDESTE,Via Sudeste Cursino
51426,23,2026-08-31T21:36,2026-08-31,2026-10-06,37,37,0,726,726,100.0,726,0,0,Offline,True,True,False,VIA SUDESTE,Via Sudeste Cursino
51429,21,,2026-10-06,2026-10-06,1,1,0,1,1,100.0,0,1,5,Erro SD + Gravação,True,False,False,VIA SUDESTE,
51430,23,2026-09-06T18:57,2026-09-06,2026-10-06,31,31,0,612,595,97.2,3,592,5,Offline e Erro SD + Gravação,False,False,False,VIA SUDESTE,
51431,22,,2026-10-06,2026-10-06,1,1,0,1,1,100.0,0,1,5,Erro SD + Gravação,True,False,False,VIA SUDESTE,Via Sudeste Cursino
51434,22,2026-10-04T18:54,2026-10-04,2026-10-06,3,3,0,21,9,42.9,8,1,5,Offline e Erro SD + Gravação,False,False,False,VIA SUDESTE,
51436,23,2026-10-04T07:48,2026-10-04,2026-10-06,3,3,0,20,15,75.0,15,0,0,Offline,False,False,False,VIA SUDESTE,Via Sudeste Cursino
51437,21,2026-08-31T21:58,2026-08-31,2026-10-06,37,33,4,644,644,100.0,14,630,5,Offline e Erro SD + Gravação,True,True,False,VIA SUDESTE,Via Sudeste Cursino
51437,22,,2026-10-06,2026-10-06,1,1,0,1,1,100.0,1,0,0,Offline,True,False,False,VIA SUDESTE,Via Sudeste Cursino
51437,23,2026-08-31T21:59,2026-08-31,2026-10-06,37,37,0,707,707,100.0,14,693,5,Offline e Erro SD + Gravação,True,True,False,VIA SUDESTE,Via Sudeste Cursino
51440,22,,2026-10-06,2026-10-06,1,1,0,1,1,100.0,0,1,5,Erro SD + Gravação,True,False,False,VIA SUDESTE,Via Sudeste Cursino
51444,22,,2026-10-06,2026-10-06,1,1,0,1,1,100.0,0,1,5,Erro SD + Gravação,True,False,False,VIA SUDESTE,Via Sudeste Cursino
51448,22,,2026-10-06,2026-10-06,1,1,0,1,1,100.0,0,1,5,Erro SD + Gravação,True,False,False,VIA SUDESTE,
51448,23,2026-08-31T21:27,2026-08-31,2026-10-06,37,37,0,714,714,100.0,112,602,5,Offline e Erro SD + Gravação,True,True,False,VIA SUDESTE,
51450,21,2026-08-31T21:44,2026-08-31,2026-10-06,37,33,4,657,657,100.0,657,0,0,Offline,True,True,False,VIA SUDESTE,
51450,22,2026-08-31T21:44,2026-08-31,2026-10-06,37,36,1,717,717,100.0,717,0,0,Offline,True,True,False,VIA SUDESTE,
51450,23,2026-08-31T21:44,2026-08-31,2026-10-06,37,36,1,720,720,100.0,720,0,0,Offline,True,True,False,VIA SUDESTE,
51451,23,2026-08-31T21:17,2026-08-31,2026-10-06,37,37,0,726,726,100.0,9,717,5,Offline e Erro SD + Gravação,True,True,False,VIA SUDESTE,
51453,21,2026-08-31T21:01,2026-08-31,2026-10-06,37,33,4,655,655,100.0,654,1,5,Offline e Erro SD + Gravação,True,True,False,VIA SUDESTE,Via Sudeste Cursino
51453,22,2026-08-31T21:01,2026-08-31,2026-10-06,37,37,0,714,714,100.0,1,713,5,Offline e Erro SD + Gravação,True,True,False,VIA SUDESTE,Via Sudeste Cursino
51454,21,,2026-10-06,2026-10-06,1,1,0,1,1,100.0,0,1,5,Erro SD + Gravação,True,False,False,VIA SUDESTE,Via Sudeste Cursino
51454,23,2026-09-15T22:12,2026-09-15,2026-10-06,22,21,1,391,391,100.0,2,389,5,Offline e Erro SD + Gravação,True,False,False,VIA SUDESTE,Via Sudeste Cursino
51569,23,2026-08-31T21:32,2026-08-31,2026-10-06,37,37,0,728,728,100.0,728,0,0,Offline,True,True,False,VIA SUDESTE,
51569,25,2026-08-31T21:32,2026-08-31,2026-10-06,37,37,0,727,727,100.0,727,0,0,Offline,True,True,False,VIA SUDESTE,
51572,21,2026-08-31T21:46,2026-08-31,2026-09-28,29,29,0,610,610,100.0,1,609,5,Offline e Erro SD + Gravação,True,True,False,VIA SUDESTE,
51572,24,2026-08-31T21:47,2026-08-31,2026-09-28,29,29,0,606,606,100.0,7,599,5,Offline e Erro SD + Gravação,True,True,False,VIA SUDESTE,
51572,26,2026-08-31T21:47,2026-08-31,2026-09-28,29,29,0,613,613,100.0,0,613,5,Erro SD + Gravação,True,True,False,VIA SUDESTE,
51574,21,2026-09-28T14:41,2026-09-28,2026-09-28,1,1,0,16,2,12.5,2,0,0,Offline,False,False,False,VIA SUDESTE,Via Sudeste Sapopemba
51574,22,2026-09-28T14:44,2026-09-28,2026-09-28,1,1,0,16,2,12.5,2,0,0,Offline,False,False,False,VIA SUDESTE,Via Sudeste Sapopemba
51574,23,2026-09-28T13:39,2026-09-28,2026-09-28,1,1,0,16,3,18.8,3,0,0,Offline,False,False,False,VIA SUDESTE,Via Sudeste Sapopemba
51574,24,2026-09-28T14:48,2026-09-28,2026-09-28,1,1,0,15,2,13.3,2,0,0,Offline,False,False,False,VIA SUDESTE,Via Sudeste Sapopemba
51574,25,2026-09-28T14:50,2026-09-28,2026-09-28,1,1,0,16,2,12.5,2,0,0,Offline,False,False,False,VIA SUDESTE,Via Sudeste Sapopemba
51574,26,2026-09-28T14:52,2026-09-28,2026-09-28,1,1,0,16,2,12.5,2,0,0,Offline,False,False,False,VIA SUDESTE,Via Sudeste Sapopemba
51575,25,2026-09-21T15:17,2026-09-21,2026-10-06,16,16,0,284,269,94.7,269,0,0,Offline,False,False,False,VIA SUDESTE,Via Sudeste Sapopemba
51576,21,2026-09-01T08:50,2026-09-01,2026-10-06,36,32,4,653,653,100.0,653,0,0,Offline,True,True,False,VIA SUDESTE,
51576,22,2026-09-01T08:50,2026-09-01,2026-10-06,36,36,0,717,717,100.0,717,0,0,Offline,True,True,False,VIA SUDESTE,
51576,23,2026-09-01T08:50,2026-09-01,2026-10-06,36,36,0,723,723,100.0,723,0,0,Offline,True,True,False,VIA SUDESTE,
51576,24,2026-09-01T08:50,2026-09-01,2026-10-06,36,36,0,719,719,100.0,719,0,0,Offline,True,True,False,VIA SUDESTE,
51576,25,2026-09-01T08:51,2026-09-01,2026-10-06,36,35,1,721,721,100.0,721,0,0,Offline,True,True,False,VIA SUDESTE,
51576,26,2026-09-01T08:51,2026-09-01,2026-10-06,36,35,1,706,706,100.0,706,0,0,Offline,True,True,False,VIA SUDESTE,
51578,24,2026-08-31T21:00,2026-08-31,2026-10-06,37,37,0,706,706,100.0,1,705,5,Offline e Erro SD + Gravação,True,True,False,VIA SUDESTE,Via Sudeste Sapopemba
51580,21,2026-09-05T06:47,2026-09-05,2026-10-06,32,19,13,339,334,98.5,334,0,0,Offline,False,False,False,VIA SUDESTE,Via Sudeste Sapopemba
51580,22,2026-09-05T06:50,2026-09-05,2026-10-06,32,23,9,413,407,98.5,407,0,0,Offline,False,False,False,VIA SUDESTE,Via Sudeste Sapopemba
51580,23,2026-09-05T06:52,2026-09-05,2026-10-06,32,23,9,412,406,98.5,406,0,0,Offline,False,False,False,VIA SUDESTE,Via Sudeste Sapopemba
51580,24,2026-09-05T06:54,2026-09-05,2026-10-06,32,23,9,399,394,98.7,394,0,0,Offline,False,False,False,VIA SUDESTE,Via Sudeste Sapopemba
51580,25,2026-09-05T06:57,2026-09-05,2026-10-06,32,23,9,404,398,98.5,398,0,0,Offline,False,False,False,VIA SUDESTE,Via Sudeste Sapopemba
51580,26,2026-09-05T06:59,2026-09-05,2026-10-06,32,22,10,383,378,98.7,378,0,0,Offline,False,False,False,VIA SUDESTE,Via Sudeste Sapopemba
51585,26,2026-08-31T21:46,2026-08-31,2026-10-06,37,36,1,717,717,100.0,717,0,0,Offline,True,True,False,VIA SUDESTE,Via Sudeste Cursino
51586,21,2026-08-31T21:39,2026-08-31,2026-10-06,37,31,6,581,581,100.0,581,0,0,Offline,True,True,False,VIA SUDESTE,Via Sudeste Cursino
51586,22,2026-08-31T21:39,2026-08-31,2026-10-06,37,35,2,642,642,100.0,642,0,0,Offline,True,True,False,VIA SUDESTE,Via Sudeste Cursino
51586,23,2026-08-31T21:39,2026-08-31,2026-10-06,37,35,2,641,641,100.0,641,0,0,Offline,True,True,False,VIA SUDESTE,Via Sudeste Cursino
51586,24,2026-08-31T21:39,2026-08-31,2026-10-06,37,34,3,636,636,100.0,636,0,0,Offline,True,True,False,VIA SUDESTE,Via Sudeste Cursino
51586,25,2026-08-31T21:39,2026-08-31,2026-10-06,37,35,2,653,653,100.0,653,0,0,Offline,True,True,False,VIA SUDESTE,Via Sudeste Cursino
51586,26,2026-08-31T21:39,2026-08-31,2026-10-06,37,34,3,628,628,100.0,628,0,0,Offline,True,True,False,VIA SUDESTE,Via Sudeste Cursino
51587,23,2026-08-31T21:38,2026-08-31,2026-10-06,37,37,0,718,690,96.1,178,512,5,Offline e Erro SD + Gravação,False,True,False,VIA SUDESTE,
51589,26,2026-08-31T21:04,2026-08-31,2026-10-06,37,36,1,695,695,100.0,695,0,0,Offline,True,True,False,VIA SUDESTE,Via Sudeste Cursino
51590,26,2026-08-31T21:53,2026-08-31,2026-10-06,37,36,1,695,695,100.0,695,0,0,Offline,True,True,False,VIA SUDESTE,Via Sudeste Cursino
51591,21,,2026-10-06,2026-10-06,1,1,0,1,1,100.0,1,0,0,Offline,True,False,False,VIA SUDESTE,Via Sudeste Cursino
51591,22,,2026-10-06,2026-10-06,1,1,0,1,1,100.0,1,0,0,Offline,True,False,False,VIA SUDESTE,Via Sudeste Cursino
51591,23,,2026-10-06,2026-10-06,1,1,0,1,1,100.0,1,0,0,Offline,True,False,False,VIA SUDESTE,Via Sudeste Cursino
51591,24,,2026-10-06,2026-10-06,1,1,0,1,1,100.0,1,0,0,Offline,True,False,False,VIA SUDESTE,Via Sudeste Cursino
51591,25,,2026-10-06,2026-10-06,1,1,0,1,1,100.0,1,0,0,Offline,True,False,False,VIA SUDESTE,Via Sudeste Cursino
51591,26,,2026-10-06,2026-10-06,1,1,0,1,1,100.0,1,0,0,Offline,True,False,False,VIA SUDESTE,Via Sudeste Cursino
51593,26,2026-08-31T21:04,2026-08-31,2026-10-06,37,32,5,573,573,100.0,573,0,0,Offline,True,True,False,VIA SUDESTE,Via Sudeste Cursino
51598,23,2026-09-13T15:48,2026-09-13,2026-10-06,24,24,0,440,424,96.4,424,0,0,Offline,False,False,False,VIA SUDESTE,
52002,21,2026-10-04T20:05,2026-10-04,2026-10-06,3,3,0,12,11,91.7,11,0,0,Offline,False,False,False,VIA SUDESTE,
52002,22,2026-10-04T19:04,2026-10-04,2026-10-06,3,3,0,16,14,87.5,14,0,0,Offline,False,False,False,VIA SUDESTE,
52002,23,2026-10-04T19:05,2026-10-04,2026-10-06,3,3,0,15,14,93.3,14,0,0,Offline,False,False,False,VIA SUDESTE,
52005,21,,2026-10-06,2026-10-06,1,1,0,1,1,100.0,0,1,5,Erro SD + Gravação,True,False,False,VIA SUDESTE,Via Sudeste Cursino
52005,23,2026-10-01T10:16,2026-10-01,2026-10-06,6,6,0,52,47,90.4,1,46,5,Offline e Erro SD + Gravação,False,False,False,VIA SUDESTE,Via Sudeste Cursino
52006,21,,2026-10-06,2026-10-06,1,1,0,1,1,100.0,0,1,5,Erro SD + Gravação,True,False,False,VIA SUDESTE,
52008,23,2026-08-31T21:16,2026-08-31,2026-10-06,37,37,0,712,712,100.0,0,712,5,Erro SD + Gravação,True,True,False,VIA SUDESTE,Via Sudeste Cursino
52014,21,2026-09-11T04:19,2026-09-11,2026-10-06,26,22,4,422,418,99.1,418,0,0,Offline,False,False,False,VIA SUDESTE,Via Sudeste Sapopemba
52014,22,2026-08-31T21:41,2026-08-31,2026-10-06,37,37,0,731,730,99.9,730,0,0,Offline,False,True,False,VIA SUDESTE,Via Sudeste Sapopemba
52014,23,2026-09-11T04:19,2026-09-11,2026-10-06,26,26,0,489,485,99.2,485,0,0,Offline,False,False,False,VIA SUDESTE,Via Sudeste Sapopemba
52022,21,2026-08-31T21:07,2026-08-31,2026-10-06,37,33,4,666,666,100.0,666,0,0,Offline,True,True,False,VIA SUDESTE,
52022,22,2026-08-31T21:09,2026-08-31,2026-10-06,37,37,0,735,735,100.0,735,0,0,Offline,True,True,False,VIA SUDESTE,
52022,23,2026-08-31T21:12,2026-08-31,2026-10-06,37,37,0,727,727,100.0,727,0,0,Offline,True,True,False,VIA SUDESTE,
52028,21,,2026-10-06,2026-10-06,1,1,0,1,1,100.0,1,0,0,Offline,True,False,False,VIA SUDESTE,Via Sudeste Sapopemba
52028,22,,2026-10-06,2026-10-06,1,1,0,1,1,100.0,1,0,0,Offline,True,False,False,VIA SUDESTE,Via Sudeste Sapopemba
52028,23,,2026-10-06,2026-10-06,1,1,0,1,1,100.0,1,0,0,Offline,True,False,False,VIA SUDESTE,Via Sudeste Sapopemba
52031,21,,2026-10-06,2026-10-06,1,1,0,1,1,100.0,1,0,0,Offline,True,False,False,VIA SUDESTE,Via Sudeste Cursino
52031,22,,2026-10-06,2026-10-06,1,1,0,1,1,100.0,1,0,0,Offline,True,False,False,VIA SUDESTE,Via Sudeste Cursino
52031,23,,2026-10-06,2026-10-06,1,1,0,1,1,100.0,1,0,0,Offline,True,False,False,VIA SUDESTE,Via Sudeste Cursino
52039,21,,2026-10-06,2026-10-06,1,1,0,1,1,100.0,1,0,0,Offline,True,False,False,VIA SUDESTE,Via Sudeste Sapopemba
52042,22,,2026-10-06,2026-10-06,1,1,0,1,1,100.0,0,1,5,Erro SD + Gravação,True,False,False,VIA SUDESTE,Via Sudeste Sapopemba
52043,21,,2026-10-06,2026-10-06,1,1,0,1,1,100.0,1,0,0,Offline,True,False,False,VIA SUDESTE,Via Sudeste Sapopemba
52043,22,,2026-10-06,2026-10-06,1,1,0,1,1,100.0,1,0,0,Offline,True,False,False,VIA SUDESTE,Via Sudeste Sapopemba
52043,23,,2026-10-06,2026-10-06,1,1,0,1,1,100.0,1,0,0,Offline,True,False,False,VIA SUDESTE,Via Sudeste Sapopemba
52044,21,,2026-10-06,2026-10-06,1,1,0,1,1,100.0,0,1,5,Erro SD + Gravação,True,False,False,VIA SUDESTE,Via Sudeste Sapopemba
52045,22,,2026-10-06,2026-10-06,1,1,0,1,1,100.0,0,1,5,Erro SD + Gravação,True,False,False,VIA SUDESTE,Via Sudeste Sapopemba
52051,23,2026-09-04T15:16,2026-09-04,2026-10-06,33,33,0,649,636,98.0,2,634,5,Offline e Erro SD + Gravação,False,False,False,VIA SUDESTE,Via Sudeste Cursino
52055,21,,2026-10-06,2026-10-06,1,1,0,1,1,100.0,0,1,5,Erro SD + Gravação,True,False,False,VIA SUDESTE,Via Sudeste Sapopemba
52060,22,,2026-10-06,2026-10-06,1,1,0,1,1,100.0,0,1,5,Erro SD + Gravação,True,False,False,VIA SUDESTE,Via Sudeste Sapopemba
52061,21,2026-08-31T21:39,2026-08-31,2026-10-06,37,33,4,658,658,100.0,658,0,0,Offline,True,True,False,VIA SUDESTE,
52061,22,2026-08-31T21:39,2026-08-31,2026-10-06,37,37,0,726,726,100.0,726,0,0,Offline,True,True,False,VIA SUDESTE,
52061,23,2026-08-31T21:39,2026-08-31,2026-10-06,37,37,0,726,726,100.0,726,0,0,Offline,True,True,False,VIA SUDESTE,
52067,21,,2026-10-06,2026-10-06,1,1,0,1,1,100.0,0,1,5,Erro SD + Gravação,True,False,False,VIA SUDESTE,Via Sudeste Sapopemba
52069,21,,2026-10-06,2026-10-06,1,1,0,1,1,100.0,1,0,0,Offline,True,False,False,VIA SUDESTE,Via Sudeste Sapopemba
52102,21,2026-08-31T21:14,2026-08-31,2026-10-06,37,33,4,665,665,100.0,665,0,0,Offline,True,True,False,VIA SUDESTE,
52102,22,2026-08-31T21:14,2026-08-31,2026-10-06,37,37,0,726,726,100.0,726,0,0,Offline,True,True,False,VIA SUDESTE,
52102,23,2026-08-31T21:14,2026-08-31,2026-10-06,37,37,0,727,727,100.0,727,0,0,Offline,True,True,False,VIA SUDESTE,
52102,24,2026-08-31T21:14,2026-08-31,2026-10-06,37,37,0,730,730,100.0,730,0,0,Offline,True,True,False,VIA SUDESTE,
52102,25,2026-08-31T21:14,2026-08-31,2026-10-06,37,37,0,744,744,100.0,744,0,0,Offline,True,True,False,VIA SUDESTE,
52102,26,2026-08-31T21:14,2026-08-31,2026-10-06,37,36,1,722,722,100.0,722,0,0,Offline,True,True,False,VIA SUDESTE,
52103,24,2026-08-31T21:11,2026-08-31,2026-10-06,37,35,2,629,629,100.0,0,629,5,Erro SD + Gravação,True,True,False,VIA SUDESTE,Via Sudeste Sapopemba
52104,22,2026-08-31T21:10,2026-08-31,2026-09-24,25,24,1,496,496,100.0,0,496,5,Erro SD + Gravação,True,True,False,VIA SUDESTE,Via Sudeste Sapopemba
52111,21,,2026-10-06,2026-10-06,1,1,0,1,1,100.0,1,0,0,Offline,True,False,False,VIA SUDESTE,Via Sudeste Sapopemba
52111,22,,2026-10-06,2026-10-06,1,1,0,1,1,100.0,1,0,0,Offline,True,False,False,VIA SUDESTE,Via Sudeste Sapopemba
52111,23,,2026-10-06,2026-10-06,1,1,0,1,1,100.0,1,0,0,Offline,True,False,False,VIA SUDESTE,Via Sudeste Sapopemba
52111,24,,2026-10-06,2026-10-06,1,1,0,1,1,100.0,1,0,0,Offline,True,False,False,VIA SUDESTE,Via Sudeste Sapopemba
52111,25,,2026-10-06,2026-10-06,1,1,0,1,1,100.0,1,0,0,Offline,True,False,False,VIA SUDESTE,Via Sudeste Sapopemba
52111,26,,2026-10-06,2026-10-06,1,1,0,1,1,100.0,1,0,0,Offline,True,False,False,VIA SUDESTE,Via Sudeste Sapopemba
52114,26,2026-08-31T21:06,2026-08-31,2026-10-06,37,36,1,712,709,99.6,709,0,0,Offline,False,True,False,VIA SUDESTE,
52116,22,,2026-10-06,2026-10-06,1,1,0,1,1,100.0,1,0,0,Offline,True,False,False,VIA SUDESTE,
52116,26,2026-09-08T10:41,2026-09-08,2026-10-06,29,28,1,555,545,98.2,545,0,0,Offline,False,False,False,VIA SUDESTE,
52117,26,2026-08-31T21:34,2026-08-31,2026-10-06,37,36,1,710,709,99.9,709,0,0,Offline,False,True,False,VIA SUDESTE,
52118,26,2026-09-23T11:31,2026-09-23,2026-10-06,14,13,1,179,164,91.6,164,0,0,Offline,False,True,False,VIA SUDESTE,Via Sudeste Sapopemba
52120,24,2026-09-16T01:14,2026-09-16,2026-10-06,21,21,0,392,387,98.7,0,387,5,Erro SD + Gravação,False,False,False,VIA SUDESTE,Via Sudeste Sapopemba
52120,25,2026-09-23T00:03,2026-09-23,2026-10-06,14,14,0,229,229,100.0,0,229,5,Erro SD + Gravação,True,False,False,VIA SUDESTE,Via Sudeste Sapopemba
52120,26,2026-09-16T17:15,2026-09-16,2026-10-06,21,20,1,379,332,87.6,332,0,0,Offline,False,False,False,VIA SUDESTE,Via Sudeste Sapopemba
52121,21,2026-09-01T10:58,2026-09-01,2026-10-06,36,32,4,642,642,100.0,1,641,5,Offline e Erro SD + Gravação,True,True,False,VIA SUDESTE,Via Sudeste Sapopemba
52121,22,2026-09-01T10:58,2026-09-01,2026-10-06,36,36,0,712,712,100.0,1,711,5,Offline e Erro SD + Gravação,True,True,False,VIA SUDESTE,Via Sudeste Sapopemba
52121,24,2026-09-01T10:58,2026-09-01,2026-10-06,36,36,0,706,706,100.0,1,705,5,Offline e Erro SD + Gravação,True,True,False,VIA SUDESTE,Via Sudeste Sapopemba
52121,25,2026-09-01T10:59,2026-09-01,2026-10-06,36,36,0,708,708,100.0,1,707,5,Offline e Erro SD + Gravação,True,True,False,VIA SUDESTE,Via Sudeste Sapopemba
52121,26,2026-09-01T10:59,2026-09-01,2026-10-06,36,35,1,687,687,100.0,0,687,5,Erro SD + Gravação,True,True,False,VIA SUDESTE,Via Sudeste Sapopemba
52123,22,,2026-10-06,2026-10-06,1,1,0,1,1,100.0,1,0,0,Offline,True,False,False,VIA SUDESTE,
52123,26,2026-08-31T21:55,2026-08-31,2026-10-06,37,36,1,697,697,100.0,697,0,0,Offline,True,True,False,VIA SUDESTE,
52124,22,,2026-10-06,2026-10-06,1,1,0,1,1,100.0,0,1,5,Erro SD + Gravação,True,False,False,VIA SUDESTE,Via Sudeste Sapopemba
52124,26,2026-08-31T21:37,2026-08-31,2026-10-06,37,36,1,701,701,100.0,2,699,5,Offline e Erro SD + Gravação,True,True,False,VIA SUDESTE,Via Sudeste Sapopemba
52129,22,,2026-10-06,2026-10-06,1,1,0,1,1,100.0,0,1,5,Erro SD + Gravação,True,False,False,VIA SUDESTE,Via Sudeste Sapopemba
52129,24,2026-08-31T21:55,2026-08-31,2026-10-06,37,37,0,729,729,100.0,0,729,5,Erro SD + Gravação,True,True,False,VIA SUDESTE,Via Sudeste Sapopemba
52129,25,2026-08-31T21:55,2026-08-31,2026-10-06,37,37,0,738,738,100.0,726,12,5,Offline e Erro SD + Gravação,True,True,False,VIA SUDESTE,Via Sudeste Sapopemba
52129,26,2026-08-31T21:56,2026-08-31,2026-10-06,37,36,1,717,717,100.0,717,0,0,Offline,True,True,False,VIA SUDESTE,Via Sudeste Sapopemba
52130,22,,2026-10-06,2026-10-06,1,1,0,1,1,100.0,0,1,5,Erro SD + Gravação,True,False,False,VIA SUDESTE,Via Sudeste Sapopemba
52131,21,2026-08-31T21:52,2026-08-31,2026-10-06,37,32,5,633,633,100.0,633,0,0,Offline,True,True,False,VIA SUDESTE,
52131,22,2026-08-31T21:52,2026-08-31,2026-10-06,37,36,1,686,686,100.0,686,0,0,Offline,True,True,False,VIA SUDESTE,
52131,23,2026-08-31T21:52,2026-08-31,2026-10-06,37,36,1,681,681,100.0,681,0,0,Offline,True,True,False,VIA SUDESTE,
52131,24,2026-08-31T21:52,2026-08-31,2026-10-06,37,36,1,688,688,100.0,688,0,0,Offline,True,True,False,VIA SUDESTE,
52131,25,2026-08-31T21:52,2026-08-31,2026-10-06,37,36,1,682,682,100.0,682,0,0,Offline,True,True,False,VIA SUDESTE,
52131,26,2026-08-31T21:52,2026-08-31,2026-10-06,37,35,2,672,672,100.0,672,0,0,Offline,True,True,False,VIA SUDESTE,
52132,21,2026-08-31T21:41,2026-08-31,2026-10-06,37,33,4,570,570,100.0,0,570,5,Erro SD + Gravação,True,True,False,VIA SUDESTE,Via Sudeste Sapopemba
52132,22,2026-08-31T21:41,2026-08-31,2026-10-06,37,37,0,642,642,100.0,0,642,5,Erro SD + Gravação,True,True,False,VIA SUDESTE,Via Sudeste Sapopemba
52133,26,2026-08-31T21:03,2026-08-31,2026-10-06,37,36,1,716,716,100.0,269,447,5,Offline e Erro SD + Gravação,True,True,False,VIA SUDESTE,Via Sudeste Sapopemba
52136,21,2026-09-16T15:43,2026-09-16,2026-10-06,21,17,4,331,301,90.9,301,0,0,Offline,False,False,False,VIA SUDESTE,Via Sudeste Sapopemba
52137,25,2026-08-31T21:36,2026-08-31,2026-10-06,37,37,0,726,726,100.0,726,0,0,Offline,True,True,False,VIA SUDESTE,
52137,26,2026-08-31T21:36,2026-08-31,2026-10-06,37,36,1,698,698,100.0,698,0,0,Offline,True,True,False,VIA SUDESTE,
52139,22,,2026-10-06,2026-10-06,1,1,0,1,1,100.0,1,0,0,Offline,True,False,False,VIA SUDESTE,Via Sudeste Sapopemba
52139,24,2026-08-31T21:55,2026-08-31,2026-10-06,37,37,0,732,732,100.0,732,0,0,Offline,True,True,False,VIA SUDESTE,Via Sudeste Sapopemba
52142,26,2026-08-31T21:03,2026-08-31,2026-10-06,37,36,1,707,676,95.6,676,0,0,Offline,False,True,False,VIA SUDESTE,Via Sudeste Cursino
52144,21,,2026-10-06,2026-10-06,1,1,0,1,1,100.0,1,0,0,Offline,True,False,False,VIA SUDESTE,
52144,24,2026-08-31T21:29,2026-08-31,2026-10-06,37,37,0,717,717,100.0,3,714,5,Offline e Erro SD + Gravação,True,True,False,VIA SUDESTE,
52146,25,2026-08-31T21:34,2026-08-31,2026-10-06,37,37,0,728,716,98.4,716,0,0,Offline,False,True,False,VIA SUDESTE,
52146,26,2026-09-02T14:37,2026-09-02,2026-10-06,35,34,1,688,610,88.7,610,0,0,Offline,False,False,False,VIA SUDESTE,
52148,21,2026-08-31T21:24,2026-08-31,2026-10-06,37,33,4,668,668,100.0,0,668,5,Erro SD + Gravação,True,True,False,VIA SUDESTE,Via Sudeste Sapopemba
52148,22,2026-08-31T21:24,2026-08-31,2026-10-06,37,37,0,720,720,100.0,0,720,5,Erro SD + Gravação,True,True,False,VIA SUDESTE,Via Sudeste Sapopemba
52148,24,2026-08-31T21:24,2026-08-31,2026-10-06,37,37,0,744,744,100.0,0,744,5,Erro SD + Gravação,True,True,False,VIA SUDESTE,Via Sudeste Sapopemba
52148,25,2026-08-31T21:24,2026-08-31,2026-10-06,37,37,0,730,730,100.0,0,730,5,Erro SD + Gravação,True,True,False,VIA SUDESTE,Via Sudeste Sapopemba
52148,26,2026-08-31T21:25,2026-08-31,2026-10-06,37,36,1,717,717,100.0,0,717,5,Erro SD + Gravação,True,True,False,VIA SUDESTE,Via Sudeste Sapopemba
52150,21,2026-08-31T21:07,2026-08-31,2026-10-06,37,33,4,660,660,100.0,660,0,0,Offline,True,True,False,VIA SUDESTE,
52150,22,2026-08-31T21:07,2026-08-31,2026-10-06,37,37,0,729,729,100.0,729,0,0,Offline,True,True,False,VIA SUDESTE,
52150,23,2026-08-31T21:07,2026-08-31,2026-10-06,37,37,0,728,728,100.0,728,0,0,Offline,True,True,False,VIA SUDESTE,
52150,24,2026-08-31T21:07,2026-08-31,2026-10-06,37,37,0,720,720,100.0,720,0,0,Offline,True,True,False,VIA SUDESTE,
52150,25,2026-08-31T21:07,2026-08-31,2026-10-06,37,37,0,721,721,100.0,721,0,0,Offline,True,True,False,VIA SUDESTE,
52150,26,2026-08-31T21:07,2026-08-31,2026-10-06,37,36,1,699,699,100.0,699,0,0,Offline,True,True,False,VIA SUDESTE,
52151,24,2026-08-31T21:06,2026-08-31,2026-10-06,37,37,0,726,726,100.0,726,0,0,Offline,True,True,False,VIA SUDESTE,Via Sudeste Cursino
52151,25,2026-08-31T21:06,2026-08-31,2026-10-06,37,37,0,739,739,100.0,739,0,0,Offline,True,True,False,VIA SUDESTE,Via Sudeste Cursino
52151,26,2026-08-31T21:06,2026-08-31,2026-10-06,37,36,1,717,717,100.0,717,0,0,Offline,True,True,False,VIA SUDESTE,Via Sudeste Cursino
52153,21,2026-09-25T12:45,2026-09-25,2026-10-06,12,8,4,119,106,89.1,106,0,0,Offline,False,False,False,VIA SUDESTE,Via Sudeste Cursino
52153,22,2026-09-25T12:47,2026-09-25,2026-10-06,12,12,0,179,166,92.7,166,0,0,Offline,False,False,False,VIA SUDESTE,Via Sudeste Cursino
52153,23,2026-09-25T12:49,2026-09-25,2026-10-06,12,12,0,176,162,92.0,162,0,0,Offline,False,False,False,VIA SUDESTE,Via Sudeste Cursino
52153,24,2026-09-24T13:41,2026-09-24,2026-10-06,13,13,0,189,161,85.2,161,0,0,Offline,False,False,False,VIA SUDESTE,Via Sudeste Cursino
52153,25,2026-09-25T12:54,2026-09-25,2026-10-06,12,12,0,174,160,92.0,160,0,0,Offline,False,False,False,VIA SUDESTE,Via Sudeste Cursino
52153,26,2026-09-25T12:56,2026-09-25,2026-10-06,12,11,1,163,149,91.4,149,0,0,Offline,False,False,False,VIA SUDESTE,Via Sudeste Cursino
52156,24,2026-08-31T21:22,2026-08-31,2026-10-06,37,37,0,730,730,100.0,730,0,0,Offline,True,True,False,VIA SUDESTE,
52156,26,2026-08-31T21:22,2026-08-31,2026-10-06,37,36,1,716,716,100.0,716,0,0,Offline,True,True,False,VIA SUDESTE,
52400,22,,2026-10-06,2026-10-06,1,1,0,1,1,100.0,0,1,5,Erro SD + Gravação,True,False,False,VIA SUDESTE,
52404,22,,2026-10-06,2026-10-06,1,1,0,1,1,100.0,1,0,0,Offline,True,False,False,VIA SUDESTE,
52702,21,2026-09-28T11:45,2026-09-28,2026-09-28,1,1,0,12,1,8.3,1,0,0,Offline,False,False,False,VIA SUDESTE,
52702,22,2026-09-28T11:47,2026-09-28,2026-09-28,1,1,0,12,1,8.3,1,0,0,Offline,False,False,False,VIA SUDESTE,
52702,23,2026-09-28T11:49,2026-09-28,2026-09-28,1,1,0,12,1,8.3,1,0,0,Offline,False,False,False,VIA SUDESTE,
52702,24,2026-08-31T21:40,2026-08-31,2026-09-28,29,29,0,633,633,100.0,633,0,0,Offline,True,True,False,VIA SUDESTE,
52702,25,2026-08-31T21:40,2026-08-31,2026-09-28,29,29,0,632,632,100.0,632,0,0,Offline,True,True,False,VIA SUDESTE,
52702,26,2026-08-31T21:40,2026-08-31,2026-09-28,29,29,0,633,633,100.0,633,0,0,Offline,True,True,False,VIA SUDESTE,
52703,21,2026-08-31T21:31,2026-08-31,2026-09-24,25,15,10,261,261,100.0,165,96,5,Offline e Erro SD + Gravação,True,True,False,VIA SUDESTE,
52703,22,2026-08-31T21:31,2026-08-31,2026-09-24,25,15,10,262,262,100.0,165,97,5,Offline e Erro SD + Gravação,True,True,False,VIA SUDESTE,
52703,23,2026-08-31T21:31,2026-08-31,2026-09-24,25,15,10,263,263,100.0,165,98,5,Offline e Erro SD + Gravação,True,True,False,VIA SUDESTE,
52703,24,2026-08-31T21:31,2026-08-31,2026-09-24,25,15,10,261,261,100.0,165,96,5,Offline e Erro SD + Gravação,True,True,False,VIA SUDESTE,
52703,25,2026-09-10T15:54,2026-09-10,2026-09-24,15,9,6,164,164,100.0,164,0,0,Offline,True,False,False,VIA SUDESTE,
52703,26,2026-08-31T21:32,2026-08-31,2026-09-24,25,15,10,262,262,100.0,164,98,5,Offline e Erro SD + Gravação,True,True,False,VIA SUDESTE,
52704,21,2026-08-31T21:22,2026-08-31,2026-09-28,29,8,21,137,137,100.0,39,98,5,Offline e Erro SD + Gravação,True,True,False,VIA SUDESTE,
52704,22,2026-09-05T02:30,2026-09-05,2026-10-01,27,6,21,64,62,96.9,62,0,0,Offline,False,False,False,VIA SUDESTE,
52704,24,2026-09-05T02:31,2026-09-05,2026-10-01,27,6,21,57,55,96.5,55,0,0,Offline,False,False,False,VIA SUDESTE,
52705,21,2026-09-28T11:48,2026-09-28,2026-09-28,1,1,0,12,1,8.3,1,0,0,Offline,False,False,False,VIA SUDESTE,
52705,22,2026-09-28T11:50,2026-09-28,2026-09-28,1,1,0,12,1,8.3,1,0,0,Offline,False,False,False,VIA SUDESTE,
52705,23,2026-09-28T11:52,2026-09-28,2026-09-28,1,1,0,12,1,8.3,1,0,0,Offline,False,False,False,VIA SUDESTE,
52705,24,2026-09-28T11:54,2026-09-28,2026-09-28,1,1,0,12,1,8.3,1,0,0,Offline,False,False,False,VIA SUDESTE,
52705,25,2026-08-31T21:42,2026-08-31,2026-09-28,29,29,0,633,633,100.0,633,0,0,Offline,True,True,False,VIA SUDESTE,
52705,26,2026-09-28T11:59,2026-09-28,2026-09-28,1,1,0,12,1,8.3,1,0,0,Offline,False,False,False,VIA SUDESTE,
52706,21,2026-09-05T03:24,2026-09-05,2026-09-28,24,7,17,90,73,81.1,1,72,5,Offline e Erro SD + Gravação,False,False,False,VIA SUDESTE,
52706,26,2026-08-31T21:52,2026-08-31,2026-09-30,31,14,17,211,211,100.0,99,112,5,Offline e Erro SD + Gravação,True,True,False,VIA SUDESTE,
52707,21,2026-08-31T21:03,2026-08-31,2026-09-28,29,12,17,205,205,100.0,104,101,5,Offline e Erro SD + Gravação,True,True,False,VIA SUDESTE,
52710,21,2026-09-28T18:55,2026-09-28,2026-09-28,1,1,0,20,3,15.0,0,3,5,Erro SD + Gravação,False,False,False,VIA SUDESTE,
52710,22,2026-09-28T18:56,2026-09-28,2026-09-30,3,3,0,39,18,46.2,0,18,5,Erro SD + Gravação,False,False,False,VIA SUDESTE,
52710,23,2026-09-28T16:51,2026-09-28,2026-09-30,3,3,0,39,10,25.6,0,10,5,Erro SD + Gravação,False,False,False,VIA SUDESTE,
52710,24,2026-08-31T21:44,2026-08-31,2026-09-30,31,14,17,219,219,100.0,219,0,0,Offline,True,True,False,VIA SUDESTE,
52710,25,2026-08-31T21:44,2026-08-31,2026-09-30,31,14,17,216,216,100.0,216,0,0,Offline,True,True,False,VIA SUDESTE,
52710,26,2026-08-31T21:44,2026-08-31,2026-09-30,31,14,17,219,219,100.0,219,0,0,Offline,True,True,False,VIA SUDESTE,
52711,21,2026-08-31T21:03,2026-08-31,2026-09-23,24,24,0,514,514,100.0,0,514,5,Erro SD + Gravação,True,True,False,VIA SUDESTE,Via Sudeste Sapopemba
52711,22,2026-09-14T03:45,2026-09-14,2026-09-23,10,10,0,207,203,98.1,203,0,0,Offline,False,False,False,VIA SUDESTE,Via Sudeste Sapopemba
52712,21,2026-09-26T04:11,2026-09-26,2026-09-26,1,1,0,5,1,20.0,1,0,0,Offline,False,False,False,VIA SUDESTE,Via Sudeste Sapopemba
52712,22,2026-09-26T04:14,2026-09-26,2026-09-26,1,1,0,5,1,20.0,1,0,0,Offline,False,False,False,VIA SUDESTE,Via Sudeste Sapopemba
52713,21,2026-09-15T21:15,2026-09-15,2026-09-24,10,10,0,174,174,100.0,174,0,0,Offline,True,True,False,VIA SUDESTE,
52713,24,2026-09-15T21:15,2026-09-15,2026-09-24,10,10,0,173,173,100.0,173,0,0,Offline,True,True,False,VIA SUDESTE,
52713,26,2026-09-15T21:15,2026-09-15,2026-09-24,10,10,0,173,173,100.0,173,0,0,Offline,True,True,False,VIA SUDESTE,
52715,23,2026-09-26T00:21,2026-09-26,2026-09-26,1,1,0,1,1,100.0,1,0,0,Offline,True,False,False,VIA SUDESTE,Via Sudeste Sapopemba
52715,24,2026-09-26T00:21,2026-09-26,2026-09-26,1,1,0,1,1,100.0,1,0,0,Offline,True,False,False,VIA SUDESTE,Via Sudeste Sapopemba
52715,25,2026-09-26T00:21,2026-09-26,2026-09-26,1,1,0,1,1,100.0,1,0,0,Offline,True,False,False,VIA SUDESTE,Via Sudeste Sapopemba
52715,26,2026-09-26T00:21,2026-09-26,2026-09-26,1,1,0,1,1,100.0,1,0,0,Offline,True,False,False,VIA SUDESTE,Via Sudeste Sapopemba
52716,21,2026-09-15T21:22,2026-09-15,2026-09-24,10,8,2,98,98,100.0,98,0,0,Offline,True,True,False,VIA SUDESTE,
52716,23,2026-09-15T21:22,2026-09-15,2026-09-24,10,8,2,99,99,100.0,99,0,0,Offline,True,True,False,VIA SUDESTE,
52717,22,2026-09-15T21:08,2026-09-15,2026-09-24,10,10,0,152,152,100.0,152,0,0,Offline,True,True,False,VIA SUDESTE,
52717,23,2026-09-15T21:08,2026-09-15,2026-09-24,10,10,0,151,151,100.0,151,0,0,Offline,True,True,False,VIA SUDESTE,
52719,21,2026-08-31T21:12,2026-08-31,2026-09-22,23,23,0,475,475,100.0,475,0,0,Offline,True,True,False,VIA SUDESTE,
52719,22,2026-08-31T21:12,2026-08-31,2026-09-22,23,23,0,474,474,100.0,474,0,0,Offline,True,True,False,VIA SUDESTE,
52719,23,2026-08-31T21:12,2026-08-31,2026-09-22,23,23,0,474,474,100.0,474,0,0,Offline,True,True,False,VIA SUDESTE,
52719,24,2026-08-31T21:12,2026-08-31,2026-09-22,23,23,0,474,474,100.0,474,0,0,Offline,True,True,False,VIA SUDESTE,
52719,25,2026-08-31T21:13,2026-08-31,2026-09-22,23,23,0,472,472,100.0,472,0,0,Offline,True,True,False,VIA SUDESTE,
52719,26,2026-08-31T21:13,2026-08-31,2026-09-22,23,23,0,471,471,100.0,471,0,0,Offline,True,True,False,VIA SUDESTE,
52720,21,2026-08-31T21:39,2026-08-31,2026-09-23,24,24,0,521,521,100.0,521,0,0,Offline,True,True,False,VIA SUDESTE,
52720,22,2026-08-31T21:39,2026-08-31,2026-09-23,24,24,0,521,521,100.0,521,0,0,Offline,True,True,False,VIA SUDESTE,
52720,23,2026-08-31T21:39,2026-08-31,2026-09-23,24,24,0,521,521,100.0,521,0,0,Offline,True,True,False,VIA SUDESTE,
52720,24,2026-08-31T21:39,2026-08-31,2026-09-23,24,24,0,520,520,100.0,520,0,0,Offline,True,True,False,VIA SUDESTE,
52720,25,2026-08-31T21:39,2026-08-31,2026-09-23,24,24,0,521,521,100.0,521,0,0,Offline,True,True,False,VIA SUDESTE,
52720,26,2026-08-31T21:39,2026-08-31,2026-09-23,24,24,0,521,521,100.0,521,0,0,Offline,True,True,False,VIA SUDESTE,
52723,23,2026-08-31T21:34,2026-08-31,2026-09-22,23,23,0,490,490,100.0,490,0,0,Offline,True,True,False,VIA SUDESTE,
52724,22,2026-09-24T19:58,2026-09-24,2026-09-30,7,7,0,118,118,100.0,0,118,5,Erro SD + Gravação,True,True,False,VIA SUDESTE,
52724,26,2026-09-24T19:59,2026-09-24,2026-09-30,7,7,0,116,116,100.0,116,0,0,Offline,True,True,False,VIA SUDESTE,
52725,25,2026-09-15T21:00,2026-09-15,2026-09-24,10,10,0,131,131,100.0,131,0,0,Offline,True,True,False,VIA SUDESTE,
52726,22,2026-09-02T09:13,2026-09-02,2026-09-30,29,7,22,103,103,100.0,103,0,0,Offline,True,True,False,VIA SUDESTE,
52726,23,2026-09-02T09:13,2026-09-02,2026-09-30,29,7,22,106,106,100.0,106,0,0,Offline,True,True,False,VIA SUDESTE,
52727,25,2026-09-15T21:31,2026-09-15,2026-09-24,10,9,1,134,134,100.0,134,0,0,Offline,True,True,False,VIA SUDESTE,
52729,23,2026-09-15T21:01,2026-09-15,2026-09-28,14,12,2,224,224,100.0,224,0,0,Offline,True,True,False,VIA SUDESTE,
52730,24,2026-08-31T22:00,2026-08-31,2026-09-22,23,23,0,475,475,100.0,0,475,5,Erro SD + Gravação,True,True,False,VIA SUDESTE,
52732,22,2026-09-24T02:23,2026-09-24,2026-09-24,1,1,0,6,6,100.0,6,0,0,Offline,True,True,False,VIA SUDESTE,
52732,24,2026-09-24T02:23,2026-09-24,2026-09-24,1,1,0,6,6,100.0,6,0,0,Offline,True,True,False,VIA SUDESTE,
52733,22,2026-09-15T21:12,2026-09-15,2026-09-24,10,10,0,152,152,100.0,152,0,0,Offline,True,True,False,VIA SUDESTE,
52733,23,2026-09-15T21:12,2026-09-15,2026-09-24,10,10,0,151,151,100.0,151,0,0,Offline,True,True,False,VIA SUDESTE,
52734,21,2026-09-22T11:31,2026-09-22,2026-09-22,1,1,0,14,3,21.4,3,0,0,Offline,False,False,False,VIA SUDESTE,Via Sudeste Sapopemba
52734,22,2026-09-22T13:35,2026-09-22,2026-09-22,1,1,0,14,1,7.1,1,0,0,Offline,False,False,False,VIA SUDESTE,Via Sudeste Sapopemba
52734,23,2026-09-22T11:31,2026-09-22,2026-09-22,1,1,0,14,3,21.4,3,0,0,Offline,False,False,False,VIA SUDESTE,Via Sudeste Sapopemba
52734,24,2026-08-31T21:42,2026-08-31,2026-09-22,23,23,0,490,478,97.6,3,475,5,Offline e Erro SD + Gravação,False,True,False,VIA SUDESTE,Via Sudeste Sapopemba
52734,25,2026-09-22T12:31,2026-09-22,2026-09-22,1,1,0,14,2,14.3,2,0,0,Offline,False,False,False,VIA SUDESTE,Via Sudeste Sapopemba
52734,26,2026-08-31T21:42,2026-08-31,2026-09-22,23,23,0,487,487,100.0,1,486,5,Offline e Erro SD + Gravação,True,True,False,VIA SUDESTE,Via Sudeste Sapopemba
52735,22,2026-09-18T03:59,2026-09-18,2026-09-23,6,6,0,125,122,97.6,122,0,0,Offline,False,False,False,VIA SUDESTE,Via Sudeste Sapopemba
52736,21,2026-09-15T21:49,2026-09-15,2026-09-24,10,9,1,126,126,100.0,126,0,0,Offline,True,True,False,VIA SUDESTE,
52737,23,2026-09-24T01:57,2026-09-24,2026-09-24,1,1,0,7,2,28.6,0,2,5,Erro SD + Gravação,False,False,False,VIA SUDESTE,Via Sudeste Sapopemba
52737,24,2026-09-15T21:51,2026-09-15,2026-09-24,10,9,1,115,115,100.0,115,0,0,Offline,True,True,False,VIA SUDESTE,Via Sudeste Sapopemba
52737,25,2026-09-15T21:51,2026-09-15,2026-09-24,10,9,1,113,113,100.0,113,0,0,Offline,True,True,False,VIA SUDESTE,Via Sudeste Sapopemba
52737,26,2026-09-24T07:29,2026-09-24,2026-09-24,1,1,0,7,1,14.3,1,0,0,Offline,False,False,False,VIA SUDESTE,Via Sudeste Sapopemba
52739,21,2026-09-15T21:08,2026-09-15,2026-09-24,10,9,1,132,132,100.0,132,0,0,Offline,True,True,False,VIA SUDESTE,
52739,23,2026-09-15T21:08,2026-09-15,2026-09-24,10,9,1,131,131,100.0,131,0,0,Offline,True,True,False,VIA SUDESTE,
52740,26,2026-09-08T06:40,2026-09-08,2026-09-22,15,15,0,326,280,85.9,280,0,0,Offline,False,False,False,VIA SUDESTE,
52741,24,2026-08-31T21:51,2026-08-31,2026-09-22,23,23,0,467,467,100.0,71,396,5,Offline e Erro SD + Gravação,True,True,False,VIA SUDESTE,Via Sudeste Sapopemba
52741,26,2026-08-31T21:51,2026-08-31,2026-09-22,23,23,0,461,461,100.0,72,389,5,Offline e Erro SD + Gravação,True,True,False,VIA SUDESTE,Via Sudeste Sapopemba
52742,21,2026-08-31T21:36,2026-08-31,2026-09-26,27,27,0,573,573,100.0,573,0,0,Offline,True,True,False,VIA SUDESTE,
52742,22,2026-08-31T21:37,2026-08-31,2026-10-02,33,29,4,575,575,100.0,575,0,0,Offline,True,True,False,VIA SUDESTE,
52742,23,2026-08-31T21:37,2026-08-31,2026-09-26,27,27,0,572,572,100.0,572,0,0,Offline,True,True,False,VIA SUDESTE,
52742,24,2026-08-31T21:37,2026-08-31,2026-10-02,33,28,5,574,574,100.0,574,0,0,Offline,True,True,False,VIA SUDESTE,
52742,25,2026-08-31T21:37,2026-08-31,2026-10-02,33,29,4,576,576,100.0,576,0,0,Offline,True,True,False,VIA SUDESTE,
52745,26,2026-08-31T21:50,2026-08-31,2026-10-06,37,36,1,702,702,100.0,0,702,5,Erro SD + Gravação,True,True,False,VIA SUDESTE,Via Sudeste Sapopemba
52749,21,,2026-10-06,2026-10-06,1,1,0,1,1,100.0,1,0,0,Offline,True,False,False,VIA SUDESTE,Via Sudeste Sapopemba
52749,24,,2026-10-06,2026-10-06,1,1,0,1,1,100.0,1,0,0,Offline,True,False,False,VIA SUDESTE,Via Sudeste Sapopemba
52752,21,2026-09-24T17:56,2026-09-24,2026-10-06,13,9,4,140,120,85.7,120,0,0,Offline,False,False,False,VIA SUDESTE,Via Sudeste Sapopemba
52752,22,2026-09-23T20:54,2026-09-23,2026-10-06,14,14,0,232,190,81.9,190,0,0,Offline,False,False,False,VIA SUDESTE,Via Sudeste Sapopemba
52752,23,2026-09-24T17:57,2026-09-24,2026-10-06,13,13,0,205,185,90.2,185,0,0,Offline,False,False,False,VIA SUDESTE,Via Sudeste Sapopemba
52752,24,2026-09-24T17:57,2026-09-24,2026-10-06,13,13,0,199,179,89.9,179,0,0,Offline,False,False,False,VIA SUDESTE,Via Sudeste Sapopemba
52752,25,2026-09-23T21:55,2026-09-23,2026-10-06,14,14,0,233,191,82.0,191,0,0,Offline,False,False,False,VIA SUDESTE,Via Sudeste Sapopemba
52752,26,2026-08-31T21:46,2026-08-31,2026-10-06,37,36,1,716,694,96.9,694,0,0,Offline,False,True,False,VIA SUDESTE,Via Sudeste Sapopemba
52753,26,2026-09-21T07:03,2026-09-21,2026-10-06,16,15,1,246,217,88.2,217,0,0,Offline,False,False,False,VIA SUDESTE,Via Sudeste Sapopemba
52757,26,2026-09-30T13:03,2026-09-30,2026-10-06,7,6,1,49,29,59.2,29,0,0,Offline,False,False,False,VIA SUDESTE,Via Sudeste Sapopemba
52758,21,2026-09-10T08:29,2026-09-10,2026-09-10,1,1,0,1,1,100.0,1,0,0,Offline,True,True,False,VIA SUDESTE,
52758,22,2026-09-10T08:29,2026-09-10,2026-09-10,1,1,0,1,1,100.0,1,0,0,Offline,True,True,False,VIA SUDESTE,
52758,23,2026-09-10T08:29,2026-09-10,2026-09-10,1,1,0,1,1,100.0,1,0,0,Offline,True,True,False,VIA SUDESTE,
52758,24,2026-09-10T08:29,2026-09-10,2026-09-10,1,1,0,1,1,100.0,1,0,0,Offline,True,True,False,VIA SUDESTE,
52758,25,2026-09-10T08:29,2026-09-10,2026-09-10,1,1,0,1,1,100.0,1,0,0,Offline,True,True,False,VIA SUDESTE,
52758,26,2026-09-10T08:29,2026-09-10,2026-09-10,1,1,0,1,1,100.0,1,0,0,Offline,True,True,False,VIA SUDESTE,
52759,22,2026-09-25T19:10,2026-09-25,2026-10-02,8,7,1,104,104,100.0,104,0,0,Offline,True,True,False,VIA SUDESTE,
52760,22,2026-08-31T21:57,2026-08-31,2026-09-30,31,30,1,621,621,100.0,113,508,5,Offline e Erro SD + Gravação,True,True,False,VIA SUDESTE,
52761,21,2026-09-23T16:39,2026-09-23,2026-09-23,1,1,0,20,4,20.0,4,0,0,Offline,False,False,False,VIA SUDESTE,Via Sudeste Sapopemba
52761,22,2026-09-23T16:40,2026-09-23,2026-09-23,1,1,0,20,4,20.0,4,0,0,Offline,False,False,False,VIA SUDESTE,Via Sudeste Sapopemba
52761,23,2026-09-23T16:40,2026-09-23,2026-09-23,1,1,0,20,4,20.0,4,0,0,Offline,False,False,False,VIA SUDESTE,Via Sudeste Sapopemba
52761,24,2026-09-23T16:40,2026-09-23,2026-09-23,1,1,0,20,4,20.0,4,0,0,Offline,False,False,False,VIA SUDESTE,Via Sudeste Sapopemba
52761,25,2026-09-23T16:40,2026-09-23,2026-09-23,1,1,0,20,4,20.0,4,0,0,Offline,False,False,False,VIA SUDESTE,Via Sudeste Sapopemba
52761,26,2026-09-23T16:40,2026-09-23,2026-09-23,1,1,0,20,4,20.0,4,0,0,Offline,False,False,False,VIA SUDESTE,Via Sudeste Sapopemba
52762,25,2026-08-31T21:37,2026-08-31,2026-09-23,24,24,0,490,490,100.0,490,0,0,Offline,True,True,False,VIA SUDESTE,Via Sudeste Sapopemba
52762,26,2026-08-31T21:37,2026-08-31,2026-09-23,24,24,0,487,487,100.0,487,0,0,Offline,True,True,False,VIA SUDESTE,Via Sudeste Sapopemba
52763,21,2026-09-23T17:20,2026-09-23,2026-09-23,1,1,0,19,4,21.1,4,0,0,Offline,False,False,False,VIA SUDESTE,Via Sudeste Sapopemba
52763,22,2026-09-23T17:20,2026-09-23,2026-09-23,1,1,0,21,4,19.0,4,0,0,Offline,False,False,False,VIA SUDESTE,Via Sudeste Sapopemba
52763,23,2026-09-23T17:20,2026-09-23,2026-09-23,1,1,0,21,4,19.0,4,0,0,Offline,False,False,False,VIA SUDESTE,Via Sudeste Sapopemba
52763,24,2026-09-23T20:20,2026-09-23,2026-09-23,1,1,0,20,1,5.0,1,0,0,Offline,False,False,False,VIA SUDESTE,Via Sudeste Sapopemba
52763,25,2026-09-23T20:21,2026-09-23,2026-09-23,1,1,0,21,1,4.8,1,0,0,Offline,False,False,False,VIA SUDESTE,Via Sudeste Sapopemba
52763,26,2026-08-31T21:39,2026-08-31,2026-09-23,24,24,0,500,500,100.0,1,499,5,Offline e Erro SD + Gravação,True,True,False,VIA SUDESTE,Via Sudeste Sapopemba
52765,21,2026-09-23T02:51,2026-09-23,2026-09-23,1,1,0,3,1,33.3,1,0,0,Offline,False,False,False,VIA SUDESTE,Via Sudeste Sapopemba
52765,22,2026-09-23T02:53,2026-09-23,2026-09-23,1,1,0,3,1,33.3,1,0,0,Offline,False,False,False,VIA SUDESTE,Via Sudeste Sapopemba
52765,23,2026-09-23T02:55,2026-09-23,2026-09-23,1,1,0,3,1,33.3,1,0,0,Offline,False,False,False,VIA SUDESTE,Via Sudeste Sapopemba
52765,24,2026-09-23T02:58,2026-09-23,2026-09-23,1,1,0,3,1,33.3,1,0,0,Offline,False,False,False,VIA SUDESTE,Via Sudeste Sapopemba
52765,25,2026-08-31T21:43,2026-08-31,2026-09-23,24,24,0,479,479,100.0,6,473,5,Offline e Erro SD + Gravação,True,True,False,VIA SUDESTE,Via Sudeste Sapopemba
52765,26,2026-09-23T03:02,2026-09-23,2026-09-23,1,1,0,3,1,33.3,1,0,0,Offline,False,False,False,VIA SUDESTE,Via Sudeste Sapopemba
52766,22,2026-09-29T15:19,2026-09-29,2026-09-29,1,1,0,1,1,100.0,1,0,0,Offline,True,True,False,VIA SUDESTE,
52768,22,2026-08-31T21:54,2026-08-31,2026-10-06,37,37,0,683,683,100.0,0,683,5,Erro SD + Gravação,True,True,False,VIA SUDESTE,Via Sudeste Sapopemba
52771,22,2026-09-16T09:06,2026-09-16,2026-09-23,8,6,2,17,17,100.0,17,0,0,Offline,True,True,False,VIA SUDESTE,
52771,24,2026-09-16T09:06,2026-09-16,2026-09-23,8,6,2,15,15,100.0,15,0,0,Offline,True,True,False,VIA SUDESTE,
52772,24,2026-09-23T02:14,2026-09-23,2026-09-23,1,1,0,5,5,100.0,5,0,0,Offline,True,False,False,VIA SUDESTE,
52772,25,2026-09-04T14:04,2026-09-04,2026-09-23,20,2,18,6,6,100.0,6,0,0,Offline,True,True,False,VIA SUDESTE,
52772,26,2026-09-04T14:04,2026-09-04,2026-09-23,20,3,17,7,7,100.0,6,1,5,Offline e Erro SD + Gravação,True,True,False,VIA SUDESTE,
52773,21,2026-09-21T14:52,2026-09-21,2026-09-26,6,6,0,129,115,89.1,115,0,0,Offline,False,False,False,VIA SUDESTE,
52773,22,2026-09-26T08:19,2026-09-26,2026-09-26,1,1,0,10,1,10.0,1,0,0,Offline,False,False,False,VIA SUDESTE,
52773,23,2026-09-26T08:21,2026-09-26,2026-09-26,1,1,0,10,1,10.0,1,0,0,Offline,False,False,False,VIA SUDESTE,
52773,24,2026-09-26T08:23,2026-09-26,2026-09-26,1,1,0,10,1,10.0,1,0,0,Offline,False,False,False,VIA SUDESTE,
52773,25,2026-09-26T08:26,2026-09-26,2026-09-26,1,1,0,10,1,10.0,1,0,0,Offline,False,False,False,VIA SUDESTE,
52773,26,2026-09-26T08:28,2026-09-26,2026-09-26,1,1,0,10,1,10.0,1,0,0,Offline,False,False,False,VIA SUDESTE,
52775,21,2026-08-31T21:49,2026-08-31,2026-10-06,37,33,4,665,665,100.0,0,665,5,Erro SD + Gravação,True,True,False,VIA SUDESTE,Via Sudeste Sapopemba
52775,22,2026-08-31T21:49,2026-08-31,2026-10-06,37,37,0,735,735,100.0,55,680,5,Offline e Erro SD + Gravação,True,True,False,VIA SUDESTE,Via Sudeste Sapopemba
52779,25,2026-10-05T10:32,2026-10-05,2026-10-06,2,2,0,10,2,20.0,2,0,0,Offline,False,False,False,VIA SUDESTE,Via Sudeste Sapopemba
52780,21,,2026-10-06,2026-10-06,1,1,0,1,1,100.0,0,1,5,Erro SD + Gravação,True,False,False,VIA SUDESTE,Via Sudeste Sapopemba
52782,25,2026-09-28T00:30,2026-09-28,2026-10-06,9,9,0,111,111,100.0,0,111,5,Erro SD + Gravação,True,False,False,VIA SUDESTE,Via Sudeste Sapopemba
52783,21,2026-08-31T21:38,2026-08-31,2026-10-06,37,33,4,656,656,100.0,656,0,0,Offline,True,True,False,VIA SUDESTE,
52783,22,2026-08-31T21:38,2026-08-31,2026-10-06,37,37,0,713,713,100.0,713,0,0,Offline,True,True,False,VIA SUDESTE,
52783,23,2026-08-31T21:38,2026-08-31,2026-10-06,37,37,0,716,716,100.0,716,0,0,Offline,True,True,False,VIA SUDESTE,
52783,24,2026-08-31T21:38,2026-08-31,2026-10-06,37,37,0,710,710,100.0,710,0,0,Offline,True,True,False,VIA SUDESTE,
52783,25,2026-08-31T21:38,2026-08-31,2026-10-06,37,37,0,717,717,100.0,717,0,0,Offline,True,True,False,VIA SUDESTE,
52783,26,2026-08-31T21:38,2026-08-31,2026-10-06,37,36,1,700,700,100.0,700,0,0,Offline,True,True,False,VIA SUDESTE,
52786,26,2026-10-05T05:35,2026-10-05,2026-10-06,2,2,0,10,6,60.0,6,0,0,Offline,False,False,False,VIA SUDESTE,
52789,21,,2026-10-06,2026-10-06,1,1,0,1,1,100.0,1,0,0,Offline,True,False,False,VIA SUDESTE,
52789,26,2026-10-05T05:40,2026-10-05,2026-10-06,2,2,0,9,3,33.3,3,0,0,Offline,False,False,False,VIA SUDESTE,
52790,21,2026-08-31T21:54,2026-08-31,2026-09-26,27,27,0,566,566,100.0,1,565,5,Offline e Erro SD + Gravação,True,True,False,VIA SUDESTE,
52790,22,2026-08-31T21:54,2026-08-31,2026-09-26,27,27,0,573,573,100.0,567,6,5,Offline e Erro SD + Gravação,True,True,False,VIA SUDESTE,
52790,23,2026-08-31T21:54,2026-08-31,2026-09-26,27,27,0,569,569,100.0,0,569,5,Erro SD + Gravação,True,True,False,VIA SUDESTE,
52790,25,2026-08-31T21:54,2026-08-31,2026-09-26,27,27,0,571,571,100.0,571,0,0,Offline,True,True,False,VIA SUDESTE,
52790,26,2026-08-31T21:54,2026-08-31,2026-09-26,27,27,0,572,572,100.0,572,0,0,Offline,True,True,False,VIA SUDESTE,
52792,21,,2026-10-06,2026-10-06,1,1,0,1,1,100.0,1,0,0,Offline,True,False,False,VIA SUDESTE,Via Sudeste Sapopemba
52794,21,,2026-10-06,2026-10-06,1,1,0,1,1,100.0,1,0,0,Offline,True,False,False,VIA SUDESTE,
52796,21,,2026-10-06,2026-10-06,1,1,0,1,1,100.0,0,1,5,Erro SD + Gravação,True,False,False,VIA SUDESTE,Via Sudeste Sapopemba
52801,23,2026-08-31T21:58,2026-08-31,2026-10-06,37,36,1,676,676,100.0,0,676,5,Erro SD + Gravação,True,True,False,VIA SUDESTE,Via Sudeste Cursino
52803,24,2026-10-04T23:36,2026-10-04,2026-10-06,3,3,0,13,13,100.0,0,13,5,Erro SD + Gravação,True,False,False,VIA SUDESTE,Via Sudeste Cursino
52804,22,2026-10-03T22:08,2026-10-03,2026-10-06,4,4,0,28,28,100.0,28,0,0,Offline,True,False,False,VIA SUDESTE,
52805,23,2026-10-05T06:57,2026-10-05,2026-10-06,2,2,0,6,6,100.0,0,6,5,Erro SD + Gravação,True,False,False,VIA SUDESTE,Via Sudeste Cursino
52806,25,2026-08-31T21:08,2026-08-31,2026-10-06,37,37,0,725,725,100.0,725,0,0,Offline,True,True,False,VIA SUDESTE,
52807,22,,2026-10-06,2026-10-06,1,1,0,1,1,100.0,0,1,5,Erro SD + Gravação,True,False,False,VIA SUDESTE,Via Sudeste Cursino
52808,25,2026-08-31T21:13,2026-08-31,2026-10-06,37,37,0,744,744,100.0,744,0,0,Offline,True,True,False,VIA SUDESTE,
52810,21,2026-08-31T21:36,2026-08-31,2026-10-06,37,31,6,654,654,100.0,654,0,0,Offline,True,True,False,VIA SUDESTE,Via Sudeste Cursino
52810,23,2026-08-31T21:36,2026-08-31,2026-10-06,37,35,2,711,711,100.0,711,0,0,Offline,True,True,False,VIA SUDESTE,Via Sudeste Cursino
52810,24,2026-08-31T21:36,2026-08-31,2026-10-06,37,36,1,719,719,100.0,719,0,0,Offline,True,True,False,VIA SUDESTE,Via Sudeste Cursino
52810,26,2026-08-31T21:36,2026-08-31,2026-10-06,37,35,2,698,698,100.0,698,0,0,Offline,True,True,False,VIA SUDESTE,Via Sudeste Cursino
52812,25,2026-08-31T22:01,2026-08-31,2026-10-06,37,37,0,728,728,100.0,728,0,0,Offline,True,True,False,VIA SUDESTE,
52812,26,2026-09-18T01:44,2026-09-18,2026-10-06,19,18,1,334,333,99.7,333,0,0,Offline,False,False,False,VIA SUDESTE,
52814,22,,2026-10-06,2026-10-06,1,1,0,1,1,100.0,1,0,0,Offline,True,False,False,VIA SUDESTE,
52814,25,2026-08-31T21:13,2026-08-31,2026-10-06,37,37,0,727,727,100.0,0,727,5,Erro SD + Gravação,True,True,False,VIA SUDESTE,
52815,23,2026-09-17T01:48,2026-09-17,2026-10-06,20,20,0,371,370,99.7,0,370,5,Erro SD + Gravação,False,False,False,VIA SUDESTE,
52816,25,2026-08-31T21:06,2026-08-31,2026-10-06,37,37,0,711,711,100.0,711,0,0,Offline,True,True,False,VIA SUDESTE,
52817,26,2026-09-09T11:31,2026-09-09,2026-10-06,28,27,1,516,505,97.9,505,0,0,Offline,False,False,False,VIA SUDESTE,Via Sudeste Cursino
52818,25,,2026-10-06,2026-10-06,1,1,0,1,1,100.0,1,0,0,Offline,True,False,False,VIA SUDESTE,Via Sudeste Cursino
52818,26,2026-09-09T05:47,2026-09-09,2026-10-06,28,27,1,519,519,100.0,0,519,5,Erro SD + Gravação,True,False,False,VIA SUDESTE,Via Sudeste Cursino
52823,21,,2026-10-06,2026-10-06,1,1,0,1,1,100.0,1,0,0,Offline,True,False,False,VIA SUDESTE,Via Sudeste Cursino
52823,22,,2026-10-06,2026-10-06,1,1,0,1,1,100.0,1,0,0,Offline,True,False,False,VIA SUDESTE,Via Sudeste Cursino
52823,23,,2026-10-06,2026-10-06,1,1,0,1,1,100.0,1,0,0,Offline,True,False,False,VIA SUDESTE,Via Sudeste Cursino
52823,24,,2026-10-06,2026-10-06,1,1,0,1,1,100.0,1,0,0,Offline,True,False,False,VIA SUDESTE,Via Sudeste Cursino
52823,25,,2026-10-06,2026-10-06,1,1,0,1,1,100.0,1,0,0,Offline,True,False,False,VIA SUDESTE,Via Sudeste Cursino
52823,26,,2026-10-06,2026-10-06,1,1,0,1,1,100.0,1,0,0,Offline,True,False,False,VIA SUDESTE,Via Sudeste Cursino
52826,21,2026-08-31T21:30,2026-08-31,2026-10-06,37,33,4,667,667,100.0,667,0,0,Offline,True,True,False,VIA SUDESTE,
52826,22,2026-08-31T21:30,2026-08-31,2026-10-06,37,37,0,730,730,100.0,730,0,0,Offline,True,True,False,VIA SUDESTE,
52826,23,2026-08-31T21:30,2026-08-31,2026-10-06,37,37,0,732,732,100.0,732,0,0,Offline,True,True,False,VIA SUDESTE,
52826,24,2026-08-31T21:31,2026-08-31,2026-10-06,37,37,0,729,729,100.0,729,0,0,Offline,True,True,False,VIA SUDESTE,
52826,25,2026-08-31T21:31,2026-08-31,2026-10-06,37,37,0,738,738,100.0,738,0,0,Offline,True,True,False,VIA SUDESTE,
52826,26,2026-08-31T21:31,2026-08-31,2026-10-06,37,36,1,708,708,100.0,708,0,0,Offline,True,True,False,VIA SUDESTE,
52827,22,,2026-10-06,2026-10-06,1,1,0,1,1,100.0,1,0,0,Offline,True,False,False,VIA SUDESTE,Via Sudeste Cursino
52828,22,,2026-10-06,2026-10-06,1,1,0,1,1,100.0,0,1,5,Erro SD + Gravação,True,False,False,VIA SUDESTE,Via Sudeste Sapopemba
52829,22,,2026-10-06,2026-10-06,1,1,0,1,1,100.0,1,0,0,Offline,True,False,False,VIA SUDESTE,
52831,25,2026-08-31T21:22,2026-08-31,2026-10-06,37,37,0,705,705,100.0,705,0,0,Offline,True,True,False,VIA SUDESTE,Via Sudeste Cursino
52831,26,2026-08-31T21:22,2026-08-31,2026-10-06,37,36,1,680,680,100.0,680,0,0,Offline,True,True,False,VIA SUDESTE,Via Sudeste Cursino
52832,21,2026-08-31T21:46,2026-08-31,2026-10-06,37,33,4,667,667,100.0,6,661,5,Offline e Erro SD + Gravação,True,True,False,VIA SUDESTE,Via Sudeste Sapopemba
52832,22,2026-08-31T21:46,2026-08-31,2026-10-06,37,37,0,724,724,100.0,7,717,5,Offline e Erro SD + Gravação,True,True,False,VIA SUDESTE,Via Sudeste Sapopemba
52832,24,2026-08-31T21:47,2026-08-31,2026-10-06,37,37,0,727,727,100.0,7,720,5,Offline e Erro SD + Gravação,True,True,False,VIA SUDESTE,Via Sudeste Sapopemba
52840,25,2026-08-31T21:27,2026-08-31,2026-10-06,37,35,2,660,660,100.0,1,659,5,Offline e Erro SD + Gravação,True,True,False,VIA SUDESTE,Via Sudeste Cursino
52844,21,2026-08-31T21:09,2026-08-31,2026-10-06,37,33,4,651,651,100.0,651,0,0,Offline,True,True,False,VIA SUDESTE,Via Sudeste Cursino
52844,22,2026-08-31T21:09,2026-08-31,2026-10-06,37,37,0,715,715,100.0,715,0,0,Offline,True,True,False,VIA SUDESTE,Via Sudeste Cursino
52844,23,2026-08-31T21:10,2026-08-31,2026-10-06,37,37,0,724,724,100.0,724,0,0,Offline,True,True,False,VIA SUDESTE,Via Sudeste Cursino
52844,24,2026-08-31T21:10,2026-08-31,2026-10-06,37,36,1,720,720,100.0,720,0,0,Offline,True,True,False,VIA SUDESTE,Via Sudeste Cursino
52844,25,2026-08-31T21:10,2026-08-31,2026-10-06,37,37,0,718,718,100.0,718,0,0,Offline,True,True,False,VIA SUDESTE,Via Sudeste Cursino
52844,26,2026-08-31T21:10,2026-08-31,2026-10-06,37,36,1,699,699,100.0,699,0,0,Offline,True,True,False,VIA SUDESTE,Via Sudeste Cursino
52845,21,,2026-10-06,2026-10-06,1,1,0,1,1,100.0,1,0,0,Offline,True,False,False,VIA SUDESTE,Via Sudeste Cursino
52845,23,2026-08-31T21:09,2026-08-31,2026-10-06,37,37,0,732,732,100.0,0,732,5,Erro SD + Gravação,True,True,False,VIA SUDESTE,Via Sudeste Cursino
52845,25,2026-08-31T21:09,2026-08-31,2026-10-06,37,37,0,728,728,100.0,728,0,0,Offline,True,True,False,VIA SUDESTE,Via Sudeste Cursino
52847,21,2026-10-03T21:41,2026-10-03,2026-10-06,4,4,0,24,24,100.0,24,0,0,Offline,True,False,False,VIA SUDESTE,Via Sudeste Cursino
52847,25,2026-08-31T21:05,2026-08-31,2026-10-06,37,37,0,715,715,100.0,715,0,0,Offline,True,True,False,VIA SUDESTE,Via Sudeste Cursino
52851,24,2026-09-28T06:22,2026-09-28,2026-10-06,9,9,0,114,83,72.8,83,0,0,Offline,False,False,False,VIA SUDESTE,
52855,21,2026-08-31T21:34,2026-08-31,2026-10-06,37,32,5,609,609,100.0,0,609,5,Erro SD + Gravação,True,True,False,VIA SUDESTE,Via Sudeste Sapopemba
52862,21,,2026-10-06,2026-10-06,1,1,0,1,1,100.0,0,1,5,Erro SD + Gravação,True,False,False,VIA SUDESTE,Via Sudeste Cursino
52864,23,2026-09-12T17:25,2026-09-12,2026-10-06,25,25,0,459,442,96.3,1,441,5,Offline e Erro SD + Gravação,False,False,False,VIA SUDESTE,
52864,24,2026-10-01T19:32,2026-10-01,2026-10-06,6,6,0,53,39,73.6,26,13,5,Offline e Erro SD + Gravação,False,False,False,VIA SUDESTE,
52866,25,2026-08-31T21:52,2026-08-31,2026-10-06,37,37,0,731,731,100.0,731,0,0,Offline,True,True,False,VIA SUDESTE,
52870,23,2026-08-31T21:43,2026-08-31,2026-10-06,37,37,0,721,721,100.0,721,0,0,Offline,True,True,False,VIA SUDESTE,
52870,26,2026-08-31T21:44,2026-08-31,2026-10-06,37,36,1,708,708,100.0,708,0,0,Offline,True,True,False,VIA SUDESTE,
52873,21,2026-08-31T21:17,2026-08-31,2026-10-06,37,33,4,668,668,100.0,668,0,0,Offline,True,True,False,VIA SUDESTE,
52873,22,2026-08-31T21:17,2026-08-31,2026-10-06,37,37,0,727,727,100.0,727,0,0,Offline,True,True,False,VIA SUDESTE,
52873,23,2026-08-31T21:17,2026-08-31,2026-10-06,37,37,0,730,730,100.0,730,0,0,Offline,True,True,False,VIA SUDESTE,
52873,24,2026-08-31T21:17,2026-08-31,2026-10-06,37,37,0,730,730,100.0,730,0,0,Offline,True,True,False,VIA SUDESTE,
52873,25,2026-08-31T21:17,2026-08-31,2026-10-06,37,37,0,734,734,100.0,734,0,0,Offline,True,True,False,VIA SUDESTE,
52873,26,2026-08-31T21:18,2026-08-31,2026-10-06,37,36,1,705,705,100.0,705,0,0,Offline,True,True,False,VIA SUDESTE,
52902,22,,2026-10-06,2026-10-06,1,1,0,1,1,100.0,0,1,5,Erro SD + Gravação,True,False,False,VIA SUDESTE,Via Sudeste Sapopemba
52902,25,2026-08-31T21:48,2026-08-31,2026-10-06,37,37,0,729,729,100.0,1,728,5,Offline e Erro SD + Gravação,True,True,False,VIA SUDESTE,Via Sudeste Sapopemba
52902,26,2026-08-31T21:49,2026-08-31,2026-10-06,37,36,1,720,720,100.0,720,0,0,Offline,True,True,False,VIA SUDESTE,Via Sudeste Sapopemba
52903,23,2026-09-24T15:03,2026-09-24,2026-10-06,13,13,0,210,195,92.9,0,195,5,Erro SD + Gravação,False,False,False,VIA SUDESTE,Via Sudeste Sapopemba
52903,26,2026-09-25T13:05,2026-09-25,2026-10-06,12,11,1,160,115,71.9,75,40,5,Offline e Erro SD + Gravação,False,False,False,VIA SUDESTE,Via Sudeste Sapopemba
52904,26,2026-08-31T21:36,2026-08-31,2026-10-06,37,36,1,709,709,100.0,709,0,0,Offline,True,True,False,VIA SUDESTE,Via Sudeste Sapopemba
52905,21,2026-08-31T21:26,2026-08-31,2026-10-06,37,33,4,653,653,100.0,3,650,5,Offline e Erro SD + Gravação,True,True,False,VIA SUDESTE,Via Sudeste Sapopemba
52905,22,2026-08-31T21:26,2026-08-31,2026-10-06,37,37,0,713,713,100.0,4,709,5,Offline e Erro SD + Gravação,True,True,False,VIA SUDESTE,Via Sudeste Sapopemba
52905,24,2026-08-31T21:26,2026-08-31,2026-10-06,37,37,0,710,710,100.0,4,706,5,Offline e Erro SD + Gravação,True,True,False,VIA SUDESTE,Via Sudeste Sapopemba
52905,25,2026-08-31T21:26,2026-08-31,2026-10-06,37,37,0,714,714,100.0,6,708,5,Offline e Erro SD + Gravação,True,True,False,VIA SUDESTE,Via Sudeste Sapopemba
52905,26,2026-08-31T21:27,2026-08-31,2026-10-06,37,36,1,700,700,100.0,3,697,5,Offline e Erro SD + Gravação,True,True,False,VIA SUDESTE,Via Sudeste Sapopemba
52910,21,,2026-10-06,2026-10-06,1,1,0,1,1,100.0,1,0,0,Offline,True,False,False,VIA SUDESTE,Via Sudeste Sapopemba
52911,21,2026-08-31T21:52,2026-08-31,2026-10-06,37,33,4,626,626,100.0,1,625,5,Offline e Erro SD + Gravação,True,True,False,VIA SUDESTE,Via Sudeste Sapopemba
52911,22,2026-08-31T21:52,2026-08-31,2026-10-06,37,37,0,691,691,100.0,1,690,5,Offline e Erro SD + Gravação,True,True,False,VIA SUDESTE,Via Sudeste Sapopemba
52911,24,2026-08-31T21:52,2026-08-31,2026-10-06,37,37,0,694,694,100.0,0,694,5,Erro SD + Gravação,True,True,False,VIA SUDESTE,Via Sudeste Sapopemba
52911,25,2026-08-31T21:52,2026-08-31,2026-10-06,37,37,0,692,692,100.0,0,692,5,Erro SD + Gravação,True,True,False,VIA SUDESTE,Via Sudeste Sapopemba
52911,26,2026-08-31T21:52,2026-08-31,2026-10-06,37,36,1,682,682,100.0,0,682,5,Erro SD + Gravação,True,True,False,VIA SUDESTE,Via Sudeste Sapopemba
52912,25,2026-10-03T21:37,2026-10-03,2026-10-06,4,4,0,26,26,100.0,0,26,5,Erro SD + Gravação,True,False,False,VIA SUDESTE,Via Sudeste Sapopemba
52914,26,2026-08-31T21:45,2026-08-31,2026-10-06,37,36,1,704,691,98.2,691,0,0,Offline,False,True,False,VIA SUDESTE,Via Sudeste Sapopemba
52915,21,2026-08-31T21:17,2026-08-31,2026-10-06,37,33,4,660,660,100.0,660,0,0,Offline,True,True,False,VIA SUDESTE,
52915,22,2026-08-31T21:17,2026-08-31,2026-10-06,37,37,0,714,714,100.0,714,0,0,Offline,True,True,False,VIA SUDESTE,
52915,23,2026-08-31T21:17,2026-08-31,2026-10-06,37,37,0,725,725,100.0,725,0,0,Offline,True,True,False,VIA SUDESTE,
52915,24,2026-08-31T21:18,2026-08-31,2026-10-06,37,37,0,729,729,100.0,729,0,0,Offline,True,True,False,VIA SUDESTE,
52915,25,2026-08-31T21:18,2026-08-31,2026-10-06,37,37,0,726,726,100.0,726,0,0,Offline,True,True,False,VIA SUDESTE,
52915,26,2026-08-31T21:18,2026-08-31,2026-10-06,37,36,1,711,711,100.0,711,0,0,Offline,True,True,False,VIA SUDESTE,
52916,25,2026-08-31T21:21,2026-08-31,2026-10-06,37,37,0,735,729,99.2,729,0,0,Offline,False,True,False,VIA SUDESTE,Via Sudeste Sapopemba
52919,26,2026-08-31T21:38,2026-08-31,2026-10-06,37,36,1,691,691,100.0,691,0,0,Offline,True,True,False,VIA SUDESTE,Via Sudeste Sapopemba
52920,23,2026-10-04T00:05,2026-10-04,2026-10-06,3,3,0,21,21,100.0,0,21,5,Erro SD + Gravação,True,False,False,VIA SUDESTE,Via Sudeste Sapopemba
52920,25,2026-10-04T00:05,2026-10-04,2026-10-06,3,3,0,21,21,100.0,0,21,5,Erro SD + Gravação,True,False,False,VIA SUDESTE,Via Sudeste Sapopemba
52921,21,,2026-10-06,2026-10-06,1,1,0,1,1,100.0,0,1,5,Erro SD + Gravação,True,False,False,VIA SUDESTE,
52921,25,2026-08-31T21:31,2026-08-31,2026-10-06,37,37,0,702,702,100.0,0,702,5,Erro SD + Gravação,True,True,False,VIA SUDESTE,
52921,26,2026-08-31T21:31,2026-08-31,2026-10-06,37,36,1,686,686,100.0,0,686,5,Erro SD + Gravação,True,True,False,VIA SUDESTE,
52922,22,,2026-10-06,2026-10-06,1,1,0,1,1,100.0,0,1,5,Erro SD + Gravação,True,False,False,VIA SUDESTE,Via Sudeste Sapopemba
52923,22,,2026-10-06,2026-10-06,1,1,0,1,1,100.0,0,1,5,Erro SD + Gravação,True,False,False,VIA SUDESTE,Via Sudeste Sapopemba
52925,22,2026-08-31T21:03,2026-08-31,2026-10-06,37,37,0,723,723,100.0,723,0,0,Offline,True,True,False,VIA SUDESTE,
52925,23,2026-08-31T21:03,2026-08-31,2026-10-06,37,37,0,729,729,100.0,729,0,0,Offline,True,True,False,VIA SUDESTE,
52925,24,2026-08-31T21:04,2026-08-31,2026-10-06,37,37,0,719,719,100.0,719,0,0,Offline,True,True,False,VIA SUDESTE,
52925,25,2026-08-31T21:04,2026-08-31,2026-10-06,37,37,0,736,736,100.0,736,0,0,Offline,True,True,False,VIA SUDESTE,
52928,22,2026-08-31T21:29,2026-08-31,2026-10-05,36,36,0,723,723,100.0,723,0,0,Offline,True,True,False,VIA SUDESTE,
52928,25,2026-08-31T21:29,2026-08-31,2026-10-05,36,36,0,725,725,100.0,725,0,0,Offline,True,True,False,VIA SUDESTE,
52928,26,2026-08-31T21:29,2026-08-31,2026-10-05,36,35,1,709,709,100.0,709,0,0,Offline,True,True,False,VIA SUDESTE,
52929,21,,2026-10-06,2026-10-06,1,1,0,1,1,100.0,0,1,5,Erro SD + Gravação,True,False,False,VIA SUDESTE,Via Sudeste Sapopemba
52929,25,2026-09-04T16:36,2026-09-04,2026-10-06,33,33,0,626,626,100.0,626,0,0,Offline,True,True,False,VIA SUDESTE,Via Sudeste Sapopemba
52930,23,2026-10-04T01:09,2026-10-04,2026-10-06,3,3,0,22,16,72.7,0,16,5,Erro SD + Gravação,False,False,False,VIA SUDESTE,Via Sudeste Sapopemba
52930,25,2026-08-31T21:54,2026-08-31,2026-10-06,37,37,0,725,702,96.8,702,0,0,Offline,False,True,False,VIA SUDESTE,Via Sudeste Sapopemba
52931,21,2026-08-31T21:52,2026-08-31,2026-10-06,37,32,5,649,649,100.0,649,0,0,Offline,True,True,False,VIA SUDESTE,
52931,22,2026-08-31T21:52,2026-08-31,2026-10-06,37,36,1,711,711,100.0,711,0,0,Offline,True,True,False,VIA SUDESTE,
52931,23,2026-08-31T21:52,2026-08-31,2026-10-06,37,36,1,718,718,100.0,718,0,0,Offline,True,True,False,VIA SUDESTE,
52931,24,2026-08-31T21:52,2026-08-31,2026-10-06,37,36,1,715,715,100.0,715,0,0,Offline,True,True,False,VIA SUDESTE,
52931,25,2026-08-31T21:52,2026-08-31,2026-10-06,37,36,1,716,716,100.0,716,0,0,Offline,True,True,False,VIA SUDESTE,
52931,26,2026-08-31T21:52,2026-08-31,2026-10-06,37,35,2,696,696,100.0,696,0,0,Offline,True,True,False,VIA SUDESTE,
52932,22,,2026-10-06,2026-10-06,1,1,0,1,1,100.0,1,0,0,Offline,True,False,False,VIA SUDESTE,Via Sudeste Sapopemba
52936,21,2026-08-31T21:59,2026-08-31,2026-10-06,37,33,4,658,658,100.0,213,445,5,Offline e Erro SD + Gravação,True,True,False,VIA SUDESTE,Via Sudeste Sapopemba
52936,22,2026-08-31T21:59,2026-08-31,2026-10-06,37,37,0,709,709,100.0,270,439,5,Offline e Erro SD + Gravação,True,True,False,VIA SUDESTE,Via Sudeste Sapopemba
52936,23,2026-09-20T22:24,2026-09-20,2026-10-06,17,17,0,287,265,92.3,265,0,0,Offline,False,False,False,VIA SUDESTE,Via Sudeste Sapopemba
52936,24,2026-08-31T21:59,2026-08-31,2026-10-06,37,37,0,712,712,100.0,266,446,5,Offline e Erro SD + Gravação,True,True,False,VIA SUDESTE,Via Sudeste Sapopemba
52936,25,2026-08-31T21:59,2026-08-31,2026-10-06,37,37,0,711,711,100.0,272,439,5,Offline e Erro SD + Gravação,True,True,False,VIA SUDESTE,Via Sudeste Sapopemba
52936,26,2026-08-31T21:59,2026-08-31,2026-10-06,37,36,1,695,695,100.0,251,444,5,Offline e Erro SD + Gravação,True,True,False,VIA SUDESTE,Via Sudeste Sapopemba
52937,25,2026-09-08T09:53,2026-09-08,2026-10-06,29,29,0,560,451,80.5,451,0,0,Offline,False,False,False,VIA SUDESTE,Via Sudeste Sapopemba
52937,26,2026-08-31T21:48,2026-08-31,2026-10-06,37,36,1,698,698,100.0,698,0,0,Offline,True,True,False,VIA SUDESTE,Via Sudeste Sapopemba
52938,23,2026-08-31T21:14,2026-08-31,2026-10-06,37,37,0,720,720,100.0,2,718,5,Offline e Erro SD + Gravação,True,True,False,VIA SUDESTE,
52940,21,2026-10-04T00:27,2026-10-04,2026-10-06,3,3,0,23,23,100.0,23,0,0,Offline,True,False,False,VIA SUDESTE,
52940,22,2026-10-04T00:30,2026-10-04,2026-10-06,3,3,0,18,18,100.0,18,0,0,Offline,True,False,False,VIA SUDESTE,
52940,23,2026-10-04T00:32,2026-10-04,2026-10-06,3,3,0,19,19,100.0,19,0,0,Offline,True,False,False,VIA SUDESTE,
52940,24,2026-10-04T00:34,2026-10-04,2026-10-06,3,3,0,19,19,100.0,19,0,0,Offline,True,False,False,VIA SUDESTE,
52940,25,2026-10-04T01:36,2026-10-04,2026-10-06,3,3,0,19,19,100.0,19,0,0,Offline,True,False,False,VIA SUDESTE,
52940,26,2026-10-04T00:38,2026-10-04,2026-10-06,3,3,0,21,21,100.0,21,0,0,Offline,True,False,False,VIA SUDESTE,
52941,21,2026-08-31T21:33,2026-08-31,2026-10-06,37,33,4,658,658,100.0,658,0,0,Offline,True,True,False,VIA SUDESTE,
52941,22,2026-08-31T21:33,2026-08-31,2026-10-06,37,37,0,724,724,100.0,724,0,0,Offline,True,True,False,VIA SUDESTE,
52941,23,2026-08-31T21:33,2026-08-31,2026-10-06,37,37,0,716,716,100.0,716,0,0,Offline,True,True,False,VIA SUDESTE,
52941,24,2026-08-31T21:34,2026-08-31,2026-10-06,37,37,0,726,726,100.0,726,0,0,Offline,True,True,False,VIA SUDESTE,
52941,25,2026-08-31T21:34,2026-08-31,2026-10-06,37,37,0,731,731,100.0,731,0,0,Offline,True,True,False,VIA SUDESTE,
52941,26,2026-08-31T22:34,2026-08-31,2026-10-06,37,36,1,703,703,100.0,703,0,0,Offline,True,True,False,VIA SUDESTE,
52942,25,2026-08-31T21:41,2026-08-31,2026-10-06,37,37,0,725,725,100.0,0,725,5,Erro SD + Gravação,True,True,False,VIA SUDESTE,
52942,26,2026-08-31T21:41,2026-08-31,2026-10-06,37,36,1,716,716,100.0,716,0,0,Offline,True,True,False,VIA SUDESTE,
52944,26,2026-08-31T21:05,2026-08-31,2026-10-06,37,36,1,700,700,100.0,700,0,0,Offline,True,True,False,VIA SUDESTE,Via Sudeste Sapopemba
52945,21,,2026-10-06,2026-10-06,1,1,0,1,1,100.0,0,1,5,Erro SD + Gravação,True,False,False,VIA SUDESTE,
52945,25,2026-09-29T15:32,2026-09-29,2026-10-06,8,8,0,83,73,88.0,72,1,5,Offline e Erro SD + Gravação,False,False,False,VIA SUDESTE,
52947,21,2026-09-26T01:24,2026-09-26,2026-10-06,11,7,4,97,95,97.9,95,0,0,Offline,False,False,False,VIA SUDESTE,Via Sudeste Sapopemba
52947,22,2026-09-26T01:24,2026-09-26,2026-10-06,11,11,0,147,145,98.6,145,0,0,Offline,False,False,False,VIA SUDESTE,Via Sudeste Sapopemba
52947,23,2026-09-26T01:24,2026-09-26,2026-10-06,11,11,0,147,145,98.6,145,0,0,Offline,False,False,False,VIA SUDESTE,Via Sudeste Sapopemba
56203,21,2026-08-31T21:03,2026-08-31,2026-09-28,29,29,0,647,647,100.0,647,0,0,Offline,True,True,False,TRANSUNIAO TRANSPORTES D7,
56203,22,2026-08-31T21:05,2026-08-31,2026-09-30,31,31,0,677,677,100.0,677,0,0,Offline,True,True,False,TRANSUNIAO TRANSPORTES D7,
56210,21,2026-08-31T21:46,2026-08-31,2026-09-28,29,29,0,647,647,100.0,647,0,0,Offline,True,True,False,TRANSUNIAO TRANSPORTES D7,
56210,22,2026-08-31T21:48,2026-08-31,2026-09-30,31,31,0,674,674,100.0,674,0,0,Offline,True,True,False,TRANSUNIAO TRANSPORTES D7,
56236,21,2026-08-31T21:49,2026-08-31,2026-09-28,29,29,0,643,643,100.0,643,0,0,Offline,True,True,False,TRANSUNIAO TRANSPORTES D7,
56236,22,2026-08-31T21:51,2026-08-31,2026-09-30,31,31,0,669,669,100.0,669,0,0,Offline,True,True,False,TRANSUNIAO TRANSPORTES D7,
56302,21,2026-08-31T21:13,2026-08-31,2026-09-28,29,29,0,647,647,100.0,647,0,0,Offline,True,True,False,TRANSUNIAO TRANSPORTES D7,
56302,22,2026-08-31T21:15,2026-08-31,2026-09-30,31,31,0,672,672,100.0,672,0,0,Offline,True,True,False,TRANSUNIAO TRANSPORTES D7,
56303,21,2026-08-31T21:52,2026-08-31,2026-09-28,29,29,0,646,646,100.0,646,0,0,Offline,True,True,False,TRANSUNIAO TRANSPORTES D7,
56303,22,2026-08-31T21:54,2026-08-31,2026-09-30,31,31,0,673,673,100.0,673,0,0,Offline,True,True,False,TRANSUNIAO TRANSPORTES D7,
61058,21,2026-08-31T23:35,2026-08-31,2026-10-06,37,33,4,650,650,100.0,650,0,0,Offline,True,True,False,VIACAO GRAJAU,Viação Grajaú
61058,22,2026-08-31T21:36,2026-08-31,2026-10-06,37,37,0,709,709,100.0,709,0,0,Offline,True,True,False,VIACAO GRAJAU,Viação Grajaú
61058,23,2026-10-03T21:34,2026-10-03,2026-10-06,4,4,0,27,27,100.0,27,0,0,Offline,True,False,False,VIACAO GRAJAU,Viação Grajaú
61058,24,2026-10-03T21:34,2026-10-03,2026-10-06,4,4,0,24,24,100.0,24,0,0,Offline,True,False,False,VIACAO GRAJAU,Viação Grajaú
61058,25,2026-09-08T06:48,2026-09-08,2026-10-06,29,29,0,545,537,98.5,537,0,0,Offline,False,False,False,VIACAO GRAJAU,Viação Grajaú
61058,26,2026-08-31T21:37,2026-08-31,2026-10-06,37,36,1,698,698,100.0,698,0,0,Offline,True,True,False,VIACAO GRAJAU,Viação Grajaú
61059,22,,2026-10-06,2026-10-06,1,1,0,1,1,100.0,1,0,0,Offline,True,False,False,VIACAO GRAJAU,Viação Grajaú
61060,25,2026-08-31T21:04,2026-08-31,2026-10-06,37,37,0,736,736,100.0,736,0,0,Offline,True,True,False,VIACAO GRAJAU,Viação Grajaú
61062,21,,2026-10-06,2026-10-06,1,1,0,1,1,100.0,1,0,0,Offline,True,False,False,VIACAO GRAJAU,Viação Grajaú
61062,26,2026-10-04T20:14,2026-10-04,2026-10-06,3,3,0,24,15,62.5,15,0,0,Offline,False,False,False,VIACAO GRAJAU,Viação Grajaú
61064,21,2026-09-04T09:43,2026-09-04,2026-10-06,33,29,4,578,578,100.0,578,0,0,Offline,True,True,False,VIACAO GRAJAU,Viação Grajaú
61064,22,2026-09-04T09:43,2026-09-04,2026-10-06,33,33,0,639,639,100.0,639,0,0,Offline,True,True,False,VIACAO GRAJAU,Viação Grajaú
61064,23,2026-09-04T09:43,2026-09-04,2026-10-06,33,33,0,639,639,100.0,639,0,0,Offline,True,True,False,VIACAO GRAJAU,Viação Grajaú
61064,24,2026-09-04T09:43,2026-09-04,2026-10-06,33,33,0,636,636,100.0,636,0,0,Offline,True,True,False,VIACAO GRAJAU,Viação Grajaú
61064,25,2026-09-04T09:43,2026-09-04,2026-10-06,33,33,0,656,656,100.0,656,0,0,Offline,True,True,False,VIACAO GRAJAU,Viação Grajaú
61064,26,2026-09-04T09:43,2026-09-04,2026-10-06,33,32,1,626,626,100.0,626,0,0,Offline,True,True,False,VIACAO GRAJAU,Viação Grajaú
61066,26,2026-08-31T21:23,2026-08-31,2026-10-06,37,36,1,718,718,100.0,718,0,0,Offline,True,True,False,VIACAO GRAJAU,Viação Grajaú
61069,22,2026-08-31T21:58,2026-08-31,2026-09-26,27,27,0,543,543,100.0,543,0,0,Offline,True,True,False,VIACAO GRAJAU,Viação Grajaú
61069,24,2026-08-31T21:58,2026-08-31,2026-09-26,27,27,0,547,547,100.0,547,0,0,Offline,True,True,False,VIACAO GRAJAU,Viação Grajaú
61071,22,,2026-10-06,2026-10-06,1,1,0,1,1,100.0,1,0,0,Offline,True,False,False,VIACAO GRAJAU,Viação Grajaú
61071,23,2026-08-31T21:06,2026-08-31,2026-10-06,37,37,0,715,715,100.0,715,0,0,Offline,True,True,False,VIACAO GRAJAU,Viação Grajaú
61071,26,2026-08-31T21:07,2026-08-31,2026-10-06,37,36,1,702,702,100.0,702,0,0,Offline,True,True,False,VIACAO GRAJAU,Viação Grajaú
61072,21,2026-10-05T02:08,2026-10-05,2026-10-06,2,2,0,12,9,75.0,9,0,0,Offline,False,False,False,VIACAO GRAJAU,Viação Grajaú
61072,22,2026-10-05T02:10,2026-10-05,2026-10-06,2,2,0,9,7,77.8,7,0,0,Offline,False,False,False,VIACAO GRAJAU,Viação Grajaú
61072,23,2026-10-05T02:13,2026-10-05,2026-10-06,2,2,0,13,9,69.2,9,0,0,Offline,False,False,False,VIACAO GRAJAU,Viação Grajaú
61072,24,2026-10-05T02:15,2026-10-05,2026-10-06,2,2,0,9,7,77.8,7,0,0,Offline,False,False,False,VIACAO GRAJAU,Viação Grajaú
61072,25,2026-10-05T02:17,2026-10-05,2026-10-06,2,2,0,9,7,77.8,7,0,0,Offline,False,False,False,VIACAO GRAJAU,Viação Grajaú
61072,26,2026-09-03T11:13,2026-09-03,2026-10-06,34,33,1,627,598,95.4,559,39,5,Offline e Erro SD + Gravação,False,False,False,VIACAO GRAJAU,Viação Grajaú
61073,25,2026-09-27T18:18,2026-09-27,2026-10-06,10,10,0,143,125,87.4,125,0,0,Offline,False,False,False,VIACAO GRAJAU,Viação Grajaú
61214,22,,2026-10-06,2026-10-06,1,1,0,1,1,100.0,1,0,0,Offline,True,False,False,VIACAO GRAJAU,
61218,21,2026-08-31T21:31,2026-08-31,2026-10-06,37,33,4,661,661,100.0,2,659,5,Offline e Erro SD + Gravação,True,True,False,VIACAO GRAJAU,Viação Grajaú
61218,22,2026-08-31T21:31,2026-08-31,2026-10-06,37,37,0,736,736,100.0,735,1,5,Offline e Erro SD + Gravação,True,True,False,VIACAO GRAJAU,Viação Grajaú
61218,23,2026-08-31T21:31,2026-08-31,2026-10-06,37,37,0,715,715,100.0,715,0,0,Offline,True,True,False,VIACAO GRAJAU,Viação Grajaú
61224,21,2026-08-31T21:11,2026-08-31,2026-10-06,37,33,4,662,662,100.0,662,0,0,Offline,True,True,False,VIACAO GRAJAU,Viação Grajaú
61224,22,2026-08-31T21:11,2026-08-31,2026-10-06,37,37,0,728,728,100.0,728,0,0,Offline,True,True,False,VIACAO GRAJAU,Viação Grajaú
61224,23,2026-08-31T21:11,2026-08-31,2026-10-06,37,37,0,726,726,100.0,726,0,0,Offline,True,True,False,VIACAO GRAJAU,Viação Grajaú
61227,21,2026-08-31T21:24,2026-08-31,2026-10-06,37,33,4,643,643,100.0,643,0,0,Offline,True,True,False,VIACAO GRAJAU,Viação Grajaú
61227,22,2026-08-31T21:24,2026-08-31,2026-10-06,37,37,0,702,702,100.0,702,0,0,Offline,True,True,False,VIACAO GRAJAU,Viação Grajaú
61227,23,2026-08-31T21:24,2026-08-31,2026-10-06,37,37,0,701,701,100.0,701,0,0,Offline,True,True,False,VIACAO GRAJAU,Viação Grajaú
61230,22,,2026-10-06,2026-10-06,1,1,0,1,1,100.0,1,0,0,Offline,True,False,False,VIACAO GRAJAU,Viação Grajaú
61236,23,2026-10-01T08:59,2026-10-01,2026-10-06,6,6,0,46,43,93.5,43,0,0,Offline,False,False,False,VIACAO GRAJAU,Viação Grajaú
61242,23,2026-09-23T03:47,2026-09-23,2026-09-25,3,3,0,71,68,95.8,68,0,0,Offline,False,False,False,VIACAO GRAJAU,Viação Grajaú
61244,21,2026-10-03T21:20,2026-10-03,2026-10-06,4,4,0,26,26,100.0,0,26,5,Erro SD + Gravação,True,False,False,VIACAO GRAJAU,Viação Grajaú
61244,22,2026-08-31T21:06,2026-08-31,2026-10-06,37,37,0,729,729,100.0,126,603,5,Offline e Erro SD + Gravação,True,True,False,VIACAO GRAJAU,Viação Grajaú
61250,21,,2026-10-06,2026-10-06,1,1,0,1,1,100.0,1,0,0,Offline,True,False,False,VIACAO GRAJAU,Viação Grajaú
61261,22,,2026-10-06,2026-10-06,1,1,0,1,1,100.0,0,1,5,Erro SD + Gravação,True,False,False,VIACAO GRAJAU,Viação Grajaú
61269,22,,2026-10-06,2026-10-06,1,1,0,1,1,100.0,0,1,5,Erro SD + Gravação,True,False,False,VIACAO GRAJAU,Viação Grajaú
61271,23,2026-09-15T21:28,2026-09-15,2026-10-06,22,22,0,388,388,100.0,207,181,5,Offline e Erro SD + Gravação,True,False,False,VIACAO GRAJAU,Viação Grajaú
61274,23,2026-08-31T21:09,2026-08-31,2026-10-06,37,37,0,726,726,100.0,0,726,5,Erro SD + Gravação,True,True,False,VIACAO GRAJAU,Viação Grajaú
61275,21,2026-10-03T22:50,2026-10-03,2026-10-06,4,4,0,26,26,100.0,26,0,0,Offline,True,False,False,VIACAO GRAJAU,
61282,23,2026-08-31T21:04,2026-08-31,2026-10-06,37,36,1,695,695,100.0,0,695,5,Erro SD + Gravação,True,True,False,VIACAO GRAJAU,Viação Grajaú
61290,23,2026-08-31T22:55,2026-08-31,2026-10-06,37,37,0,722,722,100.0,0,722,5,Erro SD + Gravação,True,True,False,VIACAO GRAJAU,Viação Grajaú
61293,23,2026-09-24T12:20,2026-09-24,2026-10-06,13,11,2,95,95,100.0,0,95,5,Erro SD + Gravação,True,True,False,VIACAO GRAJAU,
61299,21,,2026-10-06,2026-10-06,1,1,0,1,1,100.0,0,1,5,Erro SD + Gravação,True,False,False,VIACAO GRAJAU,Viação Grajaú
61299,23,2026-08-31T21:21,2026-08-31,2026-10-06,37,37,0,704,704,100.0,1,703,5,Offline e Erro SD + Gravação,True,True,False,VIACAO GRAJAU,Viação Grajaú
61300,21,2026-09-10T03:57,2026-09-10,2026-10-06,27,23,4,445,442,99.3,330,112,5,Offline e Erro SD + Gravação,False,False,False,VIACAO GRAJAU,Viação Grajaú
61300,22,2026-08-31T21:26,2026-08-31,2026-10-06,37,37,0,715,715,100.0,0,715,5,Erro SD + Gravação,True,True,False,VIACAO GRAJAU,Viação Grajaú
61302,23,2026-08-31T21:30,2026-08-31,2026-10-06,37,37,0,728,728,100.0,1,727,5,Offline e Erro SD + Gravação,True,True,False,VIACAO GRAJAU,Viação Grajaú
61303,21,2026-09-15T21:23,2026-09-15,2026-09-28,14,14,0,310,310,100.0,310,0,0,Offline,True,False,False,VIACAO GRAJAU,
61308,23,2026-09-08T07:39,2026-09-08,2026-10-06,29,29,0,520,520,100.0,3,517,5,Offline e Erro SD + Gravação,True,False,False,VIACAO GRAJAU,Viação Grajaú
61308,25,2026-08-31T21:32,2026-08-31,2026-10-06,37,37,0,692,692,100.0,692,0,0,Offline,True,True,False,VIACAO GRAJAU,Viação Grajaú
61309,22,,2026-10-06,2026-10-06,1,1,0,1,1,100.0,1,0,0,Offline,True,False,False,VIACAO GRAJAU,Viação Grajaú
61309,23,2026-08-31T21:22,2026-08-31,2026-10-06,37,37,0,719,719,100.0,719,0,0,Offline,True,True,False,VIACAO GRAJAU,Viação Grajaú
61311,21,2026-09-16T12:15,2026-09-16,2026-10-06,21,17,4,331,163,49.2,163,0,0,Offline,False,False,False,VIACAO GRAJAU,Viação Grajaú
61311,22,2026-09-19T12:41,2026-09-19,2026-10-06,18,18,0,324,178,54.9,178,0,0,Offline,False,False,False,VIACAO GRAJAU,Viação Grajaú
61311,23,2026-09-19T09:37,2026-09-19,2026-10-06,18,18,0,319,177,55.5,177,0,0,Offline,False,False,False,VIACAO GRAJAU,Viação Grajaú
61311,24,2026-09-19T09:37,2026-09-19,2026-10-06,18,18,0,309,165,53.4,165,0,0,Offline,False,False,False,VIACAO GRAJAU,Viação Grajaú
61311,25,2026-09-19T09:38,2026-09-19,2026-10-06,18,18,0,317,175,55.2,175,0,0,Offline,False,False,False,VIACAO GRAJAU,Viação Grajaú
61311,26,2026-09-19T09:38,2026-09-19,2026-10-06,18,16,2,281,147,52.3,147,0,0,Offline,False,False,False,VIACAO GRAJAU,Viação Grajaú
61316,24,2026-08-31T21:32,2026-08-31,2026-10-06,37,35,2,664,664,100.0,382,282,5,Offline e Erro SD + Gravação,True,True,False,VIACAO GRAJAU,Viação Grajaú
61316,26,2026-09-30T17:38,2026-09-30,2026-10-06,7,6,1,49,35,71.4,35,0,0,Offline,False,False,False,VIACAO GRAJAU,Viação Grajaú
61320,21,2026-08-31T21:40,2026-08-31,2026-10-06,37,33,4,664,664,100.0,664,0,0,Offline,True,True,False,VIACAO GRAJAU,Viação Grajaú
61320,22,2026-08-31T21:40,2026-08-31,2026-10-06,37,37,0,730,730,100.0,730,0,0,Offline,True,True,False,VIACAO GRAJAU,Viação Grajaú
61320,23,2026-08-31T21:40,2026-08-31,2026-10-06,37,37,0,730,730,100.0,730,0,0,Offline,True,True,False,VIACAO GRAJAU,Viação Grajaú
61320,24,2026-08-31T21:40,2026-08-31,2026-10-06,37,37,0,727,727,100.0,727,0,0,Offline,True,True,False,VIACAO GRAJAU,Viação Grajaú
61320,25,2026-08-31T21:40,2026-08-31,2026-10-06,37,37,0,732,732,100.0,732,0,0,Offline,True,True,False,VIACAO GRAJAU,Viação Grajaú
61320,26,2026-08-31T21:40,2026-08-31,2026-10-06,37,36,1,691,691,100.0,691,0,0,Offline,True,True,False,VIACAO GRAJAU,Viação Grajaú
61322,21,,2026-10-06,2026-10-06,1,1,0,1,1,100.0,1,0,0,Offline,True,False,False,VIACAO GRAJAU,Viação Grajaú
61324,22,,2026-10-06,2026-10-06,1,1,0,1,1,100.0,1,0,0,Offline,True,False,False,VIACAO GRAJAU,Viação Grajaú
61328,23,2026-08-31T21:45,2026-08-31,2026-10-06,37,37,0,696,696,100.0,44,652,5,Offline e Erro SD + Gravação,True,True,False,VIACAO GRAJAU,Viação Grajaú
61328,24,2026-09-21T07:13,2026-09-21,2026-10-06,16,16,0,273,268,98.2,268,0,0,Offline,False,False,False,VIACAO GRAJAU,Viação Grajaú
61328,26,2026-08-31T21:45,2026-08-31,2026-10-06,37,36,1,674,674,100.0,674,0,0,Offline,True,True,False,VIACAO GRAJAU,Viação Grajaú
61329,23,2026-10-05T05:59,2026-10-05,2026-10-06,2,2,0,9,6,66.7,0,6,5,Erro SD + Gravação,False,False,False,VIACAO GRAJAU,Viação Grajaú
61330,22,,2026-10-06,2026-10-06,1,1,0,1,1,100.0,1,0,0,Offline,True,False,False,VIACAO GRAJAU,
61330,25,2026-08-31T21:46,2026-08-31,2026-10-06,37,37,0,722,688,95.3,12,676,5,Offline e Erro SD + Gravação,False,True,False,VIACAO GRAJAU,
61331,21,,2026-10-06,2026-10-06,1,1,0,1,1,100.0,1,0,0,Offline,True,False,False,VIACAO GRAJAU,Viação Grajaú
61331,22,,2026-10-06,2026-10-06,1,1,0,1,1,100.0,1,0,0,Offline,True,False,False,VIACAO GRAJAU,Viação Grajaú
61331,23,,2026-10-06,2026-10-06,1,1,0,1,1,100.0,1,0,0,Offline,True,False,False,VIACAO GRAJAU,Viação Grajaú
61331,24,2026-09-11T10:52,2026-09-11,2026-10-06,26,26,0,477,467,97.9,467,0,0,Offline,False,False,False,VIACAO GRAJAU,Viação Grajaú
61331,26,2026-08-31T21:53,2026-08-31,2026-10-06,37,35,2,681,681,100.0,681,0,0,Offline,True,True,False,VIACAO GRAJAU,Viação Grajaú
61333,22,,2026-10-06,2026-10-06,1,1,0,1,1,100.0,1,0,0,Offline,True,False,False,VIACAO GRAJAU,Viação Grajaú
61333,26,2026-08-31T21:33,2026-08-31,2026-10-06,37,34,3,605,605,100.0,605,0,0,Offline,True,True,False,VIACAO GRAJAU,Viação Grajaú
61334,24,,2026-10-06,2026-10-06,1,1,0,1,1,100.0,0,1,5,Erro SD + Gravação,True,False,False,VIACAO GRAJAU,Viação Grajaú
61334,26,2026-09-21T08:22,2026-09-21,2026-10-06,16,14,2,200,164,82.0,164,0,0,Offline,False,False,False,VIACAO GRAJAU,Viação Grajaú
61336,24,2026-09-25T00:06,2026-09-25,2026-10-06,12,12,0,179,174,97.2,174,0,0,Offline,False,False,False,VIACAO GRAJAU,Viação Grajaú
61336,26,2026-09-05T09:40,2026-09-05,2026-10-06,32,30,2,584,575,98.5,575,0,0,Offline,False,False,False,VIACAO GRAJAU,Viação Grajaú
61337,23,2026-09-03T18:25,2026-09-03,2026-10-06,34,34,0,659,641,97.3,641,0,0,Offline,False,False,False,VIACAO GRAJAU,Viação Grajaú
61337,26,2026-09-04T16:27,2026-09-04,2026-10-06,33,31,2,579,563,97.2,563,0,0,Offline,False,False,False,VIACAO GRAJAU,Viação Grajaú
61339,26,2026-09-26T19:04,2026-09-26,2026-10-06,11,9,2,113,94,83.2,94,0,0,Offline,False,False,False,VIACAO GRAJAU,Viação Grajaú
61340,22,,2026-10-06,2026-10-06,1,1,0,1,1,100.0,1,0,0,Offline,True,False,False,VIACAO GRAJAU,Viação Grajaú
61342,21,2026-10-05T06:26,2026-10-05,2026-10-06,2,2,0,10,5,50.0,5,0,0,Offline,False,False,False,VIACAO GRAJAU,Viação Grajaú
61342,22,2026-10-05T06:28,2026-10-05,2026-10-06,2,2,0,12,6,50.0,6,0,0,Offline,False,False,False,VIACAO GRAJAU,Viação Grajaú
61342,23,2026-10-05T06:31,2026-10-05,2026-10-06,2,2,0,9,5,55.6,5,0,0,Offline,False,False,False,VIACAO GRAJAU,Viação Grajaú
61342,24,2026-08-31T21:56,2026-08-31,2026-10-06,37,37,0,721,721,100.0,721,0,0,Offline,True,True,False,VIACAO GRAJAU,Viação Grajaú
61342,25,2026-10-05T07:35,2026-10-05,2026-10-06,2,2,0,9,4,44.4,4,0,0,Offline,False,False,False,VIACAO GRAJAU,Viação Grajaú
61342,26,2026-10-04T01:23,2026-10-04,2026-10-06,3,3,0,20,20,100.0,20,0,0,Offline,True,False,False,VIACAO GRAJAU,Viação Grajaú
61343,22,,2026-10-06,2026-10-06,1,1,0,1,1,100.0,0,1,5,Erro SD + Gravação,True,False,False,VIACAO GRAJAU,Viação Grajaú
61344,22,,2026-10-06,2026-10-06,1,1,0,1,1,100.0,1,0,0,Offline,True,False,False,VIACAO GRAJAU,
61345,22,2026-10-05T04:02,2026-10-05,2026-10-06,2,2,0,10,3,30.0,3,0,0,Offline,False,False,False,VIACAO GRAJAU,Viação Grajaú
61345,23,2026-08-31T21:12,2026-08-31,2026-10-06,37,37,0,670,670,100.0,207,463,5,Offline e Erro SD + Gravação,True,True,False,VIACAO GRAJAU,Viação Grajaú
61349,21,2026-08-31T21:14,2026-08-31,2026-10-06,37,33,4,658,658,100.0,658,0,0,Offline,True,True,False,VIACAO GRAJAU,Viação Grajaú
61349,22,2026-08-31T21:14,2026-08-31,2026-10-06,37,37,0,726,726,100.0,726,0,0,Offline,True,True,False,VIACAO GRAJAU,Viação Grajaú
61349,23,2026-08-31T21:14,2026-08-31,2026-10-06,37,37,0,719,719,100.0,719,0,0,Offline,True,True,False,VIACAO GRAJAU,Viação Grajaú
61349,25,2026-08-31T21:15,2026-08-31,2026-10-06,37,37,0,725,725,100.0,725,0,0,Offline,True,True,False,VIACAO GRAJAU,Viação Grajaú
61350,22,,2026-10-06,2026-10-06,1,1,0,1,1,100.0,0,1,5,Erro SD + Gravação,True,False,False,VIACAO GRAJAU,Viação Grajaú
61351,22,,2026-10-06,2026-10-06,1,1,0,1,1,100.0,1,0,0,Offline,True,False,False,VIACAO GRAJAU,
61353,23,2026-08-31T21:42,2026-08-31,2026-10-06,37,37,0,728,728,100.0,728,0,0,Offline,True,True,False,VIACAO GRAJAU,Viação Grajaú
61354,21,2026-08-31T21:11,2026-08-31,2026-10-06,37,33,4,650,650,100.0,650,0,0,Offline,True,True,False,VIACAO GRAJAU,Viação Grajaú
61354,22,2026-08-31T21:14,2026-08-31,2026-10-06,37,37,0,708,708,100.0,708,0,0,Offline,True,True,False,VIACAO GRAJAU,Viação Grajaú
61354,23,2026-08-31T21:16,2026-08-31,2026-10-06,37,37,0,718,718,100.0,718,0,0,Offline,True,True,False,VIACAO GRAJAU,Viação Grajaú
61354,24,2026-08-31T21:18,2026-08-31,2026-10-06,37,37,0,728,728,100.0,728,0,0,Offline,True,True,False,VIACAO GRAJAU,Viação Grajaú
61354,25,2026-08-31T21:20,2026-08-31,2026-10-06,37,37,0,729,729,100.0,729,0,0,Offline,True,True,False,VIACAO GRAJAU,Viação Grajaú
61354,26,2026-08-31T21:23,2026-08-31,2026-10-06,37,35,2,673,673,100.0,673,0,0,Offline,True,True,False,VIACAO GRAJAU,Viação Grajaú
61355,25,2026-09-11T06:00,2026-09-11,2026-10-06,26,26,0,490,485,99.0,485,0,0,Offline,False,False,False,VIACAO GRAJAU,Viação Grajaú
61375,21,2026-08-31T21:29,2026-08-31,2026-10-06,37,33,4,667,667,100.0,667,0,0,Offline,True,True,False,VIACAO GRAJAU,Viação Grajaú
61375,22,2026-08-31T21:29,2026-08-31,2026-10-06,37,37,0,722,722,100.0,722,0,0,Offline,True,True,False,VIACAO GRAJAU,Viação Grajaú
61375,23,2026-08-31T21:29,2026-08-31,2026-10-06,37,37,0,732,732,100.0,732,0,0,Offline,True,True,False,VIACAO GRAJAU,Viação Grajaú
61375,24,2026-08-31T21:29,2026-08-31,2026-10-06,37,37,0,727,727,100.0,727,0,0,Offline,True,True,False,VIACAO GRAJAU,Viação Grajaú
61375,25,2026-08-31T21:29,2026-08-31,2026-10-06,37,37,0,739,739,100.0,739,0,0,Offline,True,True,False,VIACAO GRAJAU,Viação Grajaú
61375,26,2026-08-31T21:29,2026-08-31,2026-10-06,37,34,3,678,678,100.0,678,0,0,Offline,True,True,False,VIACAO GRAJAU,Viação Grajaú
61377,24,2026-10-04T18:53,2026-10-04,2026-10-06,3,3,0,22,17,77.3,17,0,0,Offline,False,False,False,VIACAO GRAJAU,Viação Grajaú
61379,25,2026-10-01T19:12,2026-10-01,2026-10-06,6,6,0,47,27,57.4,7,20,5,Offline e Erro SD + Gravação,False,False,False,VIACAO GRAJAU,Viação Grajaú
61379,26,2026-09-15T21:15,2026-09-15,2026-10-06,22,20,2,290,290,100.0,290,0,0,Offline,True,False,False,VIACAO GRAJAU,Viação Grajaú
61401,21,,2026-10-06,2026-10-06,1,1,0,1,1,100.0,0,1,5,Erro SD + Gravação,True,False,False,VIACAO GRAJAU,Viação Grajaú
61405,21,2026-09-28T06:06,2026-09-28,2026-10-06,9,4,5,19,6,31.6,0,6,5,Erro SD + Gravação,False,False,False,VIACAO GRAJAU,
61405,23,2026-08-31T22:06,2026-08-31,2026-10-06,37,33,4,330,330,100.0,297,33,5,Offline e Erro SD + Gravação,True,True,False,VIACAO GRAJAU,
61408,23,,2026-10-06,2026-10-06,1,1,0,1,1,100.0,0,1,5,Erro SD + Gravação,True,False,False,VIACAO GRAJAU,Viação Grajaú
61409,23,2026-08-31T21:12,2026-08-31,2026-10-06,37,31,6,471,471,100.0,0,471,5,Erro SD + Gravação,True,True,False,VIACAO GRAJAU,Viação Grajaú
61410,22,,2026-10-06,2026-10-06,1,1,0,1,1,100.0,0,1,5,Erro SD + Gravação,True,False,False,VIACAO GRAJAU,Viação Grajaú
61410,23,2026-09-08T06:51,2026-09-08,2026-10-06,29,29,0,340,339,99.7,1,338,5,Offline e Erro SD + Gravação,False,False,False,VIACAO GRAJAU,Viação Grajaú
61412,21,2026-09-25T22:52,2026-09-25,2026-10-06,12,8,4,118,75,63.6,75,0,0,Offline,False,False,False,VIACAO GRAJAU,
61412,22,2026-09-25T22:54,2026-09-25,2026-10-06,12,12,0,188,145,77.1,145,0,0,Offline,False,False,False,VIACAO GRAJAU,
61412,23,2026-09-25T22:56,2026-09-25,2026-10-06,12,12,0,178,135,75.8,135,0,0,Offline,False,False,False,VIACAO GRAJAU,
61417,22,2026-09-10T23:42,2026-09-10,2026-10-06,27,27,0,404,372,92.1,2,370,5,Offline e Erro SD + Gravação,False,False,False,VIACAO GRAJAU,Viação Grajaú
61420,22,2026-08-31T21:07,2026-08-31,2026-10-06,37,37,0,724,715,98.8,715,0,0,Offline,False,True,False,VIACAO GRAJAU,Viação Grajaú
61425,21,2026-10-03T21:30,2026-10-03,2026-10-06,4,4,0,24,24,100.0,24,0,0,Offline,True,False,False,VIACAO GRAJAU,Viação Grajaú
61426,23,2026-10-03T23:18,2026-10-03,2026-10-06,4,4,0,18,5,27.8,5,0,0,Offline,False,False,False,VIACAO GRAJAU,
61431,21,2026-09-28T20:00,2026-09-28,2026-10-06,9,4,5,19,10,52.6,10,0,0,Offline,False,False,False,VIACAO GRAJAU,Viação Grajaú
61432,21,2026-09-26T18:17,2026-09-26,2026-10-06,11,7,4,91,73,80.2,1,72,5,Offline e Erro SD + Gravação,False,False,False,VIACAO GRAJAU,
61433,23,2026-09-16T00:09,2026-09-16,2026-10-06,21,21,0,392,392,100.0,392,0,0,Offline,True,False,False,VIACAO GRAJAU,
61437,23,2026-09-18T08:28,2026-09-18,2026-10-06,19,19,0,329,208,63.2,208,0,0,Offline,False,False,False,VIACAO GRAJAU,
61438,23,2026-09-20T19:25,2026-09-20,2026-10-06,17,17,0,291,273,93.8,0,273,5,Erro SD + Gravação,False,False,False,VIACAO GRAJAU,
61440,21,,2026-10-06,2026-10-06,1,1,0,1,1,100.0,1,0,0,Offline,True,False,False,VIACAO GRAJAU,Viação Grajaú
61443,23,2026-08-31T21:42,2026-08-31,2026-10-06,37,37,0,739,739,100.0,117,622,5,Offline e Erro SD + Gravação,True,True,False,VIACAO GRAJAU,Viação Grajaú
61445,23,2026-08-31T21:36,2026-08-31,2026-10-06,37,37,0,727,727,100.0,0,727,5,Erro SD + Gravação,True,True,False,VIACAO GRAJAU,
61448,23,2026-08-31T21:56,2026-08-31,2026-10-06,37,37,0,723,723,100.0,0,723,5,Erro SD + Gravação,True,True,False,VIACAO GRAJAU,Viação Grajaú
61449,21,2026-10-04T01:06,2026-10-04,2026-10-06,3,3,0,8,4,50.0,3,1,5,Offline e Erro SD + Gravação,False,False,False,VIACAO GRAJAU,Viação Grajaú
61449,22,2026-09-22T14:47,2026-09-22,2026-10-06,15,15,0,218,204,93.6,9,195,5,Offline e Erro SD + Gravação,False,False,False,VIACAO GRAJAU,Viação Grajaú
61449,23,2026-10-05T09:45,2026-10-05,2026-10-06,2,2,0,5,2,40.0,2,0,0,Offline,False,False,False,VIACAO GRAJAU,Viação Grajaú
61450,21,2026-08-31T22:26,2026-08-31,2026-10-06,37,32,5,457,457,100.0,1,456,5,Offline e Erro SD + Gravação,True,True,False,VIACAO GRAJAU,Viação Grajaú
61450,22,2026-09-03T00:01,2026-09-03,2026-10-06,34,33,1,488,488,100.0,1,487,5,Offline e Erro SD + Gravação,True,False,False,VIACAO GRAJAU,Viação Grajaú
61450,23,2026-08-31T22:26,2026-08-31,2026-10-06,37,36,1,514,514,100.0,0,514,5,Erro SD + Gravação,True,True,False,VIACAO GRAJAU,Viação Grajaú
61452,21,2026-09-09T02:30,2026-09-09,2026-10-06,28,22,6,305,249,81.6,85,164,5,Offline e Erro SD + Gravação,False,False,False,VIACAO GRAJAU,Viação Grajaú
61452,22,2026-09-12T13:16,2026-09-12,2026-10-06,25,23,2,334,301,90.1,75,226,5,Offline e Erro SD + Gravação,False,False,False,VIACAO GRAJAU,Viação Grajaú
61452,23,2026-09-09T02:30,2026-09-09,2026-10-06,28,26,2,364,273,75.0,76,197,5,Offline e Erro SD + Gravação,False,False,False,VIACAO GRAJAU,Viação Grajaú
61455,23,2026-08-31T21:56,2026-08-31,2026-10-06,37,37,0,715,715,100.0,0,715,5,Erro SD + Gravação,True,True,False,VIACAO GRAJAU,Viação Grajaú
61456,22,,2026-10-06,2026-10-06,1,1,0,1,1,100.0,0,1,5,Erro SD + Gravação,True,False,False,VIACAO GRAJAU,
61459,21,2026-09-28T12:33,2026-09-28,2026-10-06,9,5,4,37,37,100.0,37,0,0,Offline,True,True,False,VIACAO GRAJAU,
61459,22,2026-09-28T12:33,2026-09-28,2026-10-06,9,9,0,86,86,100.0,86,0,0,Offline,True,True,False,VIACAO GRAJAU,
61459,23,2026-09-28T12:33,2026-09-28,2026-10-06,9,9,0,98,98,100.0,98,0,0,Offline,True,True,False,VIACAO GRAJAU,
61459,24,2026-09-28T12:33,2026-09-28,2026-10-06,9,9,0,96,96,100.0,96,0,0,Offline,True,True,False,VIACAO GRAJAU,
61459,25,2026-09-28T12:33,2026-09-28,2026-10-06,9,9,0,100,100,100.0,100,0,0,Offline,True,True,False,VIACAO GRAJAU,
61459,26,2026-09-28T12:33,2026-09-28,2026-10-06,9,7,2,48,48,100.0,48,0,0,Offline,True,True,False,VIACAO GRAJAU,
61460,21,2026-09-28T12:37,2026-09-28,2026-10-06,9,5,4,32,32,100.0,32,0,0,Offline,True,True,False,VIACAO GRAJAU,
61460,22,2026-09-28T12:37,2026-09-28,2026-10-06,9,9,0,89,89,100.0,89,0,0,Offline,True,True,False,VIACAO GRAJAU,
61460,23,2026-09-28T12:37,2026-09-28,2026-10-06,9,9,0,96,96,100.0,96,0,0,Offline,True,True,False,VIACAO GRAJAU,
61460,24,2026-09-28T12:37,2026-09-28,2026-10-06,9,9,0,105,105,100.0,105,0,0,Offline,True,True,False,VIACAO GRAJAU,
61460,25,2026-09-28T12:37,2026-09-28,2026-10-06,9,9,0,101,101,100.0,101,0,0,Offline,True,True,False,VIACAO GRAJAU,
61460,26,2026-09-28T12:37,2026-09-28,2026-10-06,9,7,2,48,48,100.0,48,0,0,Offline,True,True,False,VIACAO GRAJAU,
61461,21,2026-09-28T13:57,2026-09-28,2026-10-06,9,5,4,30,30,100.0,30,0,0,Offline,True,True,False,VIACAO GRAJAU,
61461,22,2026-09-28T13:58,2026-09-28,2026-10-06,9,9,0,86,86,100.0,86,0,0,Offline,True,True,False,VIACAO GRAJAU,
61461,23,2026-09-28T13:58,2026-09-28,2026-10-06,9,9,0,87,87,100.0,87,0,0,Offline,True,True,False,VIACAO GRAJAU,
61461,24,2026-09-28T13:58,2026-09-28,2026-10-06,9,9,0,83,83,100.0,83,0,0,Offline,True,True,False,VIACAO GRAJAU,
61461,25,2026-09-28T13:58,2026-09-28,2026-10-06,9,9,0,96,96,100.0,96,0,0,Offline,True,True,False,VIACAO GRAJAU,
61461,26,2026-09-28T13:58,2026-09-28,2026-10-06,9,7,2,45,45,100.0,45,0,0,Offline,True,True,False,VIACAO GRAJAU,
61462,21,2026-09-28T13:08,2026-09-28,2026-10-06,9,5,4,32,32,100.0,32,0,0,Offline,True,True,False,VIACAO GRAJAU,
61462,22,2026-09-28T13:08,2026-09-28,2026-10-06,9,9,0,93,93,100.0,93,0,0,Offline,True,True,False,VIACAO GRAJAU,
61462,23,2026-09-28T13:08,2026-09-28,2026-10-06,9,9,0,96,96,100.0,96,0,0,Offline,True,True,False,VIACAO GRAJAU,
61462,24,2026-09-28T13:08,2026-09-28,2026-10-06,9,9,0,96,96,100.0,96,0,0,Offline,True,True,False,VIACAO GRAJAU,
61462,25,2026-09-28T13:08,2026-09-28,2026-10-06,9,9,0,102,102,100.0,102,0,0,Offline,True,True,False,VIACAO GRAJAU,
61462,26,2026-09-28T13:08,2026-09-28,2026-10-06,9,7,2,49,49,100.0,49,0,0,Offline,True,True,False,VIACAO GRAJAU,
61465,21,2026-09-28T12:27,2026-09-28,2026-10-06,9,5,4,33,33,100.0,33,0,0,Offline,True,True,False,VIACAO GRAJAU,
61465,22,2026-09-28T12:27,2026-09-28,2026-10-06,9,9,0,93,93,100.0,93,0,0,Offline,True,True,False,VIACAO GRAJAU,
61465,23,2026-09-28T12:27,2026-09-28,2026-10-06,9,9,0,100,100,100.0,100,0,0,Offline,True,True,False,VIACAO GRAJAU,
61465,24,2026-09-28T12:27,2026-09-28,2026-10-06,9,9,0,93,93,100.0,93,0,0,Offline,True,True,False,VIACAO GRAJAU,
61465,25,2026-09-28T12:28,2026-09-28,2026-10-06,9,9,0,107,107,100.0,107,0,0,Offline,True,True,False,VIACAO GRAJAU,
61465,26,2026-09-28T12:28,2026-09-28,2026-10-06,9,7,2,53,53,100.0,53,0,0,Offline,True,True,False,VIACAO GRAJAU,
61468,21,2026-09-28T12:16,2026-09-28,2026-10-06,9,5,4,33,33,100.0,33,0,0,Offline,True,True,False,VIACAO GRAJAU,
61468,22,2026-09-28T12:16,2026-09-28,2026-10-06,9,9,0,90,90,100.0,90,0,0,Offline,True,True,False,VIACAO GRAJAU,
61468,23,2026-09-28T12:16,2026-09-28,2026-10-06,9,9,0,99,99,100.0,99,0,0,Offline,True,True,False,VIACAO GRAJAU,
61468,24,2026-09-28T12:16,2026-09-28,2026-10-06,9,9,0,86,86,100.0,86,0,0,Offline,True,True,False,VIACAO GRAJAU,
61468,25,2026-09-28T12:16,2026-09-28,2026-10-06,9,9,0,100,100,100.0,100,0,0,Offline,True,True,False,VIACAO GRAJAU,
61468,26,2026-09-28T12:16,2026-09-28,2026-10-06,9,7,2,50,50,100.0,50,0,0,Offline,True,True,False,VIACAO GRAJAU,
61469,21,2026-09-28T13:14,2026-09-28,2026-10-06,9,5,4,27,27,100.0,27,0,0,Offline,True,True,False,VIACAO GRAJAU,
61469,22,2026-09-28T13:14,2026-09-28,2026-10-06,9,9,0,103,103,100.0,103,0,0,Offline,True,True,False,VIACAO GRAJAU,
61469,23,2026-09-28T13:14,2026-09-28,2026-10-06,9,9,0,94,94,100.0,94,0,0,Offline,True,True,False,VIACAO GRAJAU,
61469,24,2026-09-28T13:14,2026-09-28,2026-10-06,9,9,0,90,90,100.0,90,0,0,Offline,True,True,False,VIACAO GRAJAU,
61469,25,2026-09-28T13:14,2026-09-28,2026-10-06,9,9,0,93,93,100.0,93,0,0,Offline,True,True,False,VIACAO GRAJAU,
61469,26,2026-09-28T13:14,2026-09-28,2026-10-06,9,7,2,44,44,100.0,44,0,0,Offline,True,True,False,VIACAO GRAJAU,
61470,21,2026-09-28T12:55,2026-09-28,2026-10-06,9,5,4,34,34,100.0,34,0,0,Offline,True,True,False,VIACAO GRAJAU,
61470,22,2026-09-28T12:55,2026-09-28,2026-10-06,9,9,0,92,92,100.0,92,0,0,Offline,True,True,False,VIACAO GRAJAU,
61470,23,2026-09-28T12:55,2026-09-28,2026-10-06,9,9,0,95,95,100.0,95,0,0,Offline,True,True,False,VIACAO GRAJAU,
61470,24,2026-09-28T12:55,2026-09-28,2026-10-06,9,9,0,95,95,100.0,95,0,0,Offline,True,True,False,VIACAO GRAJAU,
61470,25,2026-09-28T12:55,2026-09-28,2026-10-06,9,9,0,104,104,100.0,104,0,0,Offline,True,True,False,VIACAO GRAJAU,
61470,26,2026-09-28T12:55,2026-09-28,2026-10-06,9,7,2,51,51,100.0,51,0,0,Offline,True,True,False,VIACAO GRAJAU,
61471,21,2026-09-12T08:45,2026-09-12,2026-10-06,25,21,4,390,390,100.0,390,0,0,Offline,True,True,False,VIACAO GRAJAU,
61471,22,2026-09-12T08:45,2026-09-12,2026-10-06,25,25,0,445,445,100.0,445,0,0,Offline,True,True,False,VIACAO GRAJAU,
61471,23,2026-09-12T08:45,2026-09-12,2026-10-06,25,25,0,448,448,100.0,448,0,0,Offline,True,True,False,VIACAO GRAJAU,
61471,24,2026-09-12T08:45,2026-09-12,2026-10-06,25,25,0,451,451,100.0,451,0,0,Offline,True,True,False,VIACAO GRAJAU,
61471,25,2026-09-12T08:45,2026-09-12,2026-10-06,25,25,0,456,456,100.0,456,0,0,Offline,True,True,False,VIACAO GRAJAU,
61471,26,2026-09-12T08:45,2026-09-12,2026-10-06,25,23,2,405,405,100.0,405,0,0,Offline,True,True,False,VIACAO GRAJAU,
61511,23,2026-10-04T18:29,2026-10-04,2026-10-06,3,3,0,21,15,71.4,0,15,5,Erro SD + Gravação,False,False,False,VIACAO GRAJAU,Viação Grajaú
61511,25,2026-09-09T07:12,2026-09-09,2026-10-06,28,28,0,544,537,98.7,178,359,5,Offline e Erro SD + Gravação,False,False,False,VIACAO GRAJAU,Viação Grajaú
61516,21,2026-08-31T21:50,2026-08-31,2026-10-06,37,31,6,599,599,100.0,599,0,0,Offline,True,True,False,VIACAO GRAJAU,
61516,22,2026-08-31T21:50,2026-08-31,2026-10-06,37,36,1,652,652,100.0,652,0,0,Offline,True,True,False,VIACAO GRAJAU,
61516,23,2026-08-31T21:50,2026-08-31,2026-10-06,37,36,1,659,659,100.0,659,0,0,Offline,True,True,False,VIACAO GRAJAU,
61516,24,2026-08-31T21:51,2026-08-31,2026-10-06,37,36,1,667,667,100.0,667,0,0,Offline,True,True,False,VIACAO GRAJAU,
61516,25,2026-08-31T21:51,2026-08-31,2026-10-06,37,36,1,669,669,100.0,669,0,0,Offline,True,True,False,VIACAO GRAJAU,
61516,26,2026-08-31T21:51,2026-08-31,2026-10-06,37,33,4,606,606,100.0,606,0,0,Offline,True,True,False,VIACAO GRAJAU,
61518,25,2026-08-31T21:20,2026-08-31,2026-10-06,37,37,0,722,722,100.0,722,0,0,Offline,True,True,False,VIACAO GRAJAU,Viação Grajaú
61518,26,2026-09-24T18:44,2026-09-24,2026-10-06,13,11,2,156,95,60.9,95,0,0,Offline,False,False,False,VIACAO GRAJAU,Viação Grajaú
61519,25,2026-08-31T21:56,2026-08-31,2026-10-06,37,37,0,733,733,100.0,733,0,0,Offline,True,True,False,VIACAO GRAJAU,Viação Grajaú
61520,21,2026-09-12T07:42,2026-09-12,2026-10-06,25,21,4,400,393,98.2,393,0,0,Offline,False,False,False,VIACAO GRAJAU,Viação Grajaú
61520,22,,2026-10-06,2026-10-06,1,1,0,1,1,100.0,1,0,0,Offline,True,False,False,VIACAO GRAJAU,Viação Grajaú
61520,23,,2026-10-06,2026-10-06,1,1,0,1,1,100.0,1,0,0,Offline,True,False,False,VIACAO GRAJAU,Viação Grajaú
61523,21,2026-08-31T23:18,2026-08-31,2026-10-06,37,33,4,600,600,100.0,600,0,0,Offline,True,True,False,VIACAO GRAJAU,Viação Grajaú
61523,22,2026-08-31T23:18,2026-08-31,2026-10-06,37,37,0,649,649,100.0,649,0,0,Offline,True,True,False,VIACAO GRAJAU,Viação Grajaú
61523,23,2026-08-31T23:18,2026-08-31,2026-10-06,37,37,0,648,648,100.0,648,0,0,Offline,True,True,False,VIACAO GRAJAU,Viação Grajaú
61523,24,2026-08-31T23:18,2026-08-31,2026-10-06,37,37,0,642,642,100.0,642,0,0,Offline,True,True,False,VIACAO GRAJAU,Viação Grajaú
61523,25,2026-08-31T23:18,2026-08-31,2026-10-06,37,37,0,661,661,100.0,661,0,0,Offline,True,True,False,VIACAO GRAJAU,Viação Grajaú
61523,26,2026-08-31T23:19,2026-08-31,2026-10-06,37,35,2,599,599,100.0,599,0,0,Offline,True,True,False,VIACAO GRAJAU,Viação Grajaú
61531,25,2026-08-31T21:21,2026-08-31,2026-10-06,37,37,0,720,720,100.0,0,720,5,Erro SD + Gravação,True,True,False,VIACAO GRAJAU,Viação Grajaú
61531,26,2026-08-31T21:21,2026-08-31,2026-10-06,37,35,2,667,667,100.0,667,0,0,Offline,True,True,False,VIACAO GRAJAU,Viação Grajaú
61533,21,,2026-10-06,2026-10-06,1,1,0,1,1,100.0,1,0,0,Offline,True,False,False,VIACAO GRAJAU,Viação Grajaú
61533,23,2026-08-31T21:53,2026-08-31,2026-10-06,37,37,0,712,712,100.0,712,0,0,Offline,True,True,False,VIACAO GRAJAU,Viação Grajaú
61534,21,2026-09-21T06:48,2026-09-21,2026-10-06,16,12,4,205,205,100.0,205,0,0,Offline,True,True,False,VIACAO GRAJAU,
61534,22,2026-09-21T06:50,2026-09-21,2026-10-06,16,16,0,267,267,100.0,267,0,0,Offline,True,True,False,VIACAO GRAJAU,
61534,23,2026-09-21T06:52,2026-09-21,2026-10-06,16,16,0,266,266,100.0,266,0,0,Offline,True,True,False,VIACAO GRAJAU,
61534,24,2026-09-21T06:54,2026-09-21,2026-10-06,16,16,0,270,270,100.0,270,0,0,Offline,True,True,False,VIACAO GRAJAU,
61534,25,2026-09-21T06:57,2026-09-21,2026-10-06,16,16,0,267,267,100.0,267,0,0,Offline,True,True,False,VIACAO GRAJAU,
61534,26,2026-09-21T06:59,2026-09-21,2026-10-06,16,14,2,220,220,100.0,220,0,0,Offline,True,True,False,VIACAO GRAJAU,
61536,21,,2026-10-06,2026-10-06,1,1,0,1,1,100.0,0,1,5,Erro SD + Gravação,True,False,False,VIACAO GRAJAU,Viação Grajaú
61536,25,2026-08-31T21:27,2026-08-31,2026-10-06,37,37,0,730,730,100.0,730,0,0,Offline,True,True,False,VIACAO GRAJAU,Viação Grajaú
61539,24,2026-09-09T16:42,2026-09-09,2026-10-06,28,28,0,529,529,100.0,529,0,0,Offline,True,True,False,VIACAO GRAJAU,
61540,26,2026-08-31T21:55,2026-08-31,2026-10-06,37,35,2,680,677,99.6,677,0,0,Offline,False,True,False,VIACAO GRAJAU,Viação Grajaú
61541,22,,2026-10-06,2026-10-06,1,1,0,1,1,100.0,1,0,0,Offline,True,False,False,VIACAO GRAJAU,Viação Grajaú
61541,23,2026-08-31T21:08,2026-08-31,2026-10-06,37,37,0,734,734,100.0,734,0,0,Offline,True,True,False,VIACAO GRAJAU,Viação Grajaú
61541,24,2026-08-31T21:08,2026-08-31,2026-10-06,37,37,0,737,737,100.0,737,0,0,Offline,True,True,False,VIACAO GRAJAU,Viação Grajaú
61541,25,2026-08-31T21:08,2026-08-31,2026-10-06,37,37,0,733,733,100.0,733,0,0,Offline,True,True,False,VIACAO GRAJAU,Viação Grajaú
61541,26,2026-08-31T21:08,2026-08-31,2026-10-06,37,35,2,686,686,100.0,686,0,0,Offline,True,True,False,VIACAO GRAJAU,Viação Grajaú
61542,22,2026-09-25T17:08,2026-09-25,2026-10-06,12,9,3,50,50,100.0,50,0,0,Offline,True,False,False,VIACAO GRAJAU,Viação Grajaú
61543,21,2026-08-31T21:51,2026-08-31,2026-10-06,37,33,4,644,644,100.0,644,0,0,Offline,True,True,False,VIACAO GRAJAU,Viação Grajaú
61543,22,2026-08-31T21:51,2026-08-31,2026-10-06,37,37,0,711,711,100.0,711,0,0,Offline,True,True,False,VIACAO GRAJAU,Viação Grajaú
61543,23,2026-08-31T21:51,2026-08-31,2026-10-06,37,37,0,698,698,100.0,698,0,0,Offline,True,True,False,VIACAO GRAJAU,Viação Grajaú
61543,24,2026-08-31T21:51,2026-08-31,2026-10-06,37,37,0,710,710,100.0,710,0,0,Offline,True,True,False,VIACAO GRAJAU,Viação Grajaú
61543,25,2026-08-31T21:51,2026-08-31,2026-10-06,37,37,0,708,708,100.0,708,0,0,Offline,True,True,False,VIACAO GRAJAU,Viação Grajaú
61543,26,2026-08-31T21:51,2026-08-31,2026-10-06,37,35,2,656,656,100.0,656,0,0,Offline,True,True,False,VIACAO GRAJAU,Viação Grajaú
61544,21,2026-09-02T11:05,2026-09-02,2026-10-06,35,31,4,639,516,80.8,516,0,0,Offline,False,False,False,VIACAO GRAJAU,Viação Grajaú
61544,23,2026-08-31T21:01,2026-08-31,2026-10-06,37,37,0,730,730,100.0,730,0,0,Offline,True,True,False,VIACAO GRAJAU,Viação Grajaú
61544,26,2026-08-31T21:01,2026-08-31,2026-10-06,37,35,2,685,685,100.0,685,0,0,Offline,True,True,False,VIACAO GRAJAU,Viação Grajaú
61545,23,2026-08-31T21:38,2026-08-31,2026-10-06,37,37,0,730,730,100.0,2,728,5,Offline e Erro SD + Gravação,True,True,False,VIACAO GRAJAU,Viação Grajaú
61545,26,2026-08-31T21:39,2026-08-31,2026-10-06,37,35,2,680,680,100.0,680,0,0,Offline,True,True,False,VIACAO GRAJAU,Viação Grajaú
61547,24,2026-08-31T21:01,2026-08-31,2026-10-06,37,37,0,733,733,100.0,733,0,0,Offline,True,True,False,VIACAO GRAJAU,Viação Grajaú
61547,25,2026-08-31T21:01,2026-08-31,2026-10-06,37,37,0,729,729,100.0,729,0,0,Offline,True,True,False,VIACAO GRAJAU,Viação Grajaú
61547,26,2026-08-31T21:01,2026-08-31,2026-10-06,37,35,2,683,683,100.0,683,0,0,Offline,True,True,False,VIACAO GRAJAU,Viação Grajaú
61548,21,2026-08-31T21:48,2026-08-31,2026-10-06,37,33,4,662,662,100.0,662,0,0,Offline,True,True,False,VIACAO GRAJAU,Viação Grajaú
61548,23,2026-08-31T21:48,2026-08-31,2026-10-06,37,37,0,724,724,100.0,724,0,0,Offline,True,True,False,VIACAO GRAJAU,Viação Grajaú
61548,24,2026-08-31T21:48,2026-08-31,2026-10-06,37,37,0,729,729,100.0,729,0,0,Offline,True,True,False,VIACAO GRAJAU,Viação Grajaú
61548,25,2026-10-05T08:42,2026-10-05,2026-10-06,2,2,0,12,4,33.3,4,0,0,Offline,False,False,False,VIACAO GRAJAU,Viação Grajaú
61548,26,2026-08-31T21:48,2026-08-31,2026-10-06,37,35,2,682,682,100.0,682,0,0,Offline,True,True,False,VIACAO GRAJAU,Viação Grajaú
61549,21,2026-08-31T21:28,2026-08-31,2026-10-06,37,32,5,589,589,100.0,589,0,0,Offline,True,True,False,VIACAO GRAJAU,Viação Grajaú
61549,22,2026-08-31T21:31,2026-08-31,2026-10-06,37,36,1,648,648,100.0,648,0,0,Offline,True,True,False,VIACAO GRAJAU,Viação Grajaú
61549,23,2026-08-31T21:33,2026-08-31,2026-10-06,37,36,1,639,639,100.0,639,0,0,Offline,True,True,False,VIACAO GRAJAU,Viação Grajaú
61549,24,2026-08-31T22:35,2026-08-31,2026-10-06,37,36,1,640,640,100.0,640,0,0,Offline,True,True,False,VIACAO GRAJAU,Viação Grajaú
61549,25,2026-08-31T21:38,2026-08-31,2026-10-06,37,36,1,664,664,100.0,664,0,0,Offline,True,True,False,VIACAO GRAJAU,Viação Grajaú
61549,26,2026-08-31T21:40,2026-08-31,2026-10-06,37,34,3,605,605,100.0,605,0,0,Offline,True,True,False,VIACAO GRAJAU,Viação Grajaú
61551,25,2026-09-14T02:53,2026-09-14,2026-10-06,23,23,0,422,419,99.3,419,0,0,Offline,False,False,False,VIACAO GRAJAU,Viação Grajaú
61554,21,2026-10-05T10:07,2026-10-05,2026-10-06,2,2,0,10,3,30.0,3,0,0,Offline,False,False,False,VIACAO GRAJAU,Viação Grajaú
61554,22,2026-10-04T11:05,2026-10-04,2026-10-06,3,3,0,24,5,20.8,5,0,0,Offline,False,False,False,VIACAO GRAJAU,Viação Grajaú
61554,23,2026-08-31T21:33,2026-08-31,2026-10-06,37,37,0,732,732,100.0,732,0,0,Offline,True,True,False,VIACAO GRAJAU,Viação Grajaú
61554,24,2026-08-31T21:33,2026-08-31,2026-10-06,37,37,0,720,720,100.0,720,0,0,Offline,True,True,False,VIACAO GRAJAU,Viação Grajaú
61554,25,2026-08-31T21:33,2026-08-31,2026-10-06,37,37,0,736,736,100.0,736,0,0,Offline,True,True,False,VIACAO GRAJAU,Viação Grajaú
61554,26,2026-08-31T21:33,2026-08-31,2026-10-06,37,35,2,664,664,100.0,664,0,0,Offline,True,True,False,VIACAO GRAJAU,Viação Grajaú
61557,26,2026-08-31T21:41,2026-08-31,2026-10-06,37,33,4,667,657,98.5,657,0,0,Offline,False,True,False,VIACAO GRAJAU,Viação Grajaú
61558,23,2026-08-31T21:08,2026-08-31,2026-10-06,37,37,0,723,537,74.3,537,0,0,Offline,False,True,False,VIACAO GRAJAU,Viação Grajaú
61558,25,2026-09-29T16:09,2026-09-29,2026-10-06,8,8,0,88,78,88.6,78,0,0,Offline,False,False,False,VIACAO GRAJAU,Viação Grajaú
61559,21,2026-09-01T05:18,2026-09-01,2026-10-06,36,32,4,640,221,34.5,221,0,0,Offline,False,False,False,VIACAO GRAJAU,Viação Grajaú
61559,22,2026-10-04T04:22,2026-10-04,2026-10-06,3,3,0,20,7,35.0,7,0,0,Offline,False,False,False,VIACAO GRAJAU,Viação Grajaú
61559,23,2026-10-04T04:22,2026-10-04,2026-10-06,3,3,0,21,9,42.9,9,0,0,Offline,False,False,False,VIACAO GRAJAU,Viação Grajaú
61559,24,2026-10-04T07:23,2026-10-04,2026-10-06,3,3,0,18,8,44.4,8,0,0,Offline,False,False,False,VIACAO GRAJAU,Viação Grajaú
61559,25,2026-09-01T05:19,2026-09-01,2026-10-06,36,36,0,740,713,96.4,713,0,0,Offline,False,False,False,VIACAO GRAJAU,Viação Grajaú
61559,26,2026-10-04T00:23,2026-10-04,2026-10-06,3,3,0,20,9,45.0,9,0,0,Offline,False,False,False,VIACAO GRAJAU,Viação Grajaú
61560,21,,2026-10-06,2026-10-06,1,1,0,1,1,100.0,1,0,0,Offline,True,False,False,VIACAO GRAJAU,
61560,23,2026-09-01T01:36,2026-09-01,2026-10-06,36,36,0,719,719,100.0,719,0,0,Offline,True,True,False,VIACAO GRAJAU,
61560,24,2026-09-01T03:36,2026-09-01,2026-10-06,36,36,0,718,718,100.0,718,0,0,Offline,True,True,False,VIACAO GRAJAU,
61560,25,2026-08-31T22:36,2026-08-31,2026-10-06,37,37,0,724,724,100.0,724,0,0,Offline,True,True,False,VIACAO GRAJAU,
61560,26,2026-08-31T21:36,2026-08-31,2026-10-06,37,33,4,654,654,100.0,654,0,0,Offline,True,True,False,VIACAO GRAJAU,
61562,22,2026-09-29T10:36,2026-09-29,2026-10-06,8,8,0,80,77,96.2,77,0,0,Offline,False,False,False,VIACAO GRAJAU,Viação Grajaú
61562,25,,2026-10-06,2026-10-06,1,1,0,1,1,100.0,1,0,0,Offline,True,False,False,VIACAO GRAJAU,Viação Grajaú
61563,22,2026-10-01T11:42,2026-10-01,2026-10-02,2,2,0,34,26,76.5,0,26,5,Erro SD + Gravação,False,False,False,VIACAO GRAJAU,Viação Grajaú
61564,22,2026-08-31T21:10,2026-08-31,2026-09-14,15,11,4,218,218,100.0,3,215,5,Offline e Erro SD + Gravação,True,True,False,VIACAO GRAJAU,Viação Grajaú
61564,25,2026-08-31T21:10,2026-08-31,2026-09-14,15,11,4,221,221,100.0,221,0,0,Offline,True,True,False,VIACAO GRAJAU,Viação Grajaú
61567,22,,2026-10-06,2026-10-06,1,1,0,1,1,100.0,0,1,5,Erro SD + Gravação,True,False,False,VIACAO GRAJAU,Viação Grajaú
61567,25,2026-09-29T12:20,2026-09-29,2026-10-06,8,8,0,88,82,93.2,0,82,5,Erro SD + Gravação,False,False,False,VIACAO GRAJAU,Viação Grajaú
61570,25,2026-10-03T21:51,2026-10-03,2026-10-06,4,4,0,24,24,100.0,0,24,5,Erro SD + Gravação,True,False,False,VIACAO GRAJAU,Viação Grajaú
61572,21,2026-08-31T21:36,2026-08-31,2026-10-06,37,32,5,634,634,100.0,0,634,5,Erro SD + Gravação,True,True,False,VIACAO GRAJAU,
61572,22,2026-08-31T21:36,2026-08-31,2026-10-06,37,36,1,687,687,100.0,0,687,5,Erro SD + Gravação,True,True,False,VIACAO GRAJAU,
61572,23,2026-08-31T21:37,2026-08-31,2026-10-06,37,36,1,689,689,100.0,0,689,5,Erro SD + Gravação,True,True,False,VIACAO GRAJAU,
61572,24,2026-08-31T21:37,2026-08-31,2026-10-06,37,36,1,683,683,100.0,0,683,5,Erro SD + Gravação,True,True,False,VIACAO GRAJAU,
61572,25,2026-08-31T21:37,2026-08-31,2026-10-06,37,36,1,686,686,100.0,1,685,5,Offline e Erro SD + Gravação,True,True,False,VIACAO GRAJAU,
61572,26,2026-08-31T21:37,2026-08-31,2026-10-06,37,32,5,633,633,100.0,633,0,0,Offline,True,True,False,VIACAO GRAJAU,
61574,23,2026-08-31T21:32,2026-08-31,2026-10-06,37,37,0,721,721,100.0,721,0,0,Offline,True,True,False,VIACAO GRAJAU,Viação Grajaú
61574,25,2026-10-04T10:47,2026-10-04,2026-10-06,3,3,0,23,17,73.9,17,0,0,Offline,False,False,False,VIACAO GRAJAU,Viação Grajaú
61575,21,2026-10-03T22:47,2026-10-03,2026-10-06,4,4,0,21,14,66.7,0,14,5,Erro SD + Gravação,False,False,False,VIACAO GRAJAU,Viação Grajaú
61582,22,,2026-10-06,2026-10-06,1,1,0,1,1,100.0,1,0,0,Offline,True,False,False,VIACAO GRAJAU,
61582,24,2026-08-31T21:59,2026-08-31,2026-10-06,37,37,0,724,724,100.0,724,0,0,Offline,True,True,False,VIACAO GRAJAU,
61582,25,2026-08-31T21:59,2026-08-31,2026-10-06,37,37,0,730,730,100.0,730,0,0,Offline,True,True,False,VIACAO GRAJAU,
61584,24,,2026-10-06,2026-10-06,1,1,0,1,1,100.0,1,0,0,Offline,True,False,False,VIACAO GRAJAU,Viação Grajaú
61584,26,2026-09-25T07:00,2026-09-25,2026-10-06,12,8,4,116,92,79.3,92,0,0,Offline,False,False,False,VIACAO GRAJAU,Viação Grajaú
61585,23,2026-08-31T21:27,2026-08-31,2026-10-06,37,37,0,728,728,100.0,141,587,5,Offline e Erro SD + Gravação,True,True,False,VIACAO GRAJAU,Viação Grajaú
61585,26,2026-10-03T23:07,2026-10-03,2026-10-06,4,4,0,25,25,100.0,0,25,5,Erro SD + Gravação,True,False,False,VIACAO GRAJAU,Viação Grajaú
61586,22,2026-08-31T21:21,2026-08-31,2026-10-06,37,37,0,725,725,100.0,725,0,0,Offline,True,True,False,VIACAO GRAJAU,Viação Grajaú
61586,23,2026-08-31T21:22,2026-08-31,2026-10-06,37,37,0,719,719,100.0,105,614,5,Offline e Erro SD + Gravação,True,True,False,VIACAO GRAJAU,Viação Grajaú
61586,25,2026-08-31T21:22,2026-08-31,2026-10-06,37,37,0,722,722,100.0,722,0,0,Offline,True,True,False,VIACAO GRAJAU,Viação Grajaú
61588,22,,2026-10-06,2026-10-06,1,1,0,1,1,100.0,1,0,0,Offline,True,False,False,VIACAO GRAJAU,Viação Grajaú
61588,23,2026-09-27T08:08,2026-09-27,2026-10-06,10,10,0,131,131,100.0,0,131,5,Erro SD + Gravação,True,False,False,VIACAO GRAJAU,Viação Grajaú
61589,21,,2026-10-06,2026-10-06,1,1,0,1,1,100.0,0,1,5,Erro SD + Gravação,True,False,False,VIACAO GRAJAU,Viação Grajaú
61593,24,2026-09-26T15:35,2026-09-26,2026-10-06,11,11,0,157,142,90.4,1,141,5,Offline e Erro SD + Gravação,False,False,False,VIACAO GRAJAU,Viação Grajaú
61593,26,2026-08-31T21:14,2026-08-31,2026-10-06,37,33,4,665,643,96.7,643,0,0,Offline,False,True,False,VIACAO GRAJAU,Viação Grajaú
61594,25,2026-08-31T21:15,2026-08-31,2026-10-06,37,37,0,725,725,100.0,0,725,5,Erro SD + Gravação,True,True,False,VIACAO GRAJAU,Viação Grajaú
61641,21,2026-08-31T21:19,2026-08-31,2026-10-06,37,33,4,660,660,100.0,660,0,0,Offline,True,True,False,VIACAO GRAJAU,Viação Grajaú
61641,22,2026-08-31T21:19,2026-08-31,2026-10-06,37,37,0,730,730,100.0,730,0,0,Offline,True,True,False,VIACAO GRAJAU,Viação Grajaú
61641,23,2026-09-01T06:19,2026-09-01,2026-10-06,36,36,0,725,662,91.3,662,0,0,Offline,False,False,False,VIACAO GRAJAU,Viação Grajaú
61641,24,2026-09-16T23:11,2026-09-16,2026-10-06,21,21,0,390,365,93.6,365,0,0,Offline,False,False,False,VIACAO GRAJAU,Viação Grajaú
61641,25,2026-09-16T23:13,2026-09-16,2026-10-06,21,21,0,408,383,93.9,383,0,0,Offline,False,False,False,VIACAO GRAJAU,Viação Grajaú
61641,26,2026-08-31T21:20,2026-08-31,2026-10-06,37,33,4,662,662,100.0,662,0,0,Offline,True,True,False,VIACAO GRAJAU,Viação Grajaú
61642,21,2026-08-31T22:16,2026-08-31,2026-10-06,37,30,7,551,551,100.0,344,207,5,Offline e Erro SD + Gravação,True,True,False,VIACAO GRAJAU,Viação Grajaú
61642,22,2026-10-04T18:58,2026-10-04,2026-10-06,3,3,0,21,14,66.7,14,0,0,Offline,False,False,False,VIACAO GRAJAU,Viação Grajaú
61642,23,2026-10-04T19:00,2026-10-04,2026-10-06,3,3,0,18,13,72.2,13,0,0,Offline,False,False,False,VIACAO GRAJAU,Viação Grajaú
61642,24,2026-10-04T20:03,2026-10-04,2026-10-06,3,3,0,22,16,72.7,16,0,0,Offline,False,False,False,VIACAO GRAJAU,Viação Grajaú
61642,25,2026-10-04T19:05,2026-10-04,2026-10-06,3,3,0,21,15,71.4,15,0,0,Offline,False,False,False,VIACAO GRAJAU,Viação Grajaú
61642,26,2026-10-04T19:07,2026-10-04,2026-10-06,3,3,0,22,16,72.7,16,0,0,Offline,False,False,False,VIACAO GRAJAU,Viação Grajaú
61643,21,2026-08-31T21:22,2026-08-31,2026-10-06,37,33,4,624,624,100.0,624,0,0,Offline,True,True,False,VIACAO GRAJAU,Viação Grajaú
61643,22,2026-08-31T21:22,2026-08-31,2026-10-06,37,37,0,691,691,100.0,691,0,0,Offline,True,True,False,VIACAO GRAJAU,Viação Grajaú
61643,23,2026-08-31T21:22,2026-08-31,2026-10-06,37,37,0,686,686,100.0,686,0,0,Offline,True,True,False,VIACAO GRAJAU,Viação Grajaú
61643,24,2026-08-31T21:22,2026-08-31,2026-10-06,37,37,0,691,691,100.0,691,0,0,Offline,True,True,False,VIACAO GRAJAU,Viação Grajaú
61643,25,2026-08-31T21:22,2026-08-31,2026-10-06,37,37,0,702,702,100.0,702,0,0,Offline,True,True,False,VIACAO GRAJAU,Viação Grajaú
61643,26,2026-08-31T21:22,2026-08-31,2026-10-06,37,33,4,625,625,100.0,625,0,0,Offline,True,True,False,VIACAO GRAJAU,Viação Grajaú
61644,22,,2026-10-06,2026-10-06,1,1,0,1,1,100.0,1,0,0,Offline,True,False,False,VIACAO GRAJAU,Viação Grajaú
61644,23,,2026-10-06,2026-10-06,1,1,0,1,1,100.0,1,0,0,Offline,True,False,False,VIACAO GRAJAU,Viação Grajaú
61646,22,,2026-10-06,2026-10-06,1,1,0,1,1,100.0,1,0,0,Offline,True,False,False,VIACAO GRAJAU,Viação Grajaú
61646,23,2026-08-31T21:57,2026-08-31,2026-10-06,37,37,0,720,720,100.0,720,0,0,Offline,True,True,False,VIACAO GRAJAU,Viação Grajaú
61646,24,2026-08-31T21:57,2026-08-31,2026-10-06,37,37,0,722,722,100.0,722,0,0,Offline,True,True,False,VIACAO GRAJAU,Viação Grajaú
61646,26,2026-08-31T21:58,2026-08-31,2026-10-06,37,33,4,668,668,100.0,668,0,0,Offline,True,True,False,VIACAO GRAJAU,Viação Grajaú
61647,23,,2026-10-06,2026-10-06,1,1,0,1,1,100.0,1,0,0,Offline,True,False,False,VIACAO GRAJAU,Viação Grajaú
61647,24,2026-09-17T01:00,2026-09-17,2026-10-06,20,18,2,172,154,89.5,154,0,0,Offline,False,False,False,VIACAO GRAJAU,Viação Grajaú
61648,25,2026-09-01T17:17,2026-09-01,2026-10-06,36,36,0,728,601,82.6,601,0,0,Offline,False,True,False,VIACAO GRAJAU,
61650,22,,2026-10-06,2026-10-06,1,1,0,1,1,100.0,1,0,0,Offline,True,False,False,VIACAO GRAJAU,Viação Grajaú
61650,23,2026-08-31T21:53,2026-08-31,2026-10-06,37,37,0,720,720,100.0,720,0,0,Offline,True,True,False,VIACAO GRAJAU,Viação Grajaú
61650,24,2026-08-31T21:53,2026-08-31,2026-10-06,37,37,0,718,718,100.0,718,0,0,Offline,True,True,False,VIACAO GRAJAU,Viação Grajaú
61650,25,2026-08-31T21:53,2026-08-31,2026-10-06,37,37,0,729,729,100.0,729,0,0,Offline,True,True,False,VIACAO GRAJAU,Viação Grajaú
61653,22,,2026-10-06,2026-10-06,1,1,0,1,1,100.0,1,0,0,Offline,True,False,False,VIACAO GRAJAU,
61655,21,2026-08-31T21:50,2026-08-31,2026-10-06,37,33,4,665,665,100.0,665,0,0,Offline,True,True,False,VIACAO GRAJAU,Viação Grajaú
61655,22,2026-08-31T21:52,2026-08-31,2026-10-06,37,37,0,730,730,100.0,730,0,0,Offline,True,True,False,VIACAO GRAJAU,Viação Grajaú
61655,23,2026-08-31T21:54,2026-08-31,2026-10-06,37,37,0,727,727,100.0,727,0,0,Offline,True,True,False,VIACAO GRAJAU,Viação Grajaú
61655,24,2026-08-31T21:57,2026-08-31,2026-10-06,37,37,0,721,721,100.0,721,0,0,Offline,True,True,False,VIACAO GRAJAU,Viação Grajaú
61655,25,2026-08-31T21:59,2026-08-31,2026-10-06,37,37,0,737,737,100.0,737,0,0,Offline,True,True,False,VIACAO GRAJAU,Viação Grajaú
61655,26,2026-08-31T21:01,2026-08-31,2026-10-06,37,33,4,661,661,100.0,661,0,0,Offline,True,True,False,VIACAO GRAJAU,Viação Grajaú
61656,26,2026-09-09T00:22,2026-09-09,2026-10-06,28,24,4,423,423,100.0,0,423,5,Erro SD + Gravação,True,False,False,VIACAO GRAJAU,Viação Grajaú
61657,21,,2026-10-06,2026-10-06,1,1,0,1,1,100.0,0,1,5,Erro SD + Gravação,True,False,False,VIACAO GRAJAU,Viação Grajaú
61662,21,,2026-10-06,2026-10-06,1,1,0,1,1,100.0,1,0,0,Offline,True,False,False,VIACAO GRAJAU,
61662,26,2026-08-31T21:03,2026-08-31,2026-10-06,37,33,4,662,662,100.0,0,662,5,Erro SD + Gravação,True,True,False,VIACAO GRAJAU,
61663,23,2026-10-05T04:41,2026-10-05,2026-10-06,2,2,0,11,8,72.7,0,8,5,Erro SD + Gravação,False,False,False,VIACAO GRAJAU,Viação Grajaú
61664,21,,2026-10-06,2026-10-06,1,1,0,1,1,100.0,1,0,0,Offline,True,False,False,VIACAO GRAJAU,
61664,22,,2026-10-06,2026-10-06,1,1,0,1,1,100.0,1,0,0,Offline,True,False,False,VIACAO GRAJAU,
61664,23,,2026-10-06,2026-10-06,1,1,0,1,1,100.0,1,0,0,Offline,True,False,False,VIACAO GRAJAU,
61664,24,,2026-10-06,2026-10-06,1,1,0,1,1,100.0,1,0,0,Offline,True,False,False,VIACAO GRAJAU,
61664,25,,2026-10-06,2026-10-06,1,1,0,1,1,100.0,1,0,0,Offline,True,False,False,VIACAO GRAJAU,
61664,26,,2026-10-06,2026-10-06,1,1,0,1,1,100.0,1,0,0,Offline,True,False,False,VIACAO GRAJAU,
61672,22,,2026-10-06,2026-10-06,1,1,0,1,1,100.0,0,1,5,Erro SD + Gravação,True,False,False,VIACAO GRAJAU,Viação Grajaú
61676,23,2026-09-14T19:22,2026-09-14,2026-10-06,23,23,0,413,395,95.6,21,374,5,Offline e Erro SD + Gravação,False,False,False,VIACAO GRAJAU,
61679,24,2026-09-02T14:30,2026-09-02,2026-10-06,35,35,0,704,679,96.4,5,674,5,Offline e Erro SD + Gravação,False,False,False,VIACAO GRAJAU,Viação Grajaú
61679,25,2026-08-31T21:18,2026-08-31,2026-10-06,37,37,0,723,723,100.0,1,722,5,Offline e Erro SD + Gravação,True,True,False,VIACAO GRAJAU,Viação Grajaú
61682,25,2026-08-31T21:38,2026-08-31,2026-10-06,37,37,0,723,723,100.0,723,0,0,Offline,True,True,False,VIACAO GRAJAU,Viação Grajaú
61684,25,2026-09-18T13:00,2026-09-18,2026-10-06,19,16,3,323,311,96.3,311,0,0,Offline,False,False,False,VIACAO GRAJAU,Viação Grajaú
61736,21,2026-08-31T21:41,2026-08-31,2026-10-06,37,33,4,661,661,100.0,661,0,0,Offline,True,True,False,VIACAO GRAJAU,Viação Grajaú
61736,22,2026-08-31T21:41,2026-08-31,2026-10-06,37,37,0,727,727,100.0,727,0,0,Offline,True,True,False,VIACAO GRAJAU,Viação Grajaú
61736,25,2026-08-31T21:41,2026-08-31,2026-10-06,37,37,0,721,721,100.0,721,0,0,Offline,True,True,False,VIACAO GRAJAU,Viação Grajaú
61737,25,2026-09-08T07:02,2026-09-08,2026-10-06,29,29,0,559,559,100.0,0,559,5,Erro SD + Gravação,True,False,False,VIACAO GRAJAU,Viação Grajaú
61741,26,2026-08-31T21:03,2026-08-31,2026-10-06,37,33,4,663,663,100.0,663,0,0,Offline,True,True,False,VIACAO GRAJAU,Viação Grajaú
61742,21,2026-09-15T21:30,2026-09-15,2026-10-06,22,18,4,328,328,100.0,328,0,0,Offline,True,False,False,VIACAO GRAJAU,Viação Grajaú
61742,22,2026-09-15T21:30,2026-09-15,2026-10-06,22,22,0,392,392,100.0,392,0,0,Offline,True,False,False,VIACAO GRAJAU,Viação Grajaú
61742,23,2026-09-15T21:30,2026-09-15,2026-10-06,22,22,0,385,385,100.0,385,0,0,Offline,True,False,False,VIACAO GRAJAU,Viação Grajaú
61743,21,2026-09-12T11:31,2026-09-12,2026-10-06,25,21,4,399,388,97.2,388,0,0,Offline,False,False,False,VIACAO GRAJAU,Viação Grajaú
61743,22,2026-09-16T04:45,2026-09-16,2026-10-06,21,21,0,378,374,98.9,374,0,0,Offline,False,False,False,VIACAO GRAJAU,Viação Grajaú
61743,23,2026-09-16T04:47,2026-09-16,2026-10-06,21,21,0,369,365,98.9,365,0,0,Offline,False,False,False,VIACAO GRAJAU,Viação Grajaú
61743,24,2026-09-16T04:50,2026-09-16,2026-10-06,21,21,0,381,377,99.0,377,0,0,Offline,False,False,False,VIACAO GRAJAU,Viação Grajaú
61743,25,2026-09-16T04:52,2026-09-16,2026-10-06,21,21,0,375,371,98.9,371,0,0,Offline,False,False,False,VIACAO GRAJAU,Viação Grajaú
61743,26,2026-09-13T15:35,2026-09-13,2026-10-06,24,20,4,370,355,95.9,355,0,0,Offline,False,False,False,VIACAO GRAJAU,Viação Grajaú
61745,23,2026-09-29T02:49,2026-09-29,2026-10-06,8,8,0,81,80,98.8,80,0,0,Offline,False,False,False,VIACAO GRAJAU,Viação Grajaú
61746,23,2026-09-25T21:31,2026-09-25,2026-10-06,12,12,0,168,149,88.7,0,149,5,Erro SD + Gravação,False,False,False,VIACAO GRAJAU,
61746,25,2026-09-10T21:52,2026-09-10,2026-10-06,27,27,0,506,485,95.8,485,0,0,Offline,False,False,False,VIACAO GRAJAU,
61746,26,2026-09-10T21:52,2026-09-10,2026-10-06,27,23,4,451,430,95.3,430,0,0,Offline,False,False,False,VIACAO GRAJAU,
61747,21,2026-08-31T21:10,2026-08-31,2026-10-06,37,33,4,666,666,100.0,666,0,0,Offline,True,True,False,VIACAO GRAJAU,Viação Grajaú
61747,22,2026-08-31T21:10,2026-08-31,2026-10-06,37,37,0,728,728,100.0,728,0,0,Offline,True,True,False,VIACAO GRAJAU,Viação Grajaú
61747,23,2026-08-31T21:10,2026-08-31,2026-10-06,37,37,0,740,740,100.0,740,0,0,Offline,True,True,False,VIACAO GRAJAU,Viação Grajaú
61747,24,2026-08-31T21:10,2026-08-31,2026-10-06,37,37,0,732,732,100.0,732,0,0,Offline,True,True,False,VIACAO GRAJAU,Viação Grajaú
61747,25,2026-08-31T21:10,2026-08-31,2026-10-06,37,37,0,734,734,100.0,734,0,0,Offline,True,True,False,VIACAO GRAJAU,Viação Grajaú
61747,26,2026-08-31T21:11,2026-08-31,2026-10-06,37,33,4,666,666,100.0,666,0,0,Offline,True,True,False,VIACAO GRAJAU,Viação Grajaú
61750,21,2026-08-31T21:57,2026-08-31,2026-10-06,37,33,4,614,614,100.0,614,0,0,Offline,True,True,False,VIACAO GRAJAU,Viação Grajaú
61750,22,2026-08-31T21:57,2026-08-31,2026-10-06,37,37,0,673,673,100.0,673,0,0,Offline,True,True,False,VIACAO GRAJAU,Viação Grajaú
61750,23,2026-08-31T21:57,2026-08-31,2026-10-06,37,37,0,682,682,100.0,682,0,0,Offline,True,True,False,VIACAO GRAJAU,Viação Grajaú
61750,24,2026-08-31T21:57,2026-08-31,2026-10-06,37,37,0,671,671,100.0,671,0,0,Offline,True,True,False,VIACAO GRAJAU,Viação Grajaú
61750,25,2026-08-31T21:58,2026-08-31,2026-10-06,37,37,0,678,678,100.0,678,0,0,Offline,True,True,False,VIACAO GRAJAU,Viação Grajaú
61750,26,2026-08-31T21:58,2026-08-31,2026-10-06,37,33,4,617,617,100.0,617,0,0,Offline,True,True,False,VIACAO GRAJAU,Viação Grajaú
61753,24,2026-10-02T09:48,2026-10-02,2026-10-06,5,5,0,37,31,83.8,31,0,0,Offline,False,False,False,VIACAO GRAJAU,Viação Grajaú
61756,25,2026-08-31T21:29,2026-08-31,2026-10-06,37,30,7,483,483,100.0,483,0,0,Offline,True,True,False,VIACAO GRAJAU,Viação Grajaú
61757,22,,2026-10-06,2026-10-06,1,1,0,1,1,100.0,1,0,0,Offline,True,False,False,VIACAO GRAJAU,Viação Grajaú
61757,26,2026-10-03T21:53,2026-10-03,2026-10-06,4,4,0,20,20,100.0,20,0,0,Offline,True,False,False,VIACAO GRAJAU,Viação Grajaú
61758,21,2026-08-31T21:26,2026-08-31,2026-10-06,37,29,8,599,599,100.0,599,0,0,Offline,True,True,False,VIACAO GRAJAU,Viação Grajaú
61758,22,2026-08-31T21:26,2026-08-31,2026-10-06,37,33,4,660,660,100.0,660,0,0,Offline,True,True,False,VIACAO GRAJAU,Viação Grajaú
61758,23,2026-08-31T21:26,2026-08-31,2026-10-06,37,33,4,656,656,100.0,656,0,0,Offline,True,True,False,VIACAO GRAJAU,Viação Grajaú
61760,23,2026-10-05T07:12,2026-10-05,2026-10-06,2,2,0,7,6,85.7,0,6,5,Erro SD + Gravação,False,False,False,VIACAO GRAJAU,Viação Grajaú
61761,25,2026-08-31T21:07,2026-08-31,2026-10-06,37,37,0,721,721,100.0,73,648,5,Offline e Erro SD + Gravação,True,True,False,VIACAO GRAJAU,Viação Grajaú
61763,22,,2026-10-06,2026-10-06,1,1,0,1,1,100.0,1,0,0,Offline,True,False,False,VIACAO GRAJAU,Viação Grajaú
61763,24,2026-09-17T10:03,2026-09-17,2026-10-06,20,20,0,361,361,100.0,0,361,5,Erro SD + Gravação,True,False,False,VIACAO GRAJAU,Viação Grajaú
61763,26,2026-08-31T21:29,2026-08-31,2026-10-06,37,33,4,643,643,100.0,643,0,0,Offline,True,True,False,VIACAO GRAJAU,Viação Grajaú
61764,22,2026-09-02T06:28,2026-09-02,2026-10-06,35,35,0,676,676,100.0,676,0,0,Offline,True,True,False,VIACAO GRAJAU,Viação Grajaú
61764,23,2026-09-02T06:28,2026-09-02,2026-10-06,35,35,0,684,684,100.0,684,0,0,Offline,True,True,False,VIACAO GRAJAU,Viação Grajaú
61764,24,2026-09-02T06:28,2026-09-02,2026-10-06,35,35,0,686,686,100.0,686,0,0,Offline,True,True,False,VIACAO GRAJAU,Viação Grajaú
61764,26,2026-09-02T06:28,2026-09-02,2026-10-06,35,31,4,616,616,100.0,616,0,0,Offline,True,True,False,VIACAO GRAJAU,Viação Grajaú
61767,23,2026-08-31T21:10,2026-08-31,2026-10-02,33,33,0,696,696,100.0,696,0,0,Offline,True,True,False,VIACAO GRAJAU,Viação Grajaú
61768,26,2026-08-31T21:18,2026-08-31,2026-10-06,37,33,4,661,661,100.0,661,0,0,Offline,True,True,False,VIACAO GRAJAU,Viação Grajaú
61770,22,,2026-10-06,2026-10-06,1,1,0,1,1,100.0,1,0,0,Offline,True,False,False,VIACAO GRAJAU,Viação Grajaú
61770,26,2026-10-03T21:48,2026-10-03,2026-10-06,4,4,0,21,21,100.0,0,21,5,Erro SD + Gravação,True,False,False,VIACAO GRAJAU,Viação Grajaú
61772,25,2026-09-24T21:03,2026-09-24,2026-10-06,13,13,0,196,175,89.3,175,0,0,Offline,False,False,False,VIACAO GRAJAU,Viação Grajaú
61774,21,2026-09-22T21:08,2026-09-22,2026-10-06,15,10,5,127,127,100.0,127,0,0,Offline,True,True,False,VIACAO GRAJAU,
61774,25,2026-09-22T21:08,2026-09-22,2026-10-06,15,14,1,191,191,100.0,191,0,0,Offline,True,True,False,VIACAO GRAJAU,
61774,26,2026-09-22T21:08,2026-09-22,2026-10-06,15,10,5,128,128,100.0,128,0,0,Offline,True,True,False,VIACAO GRAJAU,
61780,22,,2026-10-06,2026-10-06,1,1,0,1,1,100.0,0,1,5,Erro SD + Gravação,True,False,False,VIACAO GRAJAU,Viação Grajaú
61781,21,2026-09-03T02:31,2026-09-03,2026-09-03,1,1,0,3,1,33.3,1,0,0,Offline,False,False,False,VIACAO GRAJAU,Viação Grajaú
61781,22,2026-09-03T02:33,2026-09-03,2026-09-03,1,1,0,3,1,33.3,1,0,0,Offline,False,False,False,VIACAO GRAJAU,Viação Grajaú
61781,23,2026-09-03T02:35,2026-09-03,2026-09-03,1,1,0,3,1,33.3,1,0,0,Offline,False,False,False,VIACAO GRAJAU,Viação Grajaú
61781,24,2026-09-03T02:37,2026-09-03,2026-09-03,1,1,0,3,1,33.3,1,0,0,Offline,False,False,False,VIACAO GRAJAU,Viação Grajaú
61781,25,2026-09-03T02:40,2026-09-03,2026-09-03,1,1,0,3,1,33.3,1,0,0,Offline,False,False,False,VIACAO GRAJAU,Viação Grajaú
61782,25,2026-08-31T21:51,2026-08-31,2026-10-06,37,37,0,725,725,100.0,725,0,0,Offline,True,True,False,VIACAO GRAJAU,Viação Grajaú
61785,21,2026-08-31T21:41,2026-08-31,2026-10-06,37,33,4,662,630,95.2,630,0,0,Offline,False,True,False,VIACAO GRAJAU,Viação Grajaú
61785,22,2026-08-31T21:43,2026-08-31,2026-10-06,37,37,0,720,681,94.6,681,0,0,Offline,False,True,False,VIACAO GRAJAU,Viação Grajaú
61785,23,2026-08-31T21:45,2026-08-31,2026-10-06,37,37,0,728,687,94.4,687,0,0,Offline,False,True,False,VIACAO GRAJAU,Viação Grajaú
61785,24,2026-08-31T21:48,2026-08-31,2026-10-06,37,37,0,725,679,93.7,679,0,0,Offline,False,True,False,VIACAO GRAJAU,Viação Grajaú
61785,25,2026-08-31T21:50,2026-08-31,2026-10-06,37,37,0,724,724,100.0,724,0,0,Offline,True,True,False,VIACAO GRAJAU,Viação Grajaú
61785,26,2026-08-31T21:52,2026-08-31,2026-10-06,37,33,4,659,612,92.9,612,0,0,Offline,False,True,False,VIACAO GRAJAU,Viação Grajaú
61787,24,2026-08-31T21:56,2026-08-31,2026-10-06,37,37,0,724,724,100.0,724,0,0,Offline,True,True,False,VIACAO GRAJAU,Viação Grajaú
61789,26,2026-08-31T21:06,2026-08-31,2026-10-06,37,33,4,660,398,60.3,119,279,5,Offline e Erro SD + Gravação,False,True,False,VIACAO GRAJAU,Viação Grajaú
61790,22,2026-08-31T21:08,2026-08-31,2026-09-26,27,27,0,589,589,100.0,589,0,0,Offline,True,True,False,VIACAO GRAJAU,Viação Grajaú
61790,23,2026-08-31T21:08,2026-08-31,2026-09-26,27,27,0,584,584,100.0,584,0,0,Offline,True,True,False,VIACAO GRAJAU,Viação Grajaú
61790,26,2026-08-31T21:09,2026-08-31,2026-09-26,27,27,0,585,585,100.0,585,0,0,Offline,True,True,False,VIACAO GRAJAU,Viação Grajaú
61791,21,2026-08-31T21:37,2026-08-31,2026-10-06,37,33,4,657,642,97.7,642,0,0,Offline,False,True,False,VIACAO GRAJAU,Viação Grajaú
61791,22,2026-08-31T21:39,2026-08-31,2026-10-06,37,37,0,723,707,97.8,707,0,0,Offline,False,True,False,VIACAO GRAJAU,Viação Grajaú
61791,23,2026-08-31T21:41,2026-08-31,2026-10-06,37,37,0,726,711,97.9,711,0,0,Offline,False,True,False,VIACAO GRAJAU,Viação Grajaú
61791,24,2026-08-31T21:44,2026-08-31,2026-10-06,37,37,0,723,707,97.8,707,0,0,Offline,False,True,False,VIACAO GRAJAU,Viação Grajaú
61791,25,2026-08-31T21:46,2026-08-31,2026-10-06,37,37,0,722,706,97.8,706,0,0,Offline,False,True,False,VIACAO GRAJAU,Viação Grajaú
61791,26,2026-08-31T21:48,2026-08-31,2026-10-06,37,33,4,658,642,97.6,642,0,0,Offline,False,True,False,VIACAO GRAJAU,Viação Grajaú
61792,21,2026-08-31T21:03,2026-08-31,2026-10-06,37,33,4,665,665,100.0,664,1,5,Offline e Erro SD + Gravação,True,True,False,VIACAO GRAJAU,Viação Grajaú
61792,22,2026-09-14T20:12,2026-09-14,2026-10-06,23,23,0,418,399,95.5,1,398,5,Offline e Erro SD + Gravação,False,False,False,VIACAO GRAJAU,Viação Grajaú
61792,23,2026-08-31T21:03,2026-08-31,2026-10-06,37,37,0,729,729,100.0,729,0,0,Offline,True,True,False,VIACAO GRAJAU,Viação Grajaú
61793,21,2026-08-31T21:18,2026-08-31,2026-10-06,37,33,4,658,593,90.1,593,0,0,Offline,False,True,False,VIACAO GRAJAU,Viação Grajaú
61793,22,2026-08-31T21:20,2026-08-31,2026-10-06,37,37,0,722,540,74.8,540,0,0,Offline,False,True,False,VIACAO GRAJAU,Viação Grajaú
61793,23,2026-08-31T21:22,2026-08-31,2026-10-06,37,37,0,718,718,100.0,718,0,0,Offline,True,True,False,VIACAO GRAJAU,Viação Grajaú
61793,24,2026-08-31T21:24,2026-08-31,2026-10-06,37,37,0,716,513,71.6,513,0,0,Offline,False,True,False,VIACAO GRAJAU,Viação Grajaú
61793,25,2026-08-31T21:26,2026-08-31,2026-10-06,37,37,0,729,527,72.3,527,0,0,Offline,False,True,False,VIACAO GRAJAU,Viação Grajaú
61793,26,2026-08-31T21:29,2026-08-31,2026-10-06,37,33,4,658,650,98.8,650,0,0,Offline,False,True,False,VIACAO GRAJAU,Viação Grajaú
61797,22,,2026-10-06,2026-10-06,1,1,0,1,1,100.0,1,0,0,Offline,True,False,False,VIACAO GRAJAU,
61797,23,2026-08-31T21:52,2026-08-31,2026-10-06,37,37,0,731,731,100.0,731,0,0,Offline,True,True,False,VIACAO GRAJAU,
61797,24,2026-10-01T14:07,2026-10-01,2026-10-06,6,6,0,54,44,81.5,44,0,0,Offline,False,False,False,VIACAO GRAJAU,
61797,25,2026-08-31T21:52,2026-08-31,2026-10-06,37,37,0,726,726,100.0,726,0,0,Offline,True,True,False,VIACAO GRAJAU,
61798,26,2026-09-17T16:07,2026-09-17,2026-10-06,20,16,4,309,293,94.8,293,0,0,Offline,False,False,False,VIACAO GRAJAU,Viação Grajaú
61799,22,,2026-10-06,2026-10-06,1,1,0,1,1,100.0,0,1,5,Erro SD + Gravação,True,False,False,VIACAO GRAJAU,Viação Grajaú
61799,23,2026-08-31T21:15,2026-08-31,2026-10-06,37,37,0,729,729,100.0,6,723,5,Offline e Erro SD + Gravação,True,True,False,VIACAO GRAJAU,Viação Grajaú
61799,26,2026-08-31T21:15,2026-08-31,2026-10-06,37,33,4,662,662,100.0,662,0,0,Offline,True,True,False,VIACAO GRAJAU,Viação Grajaú
61800,22,,2026-10-06,2026-10-06,1,1,0,1,1,100.0,1,0,0,Offline,True,False,False,VIACAO GRAJAU,
61800,26,2026-08-31T21:50,2026-08-31,2026-10-06,37,33,4,633,633,100.0,633,0,0,Offline,True,True,False,VIACAO GRAJAU,
61802,21,,2026-10-06,2026-10-06,1,1,0,1,1,100.0,0,1,5,Erro SD + Gravação,True,False,False,VIACAO GRAJAU,
61805,21,2026-09-09T14:38,2026-09-09,2026-10-06,28,24,4,469,455,97.0,0,455,5,Erro SD + Gravação,False,False,False,VIACAO GRAJAU,Viação Grajaú
61805,25,2026-09-09T14:38,2026-09-09,2026-10-06,28,28,0,532,518,97.4,0,518,5,Erro SD + Gravação,False,False,False,VIACAO GRAJAU,Viação Grajaú
61806,24,2026-08-31T21:20,2026-08-31,2026-10-06,37,37,0,707,707,100.0,707,0,0,Offline,True,True,False,VIACAO GRAJAU,Viação Grajaú
61806,25,2026-08-31T21:23,2026-08-31,2026-10-06,37,37,0,710,710,100.0,710,0,0,Offline,True,True,False,VIACAO GRAJAU,Viação Grajaú
61807,24,2026-09-23T17:17,2026-09-23,2026-10-06,14,14,0,226,209,92.5,85,124,5,Offline e Erro SD + Gravação,False,False,False,VIACAO GRAJAU,Viação Grajaú
61807,25,2026-08-31T21:49,2026-08-31,2026-10-06,37,37,0,718,714,99.4,714,0,0,Offline,False,True,False,VIACAO GRAJAU,Viação Grajaú
61808,25,2026-09-13T08:48,2026-09-13,2026-10-06,24,24,0,451,385,85.4,385,0,0,Offline,False,False,False,VIACAO GRAJAU,Viação Grajaú
61809,21,2026-09-25T10:22,2026-09-25,2026-09-27,3,3,0,67,33,49.3,33,0,0,Offline,False,False,False,VIACAO GRAJAU,Viação Grajaú
61810,26,2026-09-28T07:04,2026-09-28,2026-10-06,9,5,4,47,29,61.7,29,0,0,Offline,False,False,False,VIACAO GRAJAU,Viação Grajaú
61811,24,2026-08-31T21:31,2026-08-31,2026-10-06,37,31,6,582,581,99.8,581,0,0,Offline,False,True,False,VIACAO GRAJAU,Viação Grajaú
61811,26,2026-09-11T14:06,2026-09-11,2026-10-06,26,16,10,293,175,59.7,175,0,0,Offline,False,False,False,VIACAO GRAJAU,Viação Grajaú
61814,22,,2026-10-06,2026-10-06,1,1,0,1,1,100.0,1,0,0,Offline,True,False,False,VIACAO GRAJAU,
61817,26,2026-10-03T21:13,2026-10-03,2026-10-06,4,4,0,23,23,100.0,0,23,5,Erro SD + Gravação,True,False,False,VIACAO GRAJAU,Viação Grajaú
61819,21,2026-08-31T21:28,2026-08-31,2026-10-06,37,32,5,665,665,100.0,665,0,0,Offline,True,True,False,VIACAO GRAJAU,Viação Grajaú
61819,22,2026-08-31T21:30,2026-08-31,2026-10-06,37,37,0,730,730,100.0,730,0,0,Offline,True,True,False,VIACAO GRAJAU,Viação Grajaú
61819,23,2026-08-31T21:32,2026-08-31,2026-10-06,37,37,0,729,729,100.0,729,0,0,Offline,True,True,False,VIACAO GRAJAU,Viação Grajaú
61819,24,2026-08-31T21:35,2026-08-31,2026-10-06,37,37,0,737,737,100.0,737,0,0,Offline,True,True,False,VIACAO GRAJAU,Viação Grajaú
61819,25,2026-08-31T21:37,2026-08-31,2026-10-06,37,37,0,731,731,100.0,731,0,0,Offline,True,True,False,VIACAO GRAJAU,Viação Grajaú
61819,26,2026-08-31T21:39,2026-08-31,2026-10-06,37,33,4,660,660,100.0,660,0,0,Offline,True,True,False,VIACAO GRAJAU,Viação Grajaú
68011,21,2026-10-03T21:57,2026-10-03,2026-10-07,5,5,0,24,24,100.0,0,24,5,Erro SD + Gravação,True,False,True,A2 TRANSPORTES,A2 Transportes
68013,21,2026-10-07T11:26,2026-10-07,2026-10-07,1,1,0,1,1,100.0,1,0,0,Offline,True,False,True,A2 TRANSPORTES,
68015,21,2026-09-14T07:43,2026-09-14,2026-10-06,23,11,12,144,144,100.0,144,0,0,Offline,True,True,False,A2 TRANSPORTES,
68015,22,2026-09-14T07:43,2026-09-14,2026-10-06,23,15,8,194,194,100.0,194,0,0,Offline,True,True,False,A2 TRANSPORTES,
68019,21,2026-08-31T21:51,2026-08-31,2026-10-05,36,32,4,513,513,100.0,513,0,0,Offline,True,True,False,A2 TRANSPORTES,
68021,21,2026-08-31T23:51,2026-08-31,2026-10-07,38,34,4,610,610,100.0,5,605,5,Offline e Erro SD + Gravação,True,True,True,A2 TRANSPORTES,
68028,21,2026-08-31T21:24,2026-08-31,2026-10-07,38,34,4,584,584,100.0,584,0,0,Offline,True,True,True,A2 TRANSPORTES,
68029,21,2026-09-15T21:49,2026-09-15,2026-10-07,23,16,7,242,242,100.0,242,0,0,Offline,True,True,True,A2 TRANSPORTES,
68038,21,2026-09-01T09:34,2026-09-01,2026-10-07,37,33,4,588,588,100.0,588,0,0,Offline,True,True,True,A2 TRANSPORTES,
68038,22,2026-09-01T09:35,2026-09-01,2026-10-07,37,37,0,650,650,100.0,650,0,0,Offline,True,True,True,A2 TRANSPORTES,
68044,21,2026-09-03T11:55,2026-09-03,2026-10-07,35,31,4,598,589,98.5,589,0,0,Offline,False,False,True,A2 TRANSPORTES,A2 Transportes
68046,21,2026-09-01T04:43,2026-09-01,2026-10-07,37,30,7,515,515,100.0,2,513,5,Offline e Erro SD + Gravação,True,True,True,A2 TRANSPORTES,A2 Transportes
68053,21,2026-08-31T21:42,2026-08-31,2026-10-07,38,32,6,509,509,100.0,509,0,0,Offline,True,True,True,A2 TRANSPORTES,
68059,21,2026-09-28T13:47,2026-09-28,2026-10-07,10,6,4,45,26,57.8,26,0,0,Offline,False,False,True,A2 TRANSPORTES,A2 Transportes
68062,21,2026-09-03T12:43,2026-09-03,2026-10-06,34,16,18,175,173,98.9,173,0,0,Offline,False,False,False,A2 TRANSPORTES,
68069,21,2026-08-31T21:12,2026-08-31,2026-10-07,38,34,4,623,623,100.0,623,0,0,Offline,True,True,True,A2 TRANSPORTES,A2 Transportes
68069,22,2026-08-31T23:13,2026-08-31,2026-10-07,38,38,0,688,688,100.0,688,0,0,Offline,True,True,True,A2 TRANSPORTES,A2 Transportes
68070,21,2026-09-10T18:09,2026-09-10,2026-10-07,28,13,15,188,188,100.0,188,0,0,Offline,True,True,True,A2 TRANSPORTES,
68072,21,2026-09-12T14:05,2026-09-12,2026-10-07,26,22,4,404,390,96.5,390,0,0,Offline,False,False,True,A2 TRANSPORTES,A2 Transportes
68074,21,2026-08-31T21:49,2026-08-31,2026-10-07,38,34,4,622,622,100.0,622,0,0,Offline,True,True,True,A2 TRANSPORTES,A2 Transportes
68080,21,2026-10-04T19:08,2026-10-04,2026-10-07,4,4,0,20,18,90.0,0,18,5,Erro SD + Gravação,False,False,True,A2 TRANSPORTES,A2 Transportes
68081,21,2026-09-25T09:33,2026-09-25,2026-09-28,4,2,2,7,7,100.0,7,0,0,Offline,True,True,False,A2 TRANSPORTES,
68085,21,2026-08-31T22:33,2026-08-31,2026-10-07,38,33,5,569,569,100.0,569,0,0,Offline,True,True,True,A2 TRANSPORTES,
68104,21,2026-08-31T21:35,2026-08-31,2026-10-07,38,34,4,664,664,100.0,0,664,5,Erro SD + Gravação,True,True,True,A2 TRANSPORTES,
68111,21,2026-08-31T22:48,2026-08-31,2026-10-07,38,34,4,611,611,100.0,611,0,0,Offline,True,True,True,A2 TRANSPORTES,
68121,21,2026-10-05T10:00,2026-10-05,2026-10-07,3,3,0,4,4,100.0,4,0,0,Offline,True,True,True,A2 TRANSPORTES,
68122,21,2026-09-15T21:31,2026-09-15,2026-10-07,23,17,6,223,223,100.0,0,223,5,Erro SD + Gravação,True,False,True,A2 TRANSPORTES,A2 Transportes
68127,21,2026-10-07T11:39,2026-10-07,2026-10-07,1,1,0,1,1,100.0,1,0,0,Offline,True,False,True,A2 TRANSPORTES,A2 Transportes
68128,21,2026-09-10T20:09,2026-09-10,2026-10-07,28,24,4,431,431,100.0,431,0,0,Offline,True,True,True,A2 TRANSPORTES,
68133,21,2026-08-31T21:40,2026-08-31,2026-10-07,38,34,4,598,598,100.0,598,0,0,Offline,True,True,True,A2 TRANSPORTES,A2 Transportes
68136,21,2026-09-03T16:12,2026-09-03,2026-10-07,35,31,4,540,540,100.0,2,538,5,Offline e Erro SD + Gravação,True,True,True,A2 TRANSPORTES,A2 Transportes
68138,21,2026-09-15T21:06,2026-09-15,2026-10-07,23,19,4,337,337,100.0,337,0,0,Offline,True,False,True,A2 TRANSPORTES,A2 Transportes
68142,21,2026-08-31T21:33,2026-08-31,2026-10-07,38,34,4,646,646,100.0,3,643,5,Offline e Erro SD + Gravação,True,True,True,A2 TRANSPORTES,A2 Transportes
68147,21,2026-09-11T16:09,2026-09-11,2026-10-07,27,22,5,388,372,95.9,5,367,5,Offline e Erro SD + Gravação,False,False,True,A2 TRANSPORTES,
68151,21,2026-09-01T05:36,2026-09-01,2026-10-07,37,33,4,567,567,100.0,567,0,0,Offline,True,True,True,A2 TRANSPORTES,A2 Transportes
68154,21,2026-09-25T19:31,2026-09-25,2026-10-07,13,9,4,118,99,83.9,0,99,5,Erro SD + Gravação,False,False,True,A2 TRANSPORTES,
68172,21,2026-10-07T11:12,2026-10-07,2026-10-07,1,1,0,1,1,100.0,1,0,0,Offline,True,False,True,A2 TRANSPORTES,A2 Transportes
68174,21,2026-08-31T21:45,2026-08-31,2026-10-07,38,34,4,601,601,100.0,601,0,0,Offline,True,True,True,A2 TRANSPORTES,A2 Transportes
68179,21,2026-09-01T13:43,2026-09-01,2026-10-07,37,30,7,585,585,100.0,585,0,0,Offline,True,True,True,A2 TRANSPORTES,A2 Transportes
68184,21,2026-08-31T21:25,2026-08-31,2026-10-07,38,34,4,616,616,100.0,616,0,0,Offline,True,True,True,A2 TRANSPORTES,
68185,21,2026-08-31T21:59,2026-08-31,2026-10-07,38,34,4,561,561,100.0,561,0,0,Offline,True,True,True,A2 TRANSPORTES,
68186,21,2026-09-12T05:41,2026-09-12,2026-10-07,26,22,4,399,394,98.7,394,0,0,Offline,False,False,True,A2 TRANSPORTES,A2 Transportes
68188,21,2026-09-28T10:50,2026-09-28,2026-10-07,10,6,4,34,34,100.0,34,0,0,Offline,True,True,True,A2 TRANSPORTES,
68190,21,2026-08-31T21:35,2026-08-31,2026-10-06,37,33,4,601,601,100.0,601,0,0,Offline,True,True,False,A2 TRANSPORTES,
68190,22,2026-08-31T21:35,2026-08-31,2026-10-06,37,37,0,670,670,100.0,670,0,0,Offline,True,True,False,A2 TRANSPORTES,
68191,21,2026-09-03T10:46,2026-09-03,2026-09-08,6,5,1,28,28,100.0,28,0,0,Offline,True,True,False,A2 TRANSPORTES,
68192,21,2026-09-09T05:13,2026-09-09,2026-10-07,29,24,5,420,415,98.8,415,0,0,Offline,False,False,True,A2 TRANSPORTES,A2 Transportes
68194,21,2026-08-31T22:14,2026-08-31,2026-10-07,38,34,4,600,600,100.0,600,0,0,Offline,True,True,True,A2 TRANSPORTES,A2 Transportes
68195,21,2026-09-01T13:57,2026-09-01,2026-10-07,37,33,4,595,595,100.0,595,0,0,Offline,True,True,True,A2 TRANSPORTES,A2 Transportes
68196,21,2026-09-24T09:28,2026-09-24,2026-09-24,1,1,0,1,1,100.0,1,0,0,Offline,True,True,False,A2 TRANSPORTES,
68199,21,2026-09-21T06:35,2026-09-21,2026-10-07,17,13,4,212,206,97.2,206,0,0,Offline,False,False,True,A2 TRANSPORTES,A2 Transportes
68202,21,2026-08-31T21:04,2026-08-31,2026-10-07,38,34,4,655,655,100.0,655,0,0,Offline,True,True,True,A2 TRANSPORTES,A2 Transportes
68203,21,2026-09-23T23:38,2026-09-23,2026-10-07,15,11,4,166,143,86.1,143,0,0,Offline,False,False,True,A2 TRANSPORTES,A2 Transportes
68212,21,2026-08-31T22:36,2026-08-31,2026-10-07,38,34,4,617,617,100.0,4,613,5,Offline e Erro SD + Gravação,True,True,True,A2 TRANSPORTES,A2 Transportes
68219,21,2026-08-31T21:15,2026-08-31,2026-10-07,38,34,4,603,603,100.0,603,0,0,Offline,True,True,True,A2 TRANSPORTES,
68236,21,2026-09-03T07:22,2026-09-03,2026-10-07,35,14,21,197,197,100.0,197,0,0,Offline,True,True,True,A2 TRANSPORTES,A2 Transportes
68247,21,2026-09-16T09:29,2026-09-16,2026-10-07,22,13,9,177,177,100.0,177,0,0,Offline,True,True,True,A2 TRANSPORTES,
68248,21,2026-08-31T21:51,2026-08-31,2026-10-07,38,34,4,620,620,100.0,620,0,0,Offline,True,True,True,A2 TRANSPORTES,A2 Transportes
68248,22,2026-08-31T21:52,2026-08-31,2026-10-07,38,38,0,701,701,100.0,701,0,0,Offline,True,True,True,A2 TRANSPORTES,A2 Transportes
68249,21,2026-08-31T21:41,2026-08-31,2026-10-07,38,34,4,645,645,100.0,244,401,5,Offline e Erro SD + Gravação,True,True,True,A2 TRANSPORTES,
68256,21,2026-09-01T08:30,2026-09-01,2026-10-07,37,25,12,428,428,100.0,428,0,0,Offline,True,True,True,A2 TRANSPORTES,A2 Transportes
68263,21,2026-09-03T07:30,2026-09-03,2026-10-06,34,11,23,82,82,100.0,82,0,0,Offline,True,True,False,A2 TRANSPORTES,A2 Transportes
68266,21,2026-09-03T04:52,2026-09-03,2026-10-07,35,31,4,610,606,99.3,606,0,0,Offline,False,False,True,A2 TRANSPORTES,A2 Transportes
68270,21,2026-09-13T15:30,2026-09-13,2026-10-07,25,18,7,326,326,100.0,326,0,0,Offline,True,True,True,A2 TRANSPORTES,
68273,21,2026-08-31T22:10,2026-08-31,2026-10-07,38,34,4,590,294,49.8,294,0,0,Offline,False,True,True,A2 TRANSPORTES,A2 Transportes
68274,21,2026-08-31T22:06,2026-08-31,2026-10-07,38,34,4,547,547,100.0,547,0,0,Offline,True,True,True,A2 TRANSPORTES,A2 Transportes
68275,21,2026-09-21T10:08,2026-09-21,2026-10-06,16,3,13,6,6,100.0,6,0,0,Offline,True,True,False,A2 TRANSPORTES,
68281,21,2026-09-23T09:00,2026-09-23,2026-09-23,1,1,0,1,1,100.0,1,0,0,Offline,True,True,False,A2 TRANSPORTES,
68284,21,2026-08-31T22:55,2026-08-31,2026-10-07,38,29,9,485,485,100.0,485,0,0,Offline,True,True,True,A2 TRANSPORTES,A2 Transportes
68285,21,2026-08-31T21:00,2026-08-31,2026-10-07,38,32,6,566,566,100.0,566,0,0,Offline,True,True,True,A2 TRANSPORTES,A2 Transportes
68286,21,2026-09-11T07:24,2026-09-11,2026-10-07,27,23,4,430,423,98.4,423,0,0,Offline,False,False,True,A2 TRANSPORTES,A2 Transportes
68287,21,2026-09-01T00:19,2026-09-01,2026-10-07,37,33,4,597,597,100.0,597,0,0,Offline,True,True,True,A2 TRANSPORTES,A2 Transportes
68288,21,2026-08-31T21:32,2026-08-31,2026-10-07,38,27,11,402,402,100.0,1,401,5,Offline e Erro SD + Gravação,True,True,True,A2 TRANSPORTES,A2 Transportes
68293,21,2026-08-31T21:19,2026-08-31,2026-10-07,38,34,4,615,615,100.0,615,0,0,Offline,True,True,True,A2 TRANSPORTES,A2 Transportes
68298,21,2026-08-31T21:57,2026-08-31,2026-10-07,38,34,4,612,612,100.0,612,0,0,Offline,True,True,True,A2 TRANSPORTES,A2 Transportes
68300,22,2026-09-02T07:43,2026-09-02,2026-09-05,4,4,0,59,59,100.0,59,0,0,Offline,True,True,False,A2 TRANSPORTES,
68309,21,2026-09-14T08:55,2026-09-14,2026-10-07,24,17,7,271,271,100.0,271,0,0,Offline,True,True,True,A2 TRANSPORTES,
68311,21,2026-08-31T21:46,2026-08-31,2026-10-07,38,34,4,590,590,100.0,590,0,0,Offline,True,True,True,A2 TRANSPORTES,
68314,21,2026-09-04T12:34,2026-09-04,2026-09-26,23,7,16,109,109,100.0,109,0,0,Offline,True,True,False,A2 TRANSPORTES,
68316,21,2026-08-31T21:34,2026-08-31,2026-10-07,38,34,4,528,528,100.0,0,528,5,Erro SD + Gravação,True,True,True,A2 TRANSPORTES,A2 Transportes
68317,21,2026-09-12T23:50,2026-09-12,2026-10-07,26,22,4,403,382,94.8,0,382,5,Erro SD + Gravação,False,False,True,A2 TRANSPORTES,
68318,21,2026-08-31T21:00,2026-08-31,2026-10-07,38,34,4,631,631,100.0,447,184,5,Offline e Erro SD + Gravação,True,True,True,A2 TRANSPORTES,
68320,21,2026-08-31T21:38,2026-08-31,2026-10-07,38,34,4,626,626,100.0,626,0,0,Offline,True,True,True,A2 TRANSPORTES,A2 Transportes
68322,21,,2026-10-06,2026-10-07,2,2,0,2,2,100.0,2,0,0,Offline,True,False,True,A2 TRANSPORTES,A2 Transportes
68330,21,2026-08-31T21:12,2026-08-31,2026-10-07,38,34,4,616,616,100.0,616,0,0,Offline,True,True,True,A2 TRANSPORTES,
68332,21,2026-08-31T23:00,2026-08-31,2026-10-05,36,21,15,309,309,100.0,309,0,0,Offline,True,True,False,A2 TRANSPORTES,A2 Transportes
68333,21,2026-09-02T08:40,2026-09-02,2026-10-07,36,28,8,514,514,100.0,514,0,0,Offline,True,True,True,A2 TRANSPORTES,A2 Transportes
68336,21,2026-09-08T15:17,2026-09-08,2026-10-07,30,4,26,5,5,100.0,5,0,0,Offline,True,True,True,A2 TRANSPORTES,
68338,21,2026-08-31T22:18,2026-08-31,2026-10-07,38,34,4,614,614,100.0,614,0,0,Offline,True,True,True,A2 TRANSPORTES,A2 Transportes
68340,21,2026-09-02T14:17,2026-09-02,2026-10-07,36,24,12,383,383,100.0,383,0,0,Offline,True,True,True,A2 TRANSPORTES,A2 Transportes
68341,21,2026-10-07T10:45,2026-10-07,2026-10-07,1,1,0,1,1,100.0,0,1,5,Erro SD + Gravação,True,False,True,A2 TRANSPORTES,
68342,21,2026-08-31T21:11,2026-08-31,2026-10-07,38,33,5,593,593,100.0,593,0,0,Offline,True,True,True,A2 TRANSPORTES,A2 Transportes
68355,21,2026-09-01T16:13,2026-09-01,2026-10-07,37,33,4,620,620,100.0,620,0,0,Offline,True,True,True,A2 TRANSPORTES,A2 Transportes
68368,21,2026-10-07T10:50,2026-10-07,2026-10-07,1,1,0,1,1,100.0,1,0,0,Offline,True,False,True,A2 TRANSPORTES,A2 Transportes
68369,22,2026-09-02T07:57,2026-09-02,2026-09-06,5,5,0,79,79,100.0,79,0,0,Offline,True,True,False,A2 TRANSPORTES,A2 Transportes
68371,21,2026-10-07T11:07,2026-10-07,2026-10-07,1,1,0,1,1,100.0,1,0,0,Offline,True,False,True,A2 TRANSPORTES,
68373,21,2026-09-01T00:34,2026-09-01,2026-10-07,37,33,4,623,623,100.0,623,0,0,Offline,True,True,True,A2 TRANSPORTES,A2 Transportes
68373,22,2026-08-31T22:35,2026-08-31,2026-10-07,38,38,0,683,683,100.0,683,0,0,Offline,True,True,True,A2 TRANSPORTES,A2 Transportes
68374,21,2026-08-31T21:46,2026-08-31,2026-10-06,37,8,29,83,83,100.0,83,0,0,Offline,True,True,False,A2 TRANSPORTES,
68374,22,2026-09-09T19:47,2026-09-09,2026-10-06,28,3,25,24,4,16.7,4,0,0,Offline,False,False,False,A2 TRANSPORTES,
68385,21,2026-09-09T06:25,2026-09-09,2026-10-07,29,25,4,469,469,100.0,469,0,0,Offline,True,False,True,A2 TRANSPORTES,A2 Transportes
68385,22,2026-09-09T06:27,2026-09-09,2026-10-07,29,29,0,533,531,99.6,531,0,0,Offline,False,False,True,A2 TRANSPORTES,A2 Transportes
68388,21,2026-08-31T21:08,2026-08-31,2026-10-07,38,34,4,617,617,100.0,617,0,0,Offline,True,True,True,A2 TRANSPORTES,A2 Transportes
68394,21,2026-08-31T21:17,2026-08-31,2026-10-07,38,34,4,584,584,100.0,584,0,0,Offline,True,True,True,A2 TRANSPORTES,A2 Transportes
68402,21,2026-09-04T04:37,2026-09-04,2026-10-07,34,30,4,566,562,99.3,562,0,0,Offline,False,False,True,A2 TRANSPORTES,A2 Transportes
68406,21,2026-10-03T21:55,2026-10-03,2026-10-07,5,5,0,25,25,100.0,0,25,5,Erro SD + Gravação,True,False,True,A2 TRANSPORTES,A2 Transportes
68408,21,2026-08-31T21:34,2026-08-31,2026-10-07,38,34,4,639,639,100.0,639,0,0,Offline,True,True,True,A2 TRANSPORTES,A2 Transportes
68409,21,2026-08-31T21:53,2026-08-31,2026-10-07,38,34,4,631,631,100.0,631,0,0,Offline,True,True,True,A2 TRANSPORTES,A2 Transportes
68411,21,2026-09-04T10:38,2026-09-04,2026-10-07,34,30,4,565,559,98.9,559,0,0,Offline,False,False,True,A2 TRANSPORTES,A2 Transportes
68413,21,2026-08-31T21:06,2026-08-31,2026-10-07,38,33,5,582,582,100.0,582,0,0,Offline,True,True,True,A2 TRANSPORTES,A2 Transportes
68420,21,2026-09-03T07:55,2026-09-03,2026-10-07,35,21,14,269,269,100.0,269,0,0,Offline,True,True,True,A2 TRANSPORTES,
68421,21,2026-09-01T01:25,2026-09-01,2026-10-07,37,33,4,625,625,100.0,625,0,0,Offline,True,True,True,A2 TRANSPORTES,A2 Transportes
68421,22,2026-08-31T21:25,2026-08-31,2026-10-07,38,38,0,680,680,100.0,680,0,0,Offline,True,True,True,A2 TRANSPORTES,A2 Transportes
68422,21,2026-08-31T21:49,2026-08-31,2026-10-07,38,34,4,622,622,100.0,622,0,0,Offline,True,True,True,A2 TRANSPORTES,A2 Transportes
68423,21,2026-08-31T21:27,2026-08-31,2026-10-07,38,34,4,640,640,100.0,7,633,5,Offline e Erro SD + Gravação,True,True,True,A2 TRANSPORTES,A2 Transportes
68429,21,2026-10-04T01:45,2026-10-04,2026-10-07,4,4,0,17,14,82.4,14,0,0,Offline,False,False,True,A2 TRANSPORTES,A2 Transportes
68431,21,2026-09-01T10:48,2026-09-01,2026-10-07,37,33,4,601,569,94.7,39,530,5,Offline e Erro SD + Gravação,False,False,True,A2 TRANSPORTES,
68433,21,2026-08-31T21:03,2026-08-31,2026-10-07,38,31,7,520,520,100.0,520,0,0,Offline,True,True,True,A2 TRANSPORTES,A2 Transportes
68434,21,2026-10-07T11:10,2026-10-07,2026-10-07,1,1,0,1,1,100.0,1,0,0,Offline,True,False,True,A2 TRANSPORTES,A2 Transportes
68435,21,2026-08-31T22:33,2026-08-31,2026-10-07,38,24,14,390,390,100.0,390,0,0,Offline,True,True,True,A2 TRANSPORTES,
68450,21,2026-09-03T13:14,2026-09-03,2026-10-07,35,31,4,562,562,100.0,562,0,0,Offline,True,True,True,A2 TRANSPORTES,A2 Transportes
68454,21,2026-08-31T21:36,2026-08-31,2026-10-07,38,29,9,483,483,100.0,483,0,0,Offline,True,True,True,A2 TRANSPORTES,
68456,21,2026-09-02T15:25,2026-09-02,2026-10-07,36,22,14,401,401,100.0,401,0,0,Offline,True,True,True,A2 TRANSPORTES,A2 Transportes
68459,21,2026-09-08T21:15,2026-09-08,2026-10-07,30,26,4,475,475,100.0,475,0,0,Offline,True,True,True,A2 TRANSPORTES,
68459,22,2026-09-08T21:15,2026-09-08,2026-10-07,30,30,0,548,548,100.0,548,0,0,Offline,True,True,True,A2 TRANSPORTES,
68462,21,2026-08-31T22:48,2026-08-31,2026-10-07,38,34,4,591,591,100.0,591,0,0,Offline,True,True,True,A2 TRANSPORTES,A2 Transportes
68472,22,2026-10-07T10:56,2026-10-07,2026-10-07,1,1,0,1,1,100.0,0,1,5,Erro SD + Gravação,True,False,True,A2 TRANSPORTES,
68473,21,2026-09-24T21:17,2026-09-24,2026-10-07,14,10,4,140,121,86.4,121,0,0,Offline,False,False,True,A2 TRANSPORTES,A2 Transportes
68473,22,2026-09-24T21:19,2026-09-24,2026-10-07,14,14,0,205,186,90.7,186,0,0,Offline,False,False,True,A2 TRANSPORTES,A2 Transportes
68476,22,2026-09-02T08:07,2026-09-02,2026-09-10,9,3,6,8,8,100.0,8,0,0,Offline,True,True,False,A2 TRANSPORTES,
68478,21,2026-10-07T10:54,2026-10-07,2026-10-07,1,1,0,1,1,100.0,0,1,5,Erro SD + Gravação,True,False,True,A2 TRANSPORTES,A2 Transportes
68488,21,2026-10-03T21:41,2026-10-03,2026-10-07,5,5,0,26,26,100.0,26,0,0,Offline,True,False,True,A2 TRANSPORTES,
68491,21,2026-08-31T21:25,2026-08-31,2026-10-07,38,33,5,607,607,100.0,607,0,0,Offline,True,True,True,A2 TRANSPORTES,A2 Transportes
68492,21,2026-09-02T13:31,2026-09-02,2026-09-28,27,19,8,339,339,100.0,339,0,0,Offline,True,True,False,A2 TRANSPORTES,A2 Transportes
68492,22,2026-09-02T13:31,2026-09-02,2026-10-02,31,23,8,398,398,100.0,398,0,0,Offline,True,True,False,A2 TRANSPORTES,A2 Transportes
68494,21,2026-10-07T10:24,2026-10-07,2026-10-07,1,1,0,1,1,100.0,1,0,0,Offline,True,False,True,A2 TRANSPORTES,
68495,22,2026-09-28T10:09,2026-09-28,2026-10-07,10,5,5,57,57,100.0,56,1,5,Offline e Erro SD + Gravação,True,False,True,A2 TRANSPORTES,A2 Transportes
68496,21,2026-08-31T21:36,2026-08-31,2026-10-07,38,34,4,593,593,100.0,593,0,0,Offline,True,True,True,A2 TRANSPORTES,A2 Transportes
68496,22,2026-08-31T21:36,2026-08-31,2026-10-07,38,38,0,658,658,100.0,658,0,0,Offline,True,True,True,A2 TRANSPORTES,A2 Transportes
68497,21,2026-09-05T21:04,2026-09-05,2026-10-07,33,19,14,295,289,98.0,3,286,5,Offline e Erro SD + Gravação,False,False,True,A2 TRANSPORTES,A2 Transportes
68497,22,2026-08-31T23:04,2026-08-31,2026-10-07,38,28,10,412,412,100.0,411,1,5,Offline e Erro SD + Gravação,True,True,True,A2 TRANSPORTES,A2 Transportes
68501,21,2026-09-04T07:39,2026-09-04,2026-10-07,34,18,16,179,179,100.0,179,0,0,Offline,True,True,True,A2 TRANSPORTES,
68501,22,2026-09-04T07:39,2026-09-04,2026-10-07,34,22,12,221,221,100.0,221,0,0,Offline,True,True,True,A2 TRANSPORTES,
68502,21,2026-08-31T21:19,2026-08-31,2026-10-07,38,34,4,608,608,100.0,0,608,5,Erro SD + Gravação,True,True,True,A2 TRANSPORTES,A2 Transportes
68505,21,2026-08-31T21:03,2026-08-31,2026-10-07,38,34,4,616,616,100.0,616,0,0,Offline,True,True,True,A2 TRANSPORTES,
68507,21,2026-08-31T21:47,2026-08-31,2026-10-07,38,34,4,624,624,100.0,624,0,0,Offline,True,True,True,A2 TRANSPORTES,
68522,22,2026-10-07T11:08,2026-10-07,2026-10-07,1,1,0,1,1,100.0,0,1,5,Erro SD + Gravação,True,False,True,A2 TRANSPORTES,A2 Transportes
68529,21,2026-10-07T11:27,2026-10-07,2026-10-07,1,1,0,1,1,100.0,1,0,0,Offline,True,False,True,A2 TRANSPORTES,A2 Transportes
68536,22,2026-10-07T10:56,2026-10-07,2026-10-07,1,1,0,1,1,100.0,1,0,0,Offline,True,False,True,A2 TRANSPORTES,A2 Transportes
68541,22,2026-10-07T11:16,2026-10-07,2026-10-07,1,1,0,1,1,100.0,1,0,0,Offline,True,False,True,A2 TRANSPORTES,A2 Transportes
68547,21,2026-08-31T21:36,2026-08-31,2026-10-07,38,34,4,634,634,100.0,32,602,5,Offline e Erro SD + Gravação,True,True,True,A2 TRANSPORTES,
68547,22,2026-08-31T22:36,2026-08-31,2026-10-07,38,38,0,681,681,100.0,680,1,5,Offline e Erro SD + Gravação,True,True,True,A2 TRANSPORTES,
68551,21,2026-08-31T21:10,2026-08-31,2026-10-07,38,34,4,625,625,100.0,625,0,0,Offline,True,True,True,A2 TRANSPORTES,A2 Transportes
68552,22,2026-10-07T10:43,2026-10-07,2026-10-07,1,1,0,1,1,100.0,0,1,5,Erro SD + Gravação,True,False,True,A2 TRANSPORTES,
68554,21,2026-08-31T21:46,2026-08-31,2026-10-07,38,34,4,628,628,100.0,628,0,0,Offline,True,True,True,A2 TRANSPORTES,
68557,22,2026-10-07T10:47,2026-10-07,2026-10-07,1,1,0,1,1,100.0,0,1,5,Erro SD + Gravação,True,False,True,A2 TRANSPORTES,A2 Transportes
68563,21,2026-10-07T11:26,2026-10-07,2026-10-07,1,1,0,1,1,100.0,0,1,5,Erro SD + Gravação,True,False,True,A2 TRANSPORTES,
68564,21,2026-09-01T04:45,2026-09-01,2026-10-07,37,33,4,619,619,100.0,619,0,0,Offline,True,True,True,A2 TRANSPORTES,A2 Transportes
68564,22,2026-09-01T00:45,2026-09-01,2026-10-07,37,37,0,672,672,100.0,672,0,0,Offline,True,True,True,A2 TRANSPORTES,A2 Transportes
68567,21,2026-10-07T11:30,2026-10-07,2026-10-07,1,1,0,1,1,100.0,1,0,0,Offline,True,False,True,A2 TRANSPORTES,A2 Transportes
68576,22,2026-10-07T11:33,2026-10-07,2026-10-07,1,1,0,1,1,100.0,1,0,0,Offline,True,False,True,A2 TRANSPORTES,A2 Transportes
68579,21,2026-09-02T08:02,2026-09-02,2026-09-06,5,5,0,65,65,100.0,65,0,0,Offline,True,True,False,A2 TRANSPORTES,
68580,21,2026-10-07T11:33,2026-10-07,2026-10-07,1,1,0,1,1,100.0,1,0,0,Offline,True,False,True,A2 TRANSPORTES,
68588,21,2026-10-03T22:30,2026-10-03,2026-10-07,5,5,0,24,19,79.2,1,18,5,Offline e Erro SD + Gravação,False,False,True,A2 TRANSPORTES,
68588,22,2026-09-18T11:00,2026-09-18,2026-10-07,20,20,0,326,326,100.0,325,1,5,Offline e Erro SD + Gravação,True,True,True,A2 TRANSPORTES,
68590,21,,2026-10-06,2026-10-07,2,2,0,2,2,100.0,2,0,0,Offline,True,False,True,A2 TRANSPORTES,
68590,22,2026-10-07T11:27,2026-10-07,2026-10-07,1,1,0,1,1,100.0,1,0,0,Offline,True,False,True,A2 TRANSPORTES,
68591,21,2026-09-08T17:27,2026-09-08,2026-10-07,30,26,4,470,309,65.7,309,0,0,Offline,False,False,True,A2 TRANSPORTES,A2 Transportes
68592,21,2026-09-17T07:00,2026-09-17,2026-10-07,21,17,4,301,301,100.0,301,0,0,Offline,True,True,True,A2 TRANSPORTES,
68593,22,2026-08-31T21:23,2026-08-31,2026-10-07,38,37,1,675,675,100.0,675,0,0,Offline,True,True,True,A2 TRANSPORTES,A2 Transportes
68595,21,2026-10-07T11:07,2026-10-07,2026-10-07,1,1,0,1,1,100.0,0,1,5,Erro SD + Gravação,True,False,True,A2 TRANSPORTES,
68597,22,2026-10-07T11:16,2026-10-07,2026-10-07,1,1,0,1,1,100.0,1,0,0,Offline,True,False,True,A2 TRANSPORTES,
68598,22,2026-10-07T10:56,2026-10-07,2026-10-07,1,1,0,1,1,100.0,1,0,0,Offline,True,False,True,A2 TRANSPORTES,
68601,22,2026-10-07T11:04,2026-10-07,2026-10-07,1,1,0,1,1,100.0,1,0,0,Offline,True,False,True,A2 TRANSPORTES,
68615,22,2026-09-18T10:40,2026-09-18,2026-10-07,20,19,1,323,323,100.0,322,1,5,Offline e Erro SD + Gravação,True,True,True,A2 TRANSPORTES,
68618,22,2026-10-07T10:54,2026-10-07,2026-10-07,1,1,0,1,1,100.0,1,0,0,Offline,True,False,True,A2 TRANSPORTES,
68620,22,2026-10-07T11:38,2026-10-07,2026-10-07,1,1,0,1,1,100.0,1,0,0,Offline,True,False,True,A2 TRANSPORTES,A2 Transportes
68623,21,2026-09-04T11:49,2026-09-04,2026-10-07,34,26,8,426,426,100.0,426,0,0,Offline,True,True,True,A2 TRANSPORTES,
68624,22,2026-10-07T11:13,2026-10-07,2026-10-07,1,1,0,1,1,100.0,1,0,0,Offline,True,False,True,A2 TRANSPORTES,
68625,22,2026-10-07T11:40,2026-10-07,2026-10-07,1,1,0,1,1,100.0,1,0,0,Offline,True,False,True,A2 TRANSPORTES,
68626,21,2026-09-18T11:10,2026-09-18,2026-10-07,20,16,4,272,272,100.0,1,271,5,Offline e Erro SD + Gravação,True,True,True,A2 TRANSPORTES,
68626,22,2026-09-18T11:10,2026-09-18,2026-10-07,20,19,1,313,313,100.0,312,1,5,Offline e Erro SD + Gravação,True,True,True,A2 TRANSPORTES,
68628,22,2026-10-07T11:35,2026-10-07,2026-10-07,1,1,0,1,1,100.0,1,0,0,Offline,True,False,True,A2 TRANSPORTES,
68629,21,2026-09-18T11:12,2026-09-18,2026-10-07,20,16,4,272,272,100.0,193,79,5,Offline e Erro SD + Gravação,True,True,True,A2 TRANSPORTES,
68629,22,2026-09-18T11:12,2026-09-18,2026-10-07,20,19,1,325,325,100.0,289,36,5,Offline e Erro SD + Gravação,True,True,True,A2 TRANSPORTES,
68631,22,2026-10-07T11:14,2026-10-07,2026-10-07,1,1,0,1,1,100.0,1,0,0,Offline,True,False,True,A2 TRANSPORTES,
68632,22,2026-10-07T11:09,2026-10-07,2026-10-07,1,1,0,1,1,100.0,1,0,0,Offline,True,False,True,A2 TRANSPORTES,
68633,22,2026-10-07T11:18,2026-10-07,2026-10-07,1,1,0,1,1,100.0,1,0,0,Offline,True,False,True,A2 TRANSPORTES,
68635,21,2026-09-06T06:10,2026-09-06,2026-10-07,32,17,15,268,268,100.0,224,44,5,Offline e Erro SD + Gravação,True,True,True,A2 TRANSPORTES,
68635,22,2026-09-18T11:07,2026-09-18,2026-10-07,20,19,1,309,309,100.0,309,0,0,Offline,True,True,True,A2 TRANSPORTES,
68636,21,2026-08-31T21:33,2026-08-31,2026-10-07,38,34,4,625,625,100.0,625,0,0,Offline,True,True,True,A2 TRANSPORTES,A2 Transportes
68637,22,2026-10-07T10:45,2026-10-07,2026-10-07,1,1,0,1,1,100.0,1,0,0,Offline,True,False,True,A2 TRANSPORTES,
68638,22,2026-10-07T10:55,2026-10-07,2026-10-07,1,1,0,1,1,100.0,1,0,0,Offline,True,False,True,A2 TRANSPORTES,
68639,21,2026-09-18T10:48,2026-09-18,2026-10-07,20,16,4,272,272,100.0,272,0,0,Offline,True,True,True,A2 TRANSPORTES,A2 Transportes
68639,22,2026-09-18T10:48,2026-09-18,2026-10-07,20,19,1,318,318,100.0,318,0,0,Offline,True,True,True,A2 TRANSPORTES,A2 Transportes
68640,22,2026-10-07T10:55,2026-10-07,2026-10-07,1,1,0,1,1,100.0,1,0,0,Offline,True,False,True,A2 TRANSPORTES,A2 Transportes
68641,21,2026-09-18T10:53,2026-09-18,2026-10-07,20,16,4,277,277,100.0,270,7,5,Offline e Erro SD + Gravação,True,True,True,A2 TRANSPORTES,
68641,22,2026-09-18T10:53,2026-09-18,2026-10-07,20,19,1,315,315,100.0,315,0,0,Offline,True,True,True,A2 TRANSPORTES,
68644,21,2026-09-18T11:08,2026-09-18,2026-10-07,20,16,4,277,277,100.0,277,0,0,Offline,True,True,True,A2 TRANSPORTES,
68644,22,2026-09-18T11:08,2026-09-18,2026-10-07,20,19,1,320,320,100.0,320,0,0,Offline,True,True,True,A2 TRANSPORTES,
68645,21,2026-09-18T11:12,2026-09-18,2026-10-07,20,16,4,274,274,100.0,274,0,0,Offline,True,True,True,A2 TRANSPORTES,
68645,22,2026-09-18T11:12,2026-09-18,2026-10-07,20,19,1,330,330,100.0,330,0,0,Offline,True,True,True,A2 TRANSPORTES,
68646,22,2026-10-07T11:41,2026-10-07,2026-10-07,1,1,0,1,1,100.0,1,0,0,Offline,True,False,True,A2 TRANSPORTES,
68649,22,2026-10-07T10:57,2026-10-07,2026-10-07,1,1,0,1,1,100.0,1,0,0,Offline,True,False,True,A2 TRANSPORTES,
68650,21,2026-09-18T10:54,2026-09-18,2026-10-07,20,16,4,273,273,100.0,0,273,5,Erro SD + Gravação,True,True,True,A2 TRANSPORTES,
68651,21,2026-08-31T21:09,2026-08-31,2026-10-07,38,27,11,449,449,100.0,449,0,0,Offline,True,True,True,A2 TRANSPORTES,A2 Transportes
68653,22,2026-09-23T13:47,2026-09-23,2026-09-23,1,1,0,1,1,100.0,1,0,0,Offline,True,True,False,A2 TRANSPORTES,A2 Transportes
68654,21,2026-09-04T18:22,2026-09-04,2026-09-04,1,1,0,12,1,8.3,1,0,0,Offline,False,False,False,A2 TRANSPORTES,
68655,21,2026-09-18T11:13,2026-09-18,2026-10-07,20,16,4,273,273,100.0,273,0,0,Offline,True,True,True,A2 TRANSPORTES,
68655,22,2026-09-18T11:13,2026-09-18,2026-10-07,20,19,1,316,316,100.0,316,0,0,Offline,True,True,True,A2 TRANSPORTES,
68657,22,2026-10-07T11:04,2026-10-07,2026-10-07,1,1,0,1,1,100.0,1,0,0,Offline,True,False,True,A2 TRANSPORTES,A2 Transportes
68658,22,2026-10-07T11:36,2026-10-07,2026-10-07,1,1,0,1,1,100.0,1,0,0,Offline,True,False,True,A2 TRANSPORTES,
68659,21,2026-09-18T10:37,2026-09-18,2026-10-07,20,16,4,275,275,100.0,275,0,0,Offline,True,True,True,A2 TRANSPORTES,
68659,22,2026-09-18T10:37,2026-09-18,2026-10-07,20,19,1,322,322,100.0,322,0,0,Offline,True,True,True,A2 TRANSPORTES,
68660,21,2026-09-18T10:53,2026-09-18,2026-10-07,20,16,4,274,274,100.0,274,0,0,Offline,True,True,True,A2 TRANSPORTES,
68660,22,2026-09-18T10:53,2026-09-18,2026-10-07,20,19,1,323,323,100.0,323,0,0,Offline,True,True,True,A2 TRANSPORTES,
68674,21,2026-08-31T22:21,2026-08-31,2026-10-07,38,32,6,557,557,100.0,557,0,0,Offline,True,True,True,A2 TRANSPORTES,
68708,21,2026-10-07T11:01,2026-10-07,2026-10-07,1,1,0,1,1,100.0,1,0,0,Offline,True,False,True,A2 TRANSPORTES,A2 Transportes
68712,21,2026-09-14T10:30,2026-09-14,2026-10-07,24,19,5,268,268,100.0,268,0,0,Offline,True,True,True,A2 TRANSPORTES,A2 Transportes
68713,21,2026-09-04T16:54,2026-09-04,2026-10-07,34,28,6,493,493,100.0,493,0,0,Offline,True,True,True,A2 TRANSPORTES,A2 Transportes
68725,21,,2026-10-06,2026-10-07,2,2,0,2,2,100.0,0,2,5,Erro SD + Gravação,True,False,True,A2 TRANSPORTES,A2 Transportes
68748,21,2026-08-31T21:20,2026-08-31,2026-10-07,38,34,4,672,672,100.0,672,0,0,Offline,True,True,True,A2 TRANSPORTES,
68749,21,2026-10-07T11:00,2026-10-07,2026-10-07,1,1,0,1,1,100.0,1,0,0,Offline,True,False,True,A2 TRANSPORTES,A2 Transportes
68766,21,2026-08-31T21:08,2026-08-31,2026-10-07,38,34,4,613,613,100.0,9,604,5,Offline e Erro SD + Gravação,True,True,True,A2 TRANSPORTES,A2 Transportes
68770,21,2026-09-02T08:48,2026-09-02,2026-09-05,4,4,0,50,50,100.0,50,0,0,Offline,True,True,False,A2 TRANSPORTES,
68779,21,2026-09-02T14:59,2026-09-02,2026-10-07,36,32,4,507,507,100.0,507,0,0,Offline,True,True,True,A2 TRANSPORTES,A2 Transportes
68779,22,2026-09-02T15:00,2026-09-02,2026-10-07,36,34,2,561,561,100.0,561,0,0,Offline,True,True,True,A2 TRANSPORTES,A2 Transportes
68800,21,2026-09-04T08:18,2026-09-04,2026-09-28,25,25,0,541,537,99.3,537,0,0,Offline,False,False,False,A2 TRANSPORTES,
68813,21,2026-08-31T22:21,2026-08-31,2026-10-07,38,34,4,596,596,100.0,596,0,0,Offline,True,True,True,A2 TRANSPORTES,
68816,21,2026-09-04T22:00,2026-09-04,2026-10-07,34,30,4,574,556,96.9,556,0,0,Offline,False,False,True,A2 TRANSPORTES,A2 Transportes
68830,21,2026-08-31T21:00,2026-08-31,2026-10-07,38,34,4,563,563,100.0,563,0,0,Offline,True,True,True,A2 TRANSPORTES,A2 Transportes
68831,21,2026-08-31T21:55,2026-08-31,2026-10-07,38,34,4,667,667,100.0,667,0,0,Offline,True,True,True,A2 TRANSPORTES,A2 Transportes
68838,21,2026-09-01T04:53,2026-09-01,2026-10-07,37,33,4,606,606,100.0,606,0,0,Offline,True,True,True,A2 TRANSPORTES,A2 Transportes
68847,21,2026-08-31T21:21,2026-08-31,2026-10-07,38,34,4,517,517,100.0,517,0,0,Offline,True,True,True,A2 TRANSPORTES,A2 Transportes
68852,21,2026-08-31T21:33,2026-08-31,2026-10-07,38,34,4,627,627,100.0,627,0,0,Offline,True,True,True,A2 TRANSPORTES,
68854,21,2026-08-31T21:04,2026-08-31,2026-10-07,38,34,4,574,574,100.0,574,0,0,Offline,True,True,True,A2 TRANSPORTES,A2 Transportes
68862,21,2026-09-02T08:21,2026-09-02,2026-09-05,4,4,0,57,57,100.0,57,0,0,Offline,True,True,False,A2 TRANSPORTES,
68879,21,2026-08-31T21:44,2026-08-31,2026-10-07,38,34,4,607,607,100.0,0,607,5,Erro SD + Gravação,True,True,True,A2 TRANSPORTES,
68885,21,2026-10-03T21:02,2026-10-03,2026-10-07,5,5,0,24,24,100.0,24,0,0,Offline,True,False,True,A2 TRANSPORTES,
68887,21,2026-09-10T10:27,2026-09-10,2026-10-07,28,24,4,396,396,100.0,396,0,0,Offline,True,True,True,A2 TRANSPORTES,A2 Transportes
68888,21,2026-08-31T21:11,2026-08-31,2026-10-07,38,34,4,669,669,100.0,669,0,0,Offline,True,True,True,A2 TRANSPORTES,
68903,21,2026-08-31T22:37,2026-08-31,2026-10-07,38,34,4,601,601,100.0,601,0,0,Offline,True,True,True,A2 TRANSPORTES,
68904,21,2026-08-31T21:01,2026-08-31,2026-10-07,38,34,4,571,571,100.0,571,0,0,Offline,True,True,True,A2 TRANSPORTES,
68905,21,2026-08-31T21:04,2026-08-31,2026-10-07,38,24,14,361,361,100.0,361,0,0,Offline,True,True,True,A2 TRANSPORTES,
68908,21,2026-08-31T21:52,2026-08-31,2026-10-07,38,20,18,303,303,100.0,303,0,0,Offline,True,True,True,A2 TRANSPORTES,
68909,21,2026-08-31T21:07,2026-08-31,2026-10-07,38,34,4,587,587,100.0,587,0,0,Offline,True,True,True,A2 TRANSPORTES,
68910,21,2026-08-31T21:24,2026-08-31,2026-10-07,38,34,4,597,597,100.0,597,0,0,Offline,True,True,True,A2 TRANSPORTES,
68911,21,2026-09-11T12:11,2026-09-11,2026-10-07,27,22,5,222,219,98.6,0,219,5,Erro SD + Gravação,False,False,True,A2 TRANSPORTES,
68914,21,2026-08-31T21:51,2026-08-31,2026-10-07,38,34,4,593,593,100.0,593,0,0,Offline,True,True,True,A2 TRANSPORTES,
68914,22,2026-08-31T22:51,2026-08-31,2026-10-07,38,37,1,643,643,100.0,643,0,0,Offline,True,True,True,A2 TRANSPORTES,
68915,21,2026-08-31T21:25,2026-08-31,2026-10-07,38,34,4,592,592,100.0,592,0,0,Offline,True,True,True,A2 TRANSPORTES,
68917,21,2026-08-31T21:18,2026-08-31,2026-10-07,38,34,4,610,610,100.0,610,0,0,Offline,True,True,True,A2 TRANSPORTES,
68917,22,2026-08-31T21:18,2026-08-31,2026-10-07,38,37,1,661,661,100.0,661,0,0,Offline,True,True,True,A2 TRANSPORTES,
68919,21,2026-08-31T22:59,2026-08-31,2026-10-07,38,34,4,623,623,100.0,623,0,0,Offline,True,True,True,A2 TRANSPORTES,
68919,22,2026-08-31T23:59,2026-08-31,2026-10-07,38,37,1,657,657,100.0,657,0,0,Offline,True,True,True,A2 TRANSPORTES,
68920,21,2026-09-01T06:32,2026-09-01,2026-10-07,37,32,5,548,548,100.0,548,0,0,Offline,True,True,True,A2 TRANSPORTES,A2 Transportes
68921,21,2026-08-31T21:07,2026-08-31,2026-10-07,38,34,4,619,619,100.0,619,0,0,Offline,True,True,True,A2 TRANSPORTES,
68921,22,2026-08-31T21:07,2026-08-31,2026-10-07,38,37,1,665,665,100.0,665,0,0,Offline,True,True,True,A2 TRANSPORTES,
68922,21,2026-08-31T21:20,2026-08-31,2026-10-07,38,34,4,593,593,100.0,593,0,0,Offline,True,True,True,A2 TRANSPORTES,
68923,21,2026-08-31T22:53,2026-08-31,2026-10-07,38,25,13,355,355,100.0,355,0,0,Offline,True,True,True,A2 TRANSPORTES,
68923,22,2026-08-31T21:53,2026-08-31,2026-10-07,38,28,10,394,394,100.0,394,0,0,Offline,True,True,True,A2 TRANSPORTES,
68924,21,2026-08-31T21:23,2026-08-31,2026-10-07,38,34,4,577,577,100.0,577,0,0,Offline,True,True,True,A2 TRANSPORTES,
68924,22,2026-09-01T05:24,2026-09-01,2026-10-07,37,36,1,624,624,100.0,624,0,0,Offline,True,True,True,A2 TRANSPORTES,
68928,21,2026-09-01T09:44,2026-09-01,2026-10-07,37,16,21,175,175,100.0,175,0,0,Offline,True,True,True,A2 TRANSPORTES,
68929,21,2026-08-31T21:37,2026-08-31,2026-10-07,38,33,5,509,509,100.0,509,0,0,Offline,True,True,True,A2 TRANSPORTES,
68929,22,2026-08-31T21:37,2026-08-31,2026-10-07,38,35,3,553,553,100.0,553,0,0,Offline,True,True,True,A2 TRANSPORTES,
68930,21,2026-10-07T11:08,2026-10-07,2026-10-07,1,1,0,1,1,100.0,1,0,0,Offline,True,False,True,A2 TRANSPORTES,A2 Transportes
68931,21,2026-09-01T04:26,2026-09-01,2026-10-07,37,33,4,508,508,100.0,508,0,0,Offline,True,True,True,A2 TRANSPORTES,A2 Transportes
68933,21,2026-08-31T22:40,2026-08-31,2026-10-07,38,34,4,566,566,100.0,566,0,0,Offline,True,True,True,A2 TRANSPORTES,
68934,21,2026-08-31T21:38,2026-08-31,2026-10-07,38,34,4,591,591,100.0,591,0,0,Offline,True,True,True,A2 TRANSPORTES,
68935,21,2026-08-31T21:45,2026-08-31,2026-10-07,38,34,4,526,526,100.0,526,0,0,Offline,True,True,True,A2 TRANSPORTES,A2 Transportes
68937,21,2026-08-31T22:49,2026-08-31,2026-10-07,38,34,4,522,522,100.0,522,0,0,Offline,True,True,True,A2 TRANSPORTES,
68937,22,2026-08-31T21:51,2026-08-31,2026-10-07,38,37,1,566,566,100.0,566,0,0,Offline,True,True,True,A2 TRANSPORTES,
68938,21,2026-09-04T10:00,2026-09-04,2026-10-07,34,20,14,294,294,100.0,294,0,0,Offline,True,True,True,A2 TRANSPORTES,
68938,22,2026-09-04T10:00,2026-09-04,2026-10-07,34,23,11,343,343,100.0,343,0,0,Offline,True,True,True,A2 TRANSPORTES,
68939,21,2026-08-31T21:45,2026-08-31,2026-10-07,38,34,4,592,592,100.0,592,0,0,Offline,True,True,True,A2 TRANSPORTES,
68939,22,2026-08-31T22:45,2026-08-31,2026-10-07,38,37,1,642,642,100.0,642,0,0,Offline,True,True,True,A2 TRANSPORTES,
68941,21,2026-09-14T18:34,2026-09-14,2026-10-07,24,18,6,176,168,95.5,0,168,5,Erro SD + Gravação,False,False,True,A2 TRANSPORTES,A2 Transportes
73002,24,2026-08-31T21:24,2026-08-31,2026-10-07,38,37,1,724,724,100.0,0,724,5,Erro SD + Gravação,True,True,True,METROPOLE PAULISTA - DEPINEDO,Viação Metrópole Pinedo
73002,25,2026-08-31T21:24,2026-08-31,2026-10-07,38,38,0,730,730,100.0,0,730,5,Erro SD + Gravação,True,True,True,METROPOLE PAULISTA - DEPINEDO,Viação Metrópole Pinedo
73003,21,2026-10-07T10:52,2026-10-07,2026-10-07,1,1,0,1,1,100.0,0,1,5,Erro SD + Gravação,True,False,True,METROPOLE PAULISTA - DEPINEDO,Viação Metrópole Pinedo
73003,23,2026-08-31T21:29,2026-08-31,2026-10-07,38,33,5,652,601,92.2,572,29,5,Offline e Erro SD + Gravação,False,True,True,METROPOLE PAULISTA - DEPINEDO,Viação Metrópole Pinedo
73005,23,2026-08-31T22:58,2026-08-31,2026-10-07,38,38,0,716,716,100.0,716,0,0,Offline,True,True,True,METROPOLE PAULISTA - DEPINEDO,
73005,24,2026-08-31T22:58,2026-08-31,2026-10-07,38,38,0,699,699,100.0,699,0,0,Offline,True,True,True,METROPOLE PAULISTA - DEPINEDO,
73005,25,2026-08-31T22:58,2026-08-31,2026-10-07,38,38,0,694,694,100.0,56,638,5,Offline e Erro SD + Gravação,True,True,True,METROPOLE PAULISTA - DEPINEDO,
73005,26,2026-08-31T22:58,2026-08-31,2026-10-07,38,34,4,631,631,100.0,631,0,0,Offline,True,True,True,METROPOLE PAULISTA - DEPINEDO,
73006,21,2026-09-14T09:47,2026-09-14,2026-10-07,24,20,4,352,343,97.4,0,343,5,Erro SD + Gravação,False,False,True,METROPOLE PAULISTA - DEPINEDO,Viação Metrópole Pinedo
73006,22,2026-10-07T10:54,2026-10-07,2026-10-07,1,1,0,1,1,100.0,0,1,5,Erro SD + Gravação,True,False,True,METROPOLE PAULISTA - DEPINEDO,Viação Metrópole Pinedo
73006,25,2026-09-30T05:16,2026-09-30,2026-10-07,8,8,0,75,72,96.0,9,63,5,Offline e Erro SD + Gravação,False,False,True,METROPOLE PAULISTA - DEPINEDO,Viação Metrópole Pinedo
73007,22,2026-10-07T11:44,2026-10-07,2026-10-07,1,1,0,1,1,100.0,0,1,5,Erro SD + Gravação,True,False,True,METROPOLE PAULISTA - DEPINEDO,
73009,23,2026-09-08T15:46,2026-09-08,2026-10-07,30,30,0,562,547,97.3,547,0,0,Offline,False,False,True,METROPOLE PAULISTA - DEPINEDO,Viação Metrópole Pinedo
73010,24,2026-08-31T21:38,2026-08-31,2026-10-07,38,38,0,724,724,100.0,0,724,5,Erro SD + Gravação,True,True,True,METROPOLE PAULISTA - DEPINEDO,Viação Metrópole Pinedo
73010,26,2026-08-31T21:38,2026-08-31,2026-10-07,38,34,4,662,662,100.0,0,662,5,Erro SD + Gravação,True,True,True,METROPOLE PAULISTA - DEPINEDO,Viação Metrópole Pinedo
73012,21,2026-10-07T11:06,2026-10-07,2026-10-07,1,1,0,1,1,100.0,0,1,5,Erro SD + Gravação,True,False,True,METROPOLE PAULISTA - DEPINEDO,Viação Metrópole Pinedo
73012,23,2026-09-27T22:35,2026-09-27,2026-10-07,11,11,0,138,117,84.8,0,117,5,Erro SD + Gravação,False,False,True,METROPOLE PAULISTA - DEPINEDO,Viação Metrópole Pinedo
73012,25,2026-09-03T07:10,2026-09-03,2026-10-07,35,35,0,677,666,98.4,5,661,5,Offline e Erro SD + Gravação,False,False,True,METROPOLE PAULISTA - DEPINEDO,Viação Metrópole Pinedo
73013,26,2026-08-31T21:03,2026-08-31,2026-10-07,38,34,4,647,647,100.0,25,622,5,Offline e Erro SD + Gravação,True,True,True,METROPOLE PAULISTA - DEPINEDO,Viação Metrópole Pinedo
73014,21,2026-10-07T11:07,2026-10-07,2026-10-07,1,1,0,1,1,100.0,0,1,5,Erro SD + Gravação,True,False,True,METROPOLE PAULISTA - DEPINEDO,Viação Metrópole Pinedo
73016,25,2026-08-31T21:19,2026-08-31,2026-10-07,38,38,0,727,709,97.5,709,0,0,Offline,False,True,True,METROPOLE PAULISTA - DEPINEDO,Viação Metrópole Pinedo
73016,26,2026-08-31T21:19,2026-08-31,2026-10-07,38,34,4,665,665,100.0,665,0,0,Offline,True,True,True,METROPOLE PAULISTA - DEPINEDO,Viação Metrópole Pinedo
73123,26,2026-10-05T10:45,2026-10-05,2026-10-07,3,3,0,12,3,25.0,3,0,0,Offline,False,False,True,METROPOLE PAULISTA - DEPINEDO,Viação Metrópole Pinedo
73207,21,2026-10-07T11:31,2026-10-07,2026-10-07,1,1,0,1,1,100.0,1,0,0,Offline,True,False,True,METROPOLE - MBOI - MIRIM,
73210,21,2026-10-07T11:38,2026-10-07,2026-10-07,1,1,0,1,1,100.0,1,0,0,Offline,True,False,True,METROPOLE - MBOI - MIRIM,
73216,21,2026-10-07T11:01,2026-10-07,2026-10-07,1,1,0,1,1,100.0,1,0,0,Offline,True,False,True,METROPOLE - MBOI - MIRIM,Viação Metrópole M'Boi Mirim
73218,21,2026-10-07T11:06,2026-10-07,2026-10-07,1,1,0,1,1,100.0,1,0,0,Offline,True,False,True,METROPOLE - MBOI - MIRIM,Viação Metrópole M'Boi Mirim
73222,21,2026-10-07T11:18,2026-10-07,2026-10-07,1,1,0,1,1,100.0,0,1,5,Erro SD + Gravação,True,False,True,METROPOLE - MBOI - MIRIM,Viação Metrópole M'Boi Mirim
73227,21,2026-10-03T21:39,2026-10-03,2026-10-07,5,5,0,25,25,100.0,25,0,0,Offline,True,False,True,METROPOLE - MBOI - MIRIM,
73227,22,2026-10-03T21:41,2026-10-03,2026-10-07,5,5,0,25,25,100.0,25,0,0,Offline,True,False,True,METROPOLE - MBOI - MIRIM,
73227,23,2026-10-03T21:44,2026-10-03,2026-10-07,5,5,0,23,23,100.0,23,0,0,Offline,True,False,True,METROPOLE - MBOI - MIRIM,
73229,21,2026-10-07T11:02,2026-10-07,2026-10-07,1,1,0,1,1,100.0,1,0,0,Offline,True,False,True,METROPOLE - MBOI - MIRIM,Viação Metrópole M'Boi Mirim
73301,25,2026-08-31T21:01,2026-08-31,2026-10-07,38,38,0,708,708,100.0,2,706,5,Offline e Erro SD + Gravação,True,True,True,METROPOLE PAULISTA - DEPINEDO,
73303,26,2026-10-07T11:12,2026-10-07,2026-10-07,1,1,0,1,1,100.0,1,0,0,Offline,True,False,True,METROPOLE PAULISTA - DEPINEDO,Viação Metrópole Pinedo
73305,22,2026-10-07T10:51,2026-10-07,2026-10-07,1,1,0,1,1,100.0,0,1,5,Erro SD + Gravação,True,False,True,METROPOLE PAULISTA - DEPINEDO,Viação Metrópole Pinedo
73306,25,2026-10-04T03:02,2026-10-04,2026-10-07,4,4,0,24,21,87.5,21,0,0,Offline,False,False,True,METROPOLE PAULISTA - DEPINEDO,Viação Metrópole Pinedo
73351,21,2026-08-31T21:51,2026-08-31,2026-10-07,38,34,4,645,645,100.0,645,0,0,Offline,True,True,True,METROPOLE - MBOI - MIRIM,
73351,22,2026-08-31T21:51,2026-08-31,2026-10-07,38,37,1,688,688,100.0,688,0,0,Offline,True,True,True,METROPOLE - MBOI - MIRIM,
73351,23,2026-08-31T21:52,2026-08-31,2026-10-07,38,38,0,706,706,100.0,706,0,0,Offline,True,True,True,METROPOLE - MBOI - MIRIM,
73357,21,2026-09-09T16:33,2026-09-09,2026-10-07,29,11,18,153,138,90.2,138,0,0,Offline,False,False,True,METROPOLE - MBOI - MIRIM,Viação Metrópole M'Boi Mirim
73357,22,2026-09-09T16:33,2026-09-09,2026-10-07,29,13,16,171,155,90.6,155,0,0,Offline,False,False,True,METROPOLE - MBOI - MIRIM,Viação Metrópole M'Boi Mirim
73357,23,2026-09-09T16:33,2026-09-09,2026-10-07,29,14,15,185,170,91.9,170,0,0,Offline,False,False,True,METROPOLE - MBOI - MIRIM,Viação Metrópole M'Boi Mirim
73362,21,2026-10-07T11:02,2026-10-07,2026-10-07,1,1,0,1,1,100.0,1,0,0,Offline,True,False,True,METROPOLE - MBOI - MIRIM,Viação Metrópole M'Boi Mirim
73365,21,2026-10-07T11:17,2026-10-07,2026-10-07,1,1,0,1,1,100.0,1,0,0,Offline,True,False,True,METROPOLE - MBOI - MIRIM,
73368,22,2026-10-07T11:35,2026-10-07,2026-10-07,1,1,0,1,1,100.0,0,1,5,Erro SD + Gravação,True,False,True,METROPOLE - MBOI - MIRIM,
73372,23,2026-09-17T16:16,2026-09-17,2026-10-07,21,21,0,370,337,91.1,32,305,5,Offline e Erro SD + Gravação,False,False,True,METROPOLE - MBOI - MIRIM,
73374,24,2026-08-31T21:21,2026-08-31,2026-10-07,38,38,0,700,700,100.0,700,0,0,Offline,True,True,True,METROPOLE - MBOI - MIRIM,Viação Metrópole M'Boi Mirim
73374,25,2026-08-31T21:21,2026-08-31,2026-10-07,38,38,0,707,707,100.0,707,0,0,Offline,True,True,True,METROPOLE - MBOI - MIRIM,Viação Metrópole M'Boi Mirim
73374,26,2026-08-31T21:21,2026-08-31,2026-10-07,38,34,4,647,647,100.0,647,0,0,Offline,True,True,True,METROPOLE - MBOI - MIRIM,Viação Metrópole M'Boi Mirim
73375,21,2026-10-07T10:54,2026-10-07,2026-10-07,1,1,0,1,1,100.0,1,0,0,Offline,True,False,True,METROPOLE - MBOI - MIRIM,
73377,21,2026-08-31T21:35,2026-08-31,2026-10-07,38,31,7,636,636,100.0,636,0,0,Offline,True,True,True,METROPOLE - MBOI - MIRIM,
73377,22,2026-08-31T21:35,2026-08-31,2026-10-07,38,34,4,684,684,100.0,684,0,0,Offline,True,True,True,METROPOLE - MBOI - MIRIM,
73377,23,2026-08-31T21:35,2026-08-31,2026-10-07,38,35,3,692,692,100.0,692,0,0,Offline,True,True,True,METROPOLE - MBOI - MIRIM,
73378,21,2026-08-31T21:32,2026-08-31,2026-09-28,29,29,0,630,630,100.0,630,0,0,Offline,True,True,False,METROPOLE - MBOI - MIRIM,
73401,21,2026-10-07T10:48,2026-10-07,2026-10-07,1,1,0,1,1,100.0,0,1,5,Erro SD + Gravação,True,False,True,METROPOLE - MBOI - MIRIM,Viação Metrópole M'Boi Mirim
73401,22,2026-10-07T10:48,2026-10-07,2026-10-07,1,1,0,1,1,100.0,0,1,5,Erro SD + Gravação,True,False,True,METROPOLE - MBOI - MIRIM,Viação Metrópole M'Boi Mirim
73401,23,2026-09-23T05:59,2026-09-23,2026-10-07,15,15,0,227,222,97.8,222,0,0,Offline,False,False,True,METROPOLE - MBOI - MIRIM,Viação Metrópole M'Boi Mirim
73411,21,2026-10-07T10:46,2026-10-07,2026-10-07,1,1,0,1,1,100.0,0,1,5,Erro SD + Gravação,True,False,True,METROPOLE - MBOI - MIRIM,Viação Metrópole M'Boi Mirim
73412,22,2026-10-07T10:50,2026-10-07,2026-10-07,1,1,0,1,1,100.0,1,0,0,Offline,True,False,True,METROPOLE - MBOI - MIRIM,
73426,21,2026-08-31T21:58,2026-08-31,2026-10-07,38,34,4,652,652,100.0,652,0,0,Offline,True,True,True,METROPOLE - MBOI - MIRIM,
73426,22,2026-08-31T21:58,2026-08-31,2026-10-07,38,37,1,691,691,100.0,691,0,0,Offline,True,True,True,METROPOLE - MBOI - MIRIM,
73426,23,2026-08-31T21:58,2026-08-31,2026-10-07,38,38,0,703,703,100.0,703,0,0,Offline,True,True,True,METROPOLE - MBOI - MIRIM,
73438,21,2026-10-07T10:40,2026-10-07,2026-10-07,1,1,0,1,1,100.0,0,1,5,Erro SD + Gravação,True,False,True,METROPOLE - MBOI - MIRIM,Viação Metrópole M'Boi Mirim
73449,21,2026-10-07T10:49,2026-10-07,2026-10-07,1,1,0,1,1,100.0,0,1,5,Erro SD + Gravação,True,False,True,METROPOLE - MBOI - MIRIM,
73462,23,2026-08-31T22:15,2026-08-31,2026-10-07,38,38,0,708,708,100.0,2,706,5,Offline e Erro SD + Gravação,True,True,True,METROPOLE - MBOI - MIRIM,
73475,22,2026-10-07T10:49,2026-10-07,2026-10-07,1,1,0,1,1,100.0,0,1,5,Erro SD + Gravação,True,False,True,METROPOLE - MBOI - MIRIM,Viação Metrópole M'Boi Mirim
73480,21,2026-08-31T21:42,2026-08-31,2026-10-07,38,34,4,640,640,100.0,640,0,0,Offline,True,True,True,METROPOLE - MBOI - MIRIM,Viação Metrópole M'Boi Mirim
73480,22,2026-08-31T21:42,2026-08-31,2026-10-07,38,37,1,692,692,100.0,692,0,0,Offline,True,True,True,METROPOLE - MBOI - MIRIM,Viação Metrópole M'Boi Mirim
73480,23,2026-08-31T21:43,2026-08-31,2026-10-07,38,38,0,707,707,100.0,707,0,0,Offline,True,True,True,METROPOLE - MBOI - MIRIM,Viação Metrópole M'Boi Mirim
73487,22,2026-10-07T11:18,2026-10-07,2026-10-07,1,1,0,1,1,100.0,0,1,5,Erro SD + Gravação,True,False,True,METROPOLE PAULISTA - DEPINEDO,Viação Metrópole Pinedo
73501,21,2026-10-07T11:25,2026-10-07,2026-10-07,1,1,0,1,1,100.0,0,1,5,Erro SD + Gravação,True,False,True,METROPOLE PAULISTA - DEPINEDO,Viação Metrópole Pinedo
73606,21,2026-08-31T21:41,2026-08-31,2026-10-07,38,34,4,602,602,100.0,602,0,0,Offline,True,True,True,METROPOLE - MBOI - MIRIM,
73606,22,2026-08-31T21:41,2026-08-31,2026-10-07,38,37,1,650,650,100.0,650,0,0,Offline,True,True,True,METROPOLE - MBOI - MIRIM,
73606,23,2026-08-31T21:41,2026-08-31,2026-10-07,38,38,0,667,667,100.0,667,0,0,Offline,True,True,True,METROPOLE - MBOI - MIRIM,
73612,26,2026-09-26T06:35,2026-09-26,2026-10-07,12,8,4,95,38,40.0,38,0,0,Offline,False,False,True,METROPOLE - MBOI - MIRIM,Viação Metrópole M'Boi Mirim
73613,21,2026-10-07T11:23,2026-10-07,2026-10-07,1,1,0,1,1,100.0,1,0,0,Offline,True,False,True,METROPOLE - MBOI - MIRIM,
73613,24,,2026-10-06,2026-10-07,2,2,0,2,2,100.0,2,0,0,Offline,True,False,True,METROPOLE - MBOI - MIRIM,
73613,26,,2026-10-06,2026-10-07,2,2,0,2,2,100.0,2,0,0,Offline,True,False,True,METROPOLE - MBOI - MIRIM,
73614,22,2026-10-07T10:53,2026-10-07,2026-10-07,1,1,0,1,1,100.0,1,0,0,Offline,True,False,True,METROPOLE - MBOI - MIRIM,Viação Metrópole M'Boi Mirim
73614,23,2026-09-23T11:04,2026-09-23,2026-10-07,15,15,0,236,226,95.8,226,0,0,Offline,False,False,True,METROPOLE - MBOI - MIRIM,Viação Metrópole M'Boi Mirim
73615,21,2026-09-15T21:03,2026-09-15,2026-10-07,23,19,4,336,297,88.4,297,0,0,Offline,False,False,True,METROPOLE - MBOI - MIRIM,
73615,22,2026-09-06T22:08,2026-09-06,2026-10-07,32,31,1,572,545,95.3,545,0,0,Offline,False,False,True,METROPOLE - MBOI - MIRIM,
73615,23,2026-08-31T21:09,2026-08-31,2026-10-07,38,38,0,718,718,100.0,718,0,0,Offline,True,True,True,METROPOLE - MBOI - MIRIM,
73615,26,2026-09-02T20:14,2026-09-02,2026-10-07,36,32,4,626,570,91.1,570,0,0,Offline,False,False,True,METROPOLE - MBOI - MIRIM,
73616,22,2026-10-07T11:41,2026-10-07,2026-10-07,1,1,0,1,1,100.0,0,1,5,Erro SD + Gravação,True,False,True,METROPOLE - MBOI - MIRIM,Viação Metrópole M'Boi Mirim
73620,21,2026-09-06T11:25,2026-09-06,2026-10-07,32,28,4,543,532,98.0,532,0,0,Offline,False,False,True,METROPOLE - MBOI - MIRIM,Viação Metrópole M'Boi Mirim
73620,22,2026-09-12T13:09,2026-09-12,2026-10-07,26,25,1,460,434,94.3,434,0,0,Offline,False,False,True,METROPOLE - MBOI - MIRIM,Viação Metrópole M'Boi Mirim
73620,23,2026-09-10T23:05,2026-09-10,2026-10-07,28,28,0,513,470,91.6,470,0,0,Offline,False,False,True,METROPOLE - MBOI - MIRIM,Viação Metrópole M'Boi Mirim
73620,25,2026-09-22T17:18,2026-09-22,2026-10-07,16,16,0,253,236,93.3,236,0,0,Offline,False,False,True,METROPOLE - MBOI - MIRIM,Viação Metrópole M'Boi Mirim
73622,21,2026-10-07T11:16,2026-10-07,2026-10-07,1,1,0,1,1,100.0,0,1,5,Erro SD + Gravação,True,False,True,METROPOLE - MBOI - MIRIM,
73623,21,2026-10-07T11:35,2026-10-07,2026-10-07,1,1,0,1,1,100.0,1,0,0,Offline,True,False,True,METROPOLE - MBOI - MIRIM,
73631,24,2026-08-31T21:34,2026-08-31,2026-10-07,38,38,0,697,697,100.0,697,0,0,Offline,True,True,True,METROPOLE - MBOI - MIRIM,
73631,25,2026-08-31T21:34,2026-08-31,2026-10-07,38,37,1,693,693,100.0,693,0,0,Offline,True,True,True,METROPOLE - MBOI - MIRIM,
73632,22,2026-10-01T10:14,2026-10-01,2026-10-01,1,1,0,7,1,14.3,1,0,0,Offline,False,False,False,METROPOLE - MBOI - MIRIM,Viação Metrópole M'Boi Mirim
73632,23,2026-10-01T10:16,2026-10-01,2026-10-01,1,1,0,7,1,14.3,1,0,0,Offline,False,False,False,METROPOLE - MBOI - MIRIM,Viação Metrópole M'Boi Mirim
73632,25,2026-10-01T10:21,2026-10-01,2026-10-01,1,1,0,6,1,16.7,1,0,0,Offline,False,False,False,METROPOLE - MBOI - MIRIM,Viação Metrópole M'Boi Mirim
73634,21,2026-08-31T21:46,2026-08-31,2026-10-07,38,19,19,282,282,100.0,282,0,0,Offline,True,True,True,METROPOLE - MBOI - MIRIM,
73634,22,2026-08-31T21:48,2026-08-31,2026-10-07,38,22,16,334,334,100.0,334,0,0,Offline,True,True,True,METROPOLE - MBOI - MIRIM,
73634,23,2026-08-31T21:50,2026-08-31,2026-10-07,38,23,15,346,346,100.0,346,0,0,Offline,True,True,True,METROPOLE - MBOI - MIRIM,
73634,24,2026-08-31T21:52,2026-08-31,2026-10-07,38,23,15,340,340,100.0,340,0,0,Offline,True,True,True,METROPOLE - MBOI - MIRIM,
73634,25,2026-08-31T21:54,2026-08-31,2026-10-07,38,23,15,358,358,100.0,358,0,0,Offline,True,True,True,METROPOLE - MBOI - MIRIM,
73634,26,2026-08-31T21:57,2026-08-31,2026-10-07,38,19,19,274,274,100.0,274,0,0,Offline,True,True,True,METROPOLE - MBOI - MIRIM,
73637,25,2026-10-02T18:21,2026-10-02,2026-10-07,6,6,0,28,28,100.0,28,0,0,Offline,True,False,True,METROPOLE - MBOI - MIRIM,Viação Metrópole M'Boi Mirim
73637,26,2026-08-31T21:49,2026-08-31,2026-10-07,38,34,4,646,646,100.0,0,646,5,Erro SD + Gravação,True,True,True,METROPOLE - MBOI - MIRIM,Viação Metrópole M'Boi Mirim
73640,23,2026-08-31T21:53,2026-08-31,2026-10-07,38,38,0,691,691,100.0,0,691,5,Erro SD + Gravação,True,True,True,METROPOLE - MBOI - MIRIM,Viação Metrópole M'Boi Mirim
73640,24,2026-08-31T21:53,2026-08-31,2026-10-07,38,38,0,699,699,100.0,0,699,5,Erro SD + Gravação,True,True,True,METROPOLE - MBOI - MIRIM,Viação Metrópole M'Boi Mirim
73643,22,2026-10-07T11:07,2026-10-07,2026-10-07,1,1,0,1,1,100.0,1,0,0,Offline,True,False,True,METROPOLE - MBOI - MIRIM,Viação Metrópole Pinedo
73643,24,2026-09-24T14:36,2026-09-24,2026-10-07,14,14,0,204,168,82.4,168,0,0,Offline,False,False,True,METROPOLE - MBOI - MIRIM,Viação Metrópole Pinedo
73644,23,2026-09-04T07:42,2026-09-04,2026-10-07,34,34,0,632,626,99.1,0,626,5,Erro SD + Gravação,False,False,True,METROPOLE - MBOI - MIRIM,
73645,21,2026-08-31T21:45,2026-08-31,2026-10-07,38,33,5,639,639,100.0,1,638,5,Offline e Erro SD + Gravação,True,True,True,METROPOLE - MBOI - MIRIM,Viação Metrópole Pinedo
73645,22,2026-08-31T21:45,2026-08-31,2026-10-07,38,36,2,699,699,100.0,698,1,5,Offline e Erro SD + Gravação,True,True,True,METROPOLE - MBOI - MIRIM,Viação Metrópole Pinedo
73645,23,2026-08-31T21:45,2026-08-31,2026-10-07,38,38,0,708,708,100.0,0,708,5,Erro SD + Gravação,True,True,True,METROPOLE - MBOI - MIRIM,Viação Metrópole Pinedo
73645,26,2026-08-31T21:46,2026-08-31,2026-10-07,38,34,4,648,648,100.0,648,0,0,Offline,True,True,True,METROPOLE - MBOI - MIRIM,Viação Metrópole Pinedo
73646,24,2026-09-17T16:25,2026-09-17,2026-09-17,1,1,0,1,1,100.0,1,0,0,Offline,True,False,False,METROPOLE - MBOI - MIRIM,Viação Metrópole Pinedo
73646,25,2026-08-31T21:06,2026-08-31,2026-09-17,18,18,0,347,342,98.6,340,2,5,Offline e Erro SD + Gravação,False,True,False,METROPOLE - MBOI - MIRIM,Viação Metrópole Pinedo
73647,21,2026-10-07T10:49,2026-10-07,2026-10-07,1,1,0,1,1,100.0,0,1,5,Erro SD + Gravação,True,False,True,METROPOLE - MBOI - MIRIM,Viação Metrópole Pinedo
73647,25,2026-09-19T16:43,2026-09-19,2026-10-07,19,19,0,319,303,95.0,303,0,0,Offline,False,False,True,METROPOLE - MBOI - MIRIM,Viação Metrópole Pinedo
73647,26,2026-08-31T21:40,2026-08-31,2026-10-07,38,34,4,663,656,98.9,656,0,0,Offline,False,True,True,METROPOLE - MBOI - MIRIM,Viação Metrópole Pinedo
73768,22,2026-10-07T10:57,2026-10-07,2026-10-07,1,1,0,1,1,100.0,0,1,5,Erro SD + Gravação,True,False,True,METROPOLE PAULISTA - DEPINEDO,
73771,21,2026-08-31T21:19,2026-08-31,2026-10-07,38,34,4,633,633,100.0,23,610,5,Offline e Erro SD + Gravação,True,True,True,METROPOLE PAULISTA - DEPINEDO,
73771,22,2026-08-31T21:20,2026-08-31,2026-10-07,38,37,1,687,687,100.0,30,657,5,Offline e Erro SD + Gravação,True,True,True,METROPOLE PAULISTA - DEPINEDO,
73771,23,2026-08-31T21:20,2026-08-31,2026-10-07,38,38,0,687,687,100.0,44,643,5,Offline e Erro SD + Gravação,True,True,True,METROPOLE PAULISTA - DEPINEDO,
73771,24,2026-08-31T21:20,2026-08-31,2026-10-07,38,38,0,700,700,100.0,46,654,5,Offline e Erro SD + Gravação,True,True,True,METROPOLE PAULISTA - DEPINEDO,
73771,25,2026-08-31T22:20,2026-08-31,2026-10-07,38,38,0,698,698,100.0,47,651,5,Offline e Erro SD + Gravação,True,True,True,METROPOLE PAULISTA - DEPINEDO,
73771,26,2026-08-31T21:20,2026-08-31,2026-10-07,38,34,4,631,631,100.0,28,603,5,Offline e Erro SD + Gravação,True,True,True,METROPOLE PAULISTA - DEPINEDO,
73775,24,2026-08-31T21:28,2026-08-31,2026-10-07,38,38,0,698,698,100.0,0,698,5,Erro SD + Gravação,True,True,True,METROPOLE PAULISTA - DEPINEDO,Viação Metrópole Pinedo
73776,21,2026-08-31T21:07,2026-08-31,2026-09-23,24,18,6,295,295,100.0,295,0,0,Offline,True,True,False,METROPOLE PAULISTA - DEPINEDO,Viação Metrópole Pinedo
73776,23,2026-08-31T21:07,2026-08-31,2026-09-23,24,19,5,303,303,100.0,1,302,5,Offline e Erro SD + Gravação,True,True,False,METROPOLE PAULISTA - DEPINEDO,Viação Metrópole Pinedo
73776,25,2026-09-12T23:08,2026-09-12,2026-09-23,12,7,5,104,81,77.9,0,81,5,Erro SD + Gravação,False,False,False,METROPOLE PAULISTA - DEPINEDO,Viação Metrópole Pinedo
73776,26,2026-08-31T21:07,2026-08-31,2026-09-23,24,19,5,284,284,100.0,1,283,5,Offline e Erro SD + Gravação,True,True,False,METROPOLE PAULISTA - DEPINEDO,Viação Metrópole Pinedo
73777,21,2026-10-07T11:19,2026-10-07,2026-10-07,1,1,0,1,1,100.0,0,1,5,Erro SD + Gravação,True,False,True,METROPOLE PAULISTA - DEPINEDO,
73777,24,2026-09-12T16:14,2026-09-12,2026-10-07,26,26,0,468,438,93.6,433,5,5,Offline e Erro SD + Gravação,False,False,True,METROPOLE PAULISTA - DEPINEDO,
73777,25,2026-09-12T20:15,2026-09-12,2026-10-07,26,26,0,466,431,92.5,431,0,0,Offline,False,False,True,METROPOLE PAULISTA - DEPINEDO,
73777,26,2026-09-12T20:15,2026-09-12,2026-10-07,26,22,4,400,365,91.2,365,0,0,Offline,False,False,True,METROPOLE PAULISTA - DEPINEDO,
73778,21,2026-08-31T21:59,2026-08-31,2026-10-07,38,34,4,648,648,100.0,328,320,5,Offline e Erro SD + Gravação,True,True,True,METROPOLE PAULISTA - DEPINEDO,
73778,22,2026-09-16T01:21,2026-09-16,2026-10-07,22,21,1,376,375,99.7,375,0,0,Offline,False,False,True,METROPOLE PAULISTA - DEPINEDO,
73778,23,2026-09-16T01:21,2026-09-16,2026-10-07,22,22,0,389,388,99.7,388,0,0,Offline,False,False,True,METROPOLE PAULISTA - DEPINEDO,
73778,25,2026-10-07T11:46,2026-10-07,2026-10-07,1,1,0,1,1,100.0,0,1,5,Erro SD + Gravação,True,False,True,METROPOLE PAULISTA - DEPINEDO,
73780,21,2026-10-07T11:23,2026-10-07,2026-10-07,1,1,0,1,1,100.0,0,1,5,Erro SD + Gravação,True,False,True,METROPOLE PAULISTA - DEPINEDO,
73780,24,2026-08-31T21:34,2026-08-31,2026-10-07,38,38,0,700,700,100.0,501,199,5,Offline e Erro SD + Gravação,True,True,True,METROPOLE PAULISTA - DEPINEDO,
73780,25,2026-09-10T03:22,2026-09-10,2026-10-07,28,28,0,513,510,99.4,510,0,0,Offline,False,False,True,METROPOLE PAULISTA - DEPINEDO,
73780,26,2026-09-10T03:23,2026-09-10,2026-10-07,28,24,4,444,441,99.3,441,0,0,Offline,False,False,True,METROPOLE PAULISTA - DEPINEDO,
73781,21,2026-09-11T11:50,2026-09-11,2026-09-17,7,6,1,113,113,100.0,0,113,5,Erro SD + Gravação,True,True,False,METROPOLE PAULISTA - DEPINEDO,
73781,22,2026-09-11T11:50,2026-09-11,2026-09-17,7,6,1,113,113,100.0,0,113,5,Erro SD + Gravação,True,True,False,METROPOLE PAULISTA - DEPINEDO,
73781,23,2026-09-11T11:50,2026-09-11,2026-09-17,7,6,1,113,113,100.0,0,113,5,Erro SD + Gravação,True,True,False,METROPOLE PAULISTA - DEPINEDO,
73781,24,2026-09-11T11:50,2026-09-11,2026-09-17,7,6,1,112,112,100.0,0,112,5,Erro SD + Gravação,True,True,False,METROPOLE PAULISTA - DEPINEDO,
73781,25,2026-09-11T11:50,2026-09-11,2026-09-17,7,6,1,113,113,100.0,113,0,0,Offline,True,True,False,METROPOLE PAULISTA - DEPINEDO,
73781,26,2026-09-11T11:50,2026-09-11,2026-09-17,7,6,1,113,113,100.0,0,113,5,Erro SD + Gravação,True,True,False,METROPOLE PAULISTA - DEPINEDO,
73782,21,2026-09-12T17:56,2026-09-12,2026-10-07,26,22,4,358,358,100.0,42,316,5,Offline e Erro SD + Gravação,True,True,True,METROPOLE PAULISTA - DEPINEDO,
73782,22,2026-09-12T17:56,2026-09-12,2026-10-07,26,25,1,406,406,100.0,20,386,5,Offline e Erro SD + Gravação,True,True,True,METROPOLE PAULISTA - DEPINEDO,
73782,23,2026-09-12T17:57,2026-09-12,2026-10-07,26,26,0,407,407,100.0,304,103,5,Offline e Erro SD + Gravação,True,True,True,METROPOLE PAULISTA - DEPINEDO,
73782,24,2026-09-12T17:57,2026-09-12,2026-10-07,26,26,0,415,415,100.0,20,395,5,Offline e Erro SD + Gravação,True,True,True,METROPOLE PAULISTA - DEPINEDO,
73782,25,2026-09-12T17:57,2026-09-12,2026-10-07,26,26,0,416,416,100.0,20,396,5,Offline e Erro SD + Gravação,True,True,True,METROPOLE PAULISTA - DEPINEDO,
73782,26,2026-09-12T17:57,2026-09-12,2026-10-07,26,22,4,359,359,100.0,359,0,0,Offline,True,True,True,METROPOLE PAULISTA - DEPINEDO,
73783,22,2026-10-07T11:22,2026-10-07,2026-10-07,1,1,0,1,1,100.0,0,1,5,Erro SD + Gravação,True,False,True,METROPOLE PAULISTA - DEPINEDO,
73783,24,2026-09-04T18:12,2026-09-04,2026-10-07,34,32,2,530,530,100.0,0,530,5,Erro SD + Gravação,True,True,True,METROPOLE PAULISTA - DEPINEDO,
73783,25,2026-09-04T18:12,2026-09-04,2026-10-07,34,32,2,527,527,100.0,0,527,5,Erro SD + Gravação,True,True,True,METROPOLE PAULISTA - DEPINEDO,
73783,26,2026-09-04T18:13,2026-09-04,2026-10-07,34,28,6,460,460,100.0,0,460,5,Erro SD + Gravação,True,True,True,METROPOLE PAULISTA - DEPINEDO,
73784,21,2026-08-31T21:05,2026-08-31,2026-10-07,38,34,4,634,634,100.0,0,634,5,Erro SD + Gravação,True,True,True,METROPOLE PAULISTA - DEPINEDO,
73784,22,2026-08-31T21:05,2026-08-31,2026-10-07,38,37,1,692,692,100.0,0,692,5,Erro SD + Gravação,True,True,True,METROPOLE PAULISTA - DEPINEDO,
73784,23,2026-08-31T21:05,2026-08-31,2026-10-07,38,38,0,710,710,100.0,0,710,5,Erro SD + Gravação,True,True,True,METROPOLE PAULISTA - DEPINEDO,
73784,24,2026-08-31T21:05,2026-08-31,2026-10-07,38,38,0,703,703,100.0,0,703,5,Erro SD + Gravação,True,True,True,METROPOLE PAULISTA - DEPINEDO,
73784,25,2026-08-31T22:05,2026-08-31,2026-10-07,38,38,0,704,704,100.0,0,704,5,Erro SD + Gravação,True,True,True,METROPOLE PAULISTA - DEPINEDO,
73784,26,2026-08-31T21:05,2026-08-31,2026-10-07,38,34,4,645,645,100.0,0,645,5,Erro SD + Gravação,True,True,True,METROPOLE PAULISTA - DEPINEDO,
73787,26,,2026-10-06,2026-10-07,2,2,0,2,2,100.0,0,2,5,Erro SD + Gravação,True,False,True,METROPOLE PAULISTA - DEPINEDO,Viação Metrópole Pinedo
73788,21,2026-10-07T10:48,2026-10-07,2026-10-07,1,1,0,1,1,100.0,0,1,5,Erro SD + Gravação,True,False,True,METROPOLE PAULISTA - DEPINEDO,Viação Metrópole Pinedo
73791,21,2026-09-11T11:48,2026-09-11,2026-10-07,27,23,4,418,418,100.0,418,0,0,Offline,True,True,True,METROPOLE PAULISTA - DEPINEDO,
73791,22,2026-09-11T11:48,2026-09-11,2026-10-07,27,26,1,470,470,100.0,470,0,0,Offline,True,True,True,METROPOLE PAULISTA - DEPINEDO,
73791,23,2026-09-11T11:49,2026-09-11,2026-10-07,27,27,0,474,474,100.0,474,0,0,Offline,True,True,True,METROPOLE PAULISTA - DEPINEDO,
73791,24,2026-09-11T11:49,2026-09-11,2026-10-07,27,27,0,485,485,100.0,485,0,0,Offline,True,True,True,METROPOLE PAULISTA - DEPINEDO,
73791,25,2026-09-11T11:49,2026-09-11,2026-10-07,27,27,0,492,492,100.0,492,0,0,Offline,True,True,True,METROPOLE PAULISTA - DEPINEDO,
73791,26,2026-09-11T11:49,2026-09-11,2026-10-07,27,23,4,419,419,100.0,419,0,0,Offline,True,True,True,METROPOLE PAULISTA - DEPINEDO,
73792,21,2026-09-21T09:05,2026-09-21,2026-10-07,17,13,4,207,207,100.0,207,0,0,Offline,True,True,True,METROPOLE PAULISTA - DEPINEDO,
73792,22,2026-09-21T09:05,2026-09-21,2026-10-07,17,15,2,225,225,100.0,225,0,0,Offline,True,True,True,METROPOLE PAULISTA - DEPINEDO,
73792,23,2026-09-21T09:06,2026-09-21,2026-10-07,17,16,1,234,234,100.0,234,0,0,Offline,True,True,True,METROPOLE PAULISTA - DEPINEDO,
73792,24,2026-09-21T09:06,2026-09-21,2026-10-07,17,16,1,235,235,100.0,235,0,0,Offline,True,True,True,METROPOLE PAULISTA - DEPINEDO,
73792,25,2026-09-21T09:06,2026-09-21,2026-10-07,17,16,1,238,238,100.0,238,0,0,Offline,True,True,True,METROPOLE PAULISTA - DEPINEDO,
73792,26,2026-09-21T09:06,2026-09-21,2026-10-07,17,13,4,206,206,100.0,206,0,0,Offline,True,True,True,METROPOLE PAULISTA - DEPINEDO,
73795,21,2026-09-03T09:15,2026-09-03,2026-10-07,35,31,4,585,585,100.0,0,585,5,Erro SD + Gravação,True,True,True,METROPOLE PAULISTA - DEPINEDO,
73795,22,2026-09-03T09:15,2026-09-03,2026-10-07,35,34,1,635,635,100.0,0,635,5,Erro SD + Gravação,True,True,True,METROPOLE PAULISTA - DEPINEDO,
73795,24,2026-09-03T09:15,2026-09-03,2026-10-07,35,35,0,652,652,100.0,0,652,5,Erro SD + Gravação,True,True,True,METROPOLE PAULISTA - DEPINEDO,
73795,25,2026-09-03T09:15,2026-09-03,2026-10-07,35,35,0,640,640,100.0,0,640,5,Erro SD + Gravação,True,True,True,METROPOLE PAULISTA - DEPINEDO,
73795,26,2026-09-03T09:16,2026-09-03,2026-10-07,35,31,4,582,582,100.0,0,582,5,Erro SD + Gravação,True,True,True,METROPOLE PAULISTA - DEPINEDO,
73797,21,2026-09-11T11:49,2026-09-11,2026-10-07,27,23,4,402,402,100.0,0,402,5,Erro SD + Gravação,True,True,True,METROPOLE PAULISTA - DEPINEDO,
73797,22,2026-09-11T11:49,2026-09-11,2026-10-07,27,26,1,443,443,100.0,0,443,5,Erro SD + Gravação,True,True,True,METROPOLE PAULISTA - DEPINEDO,
73797,23,2026-09-11T11:50,2026-09-11,2026-10-07,27,27,0,458,458,100.0,0,458,5,Erro SD + Gravação,True,True,True,METROPOLE PAULISTA - DEPINEDO,
73797,24,2026-09-11T11:50,2026-09-11,2026-10-07,27,27,0,463,463,100.0,0,463,5,Erro SD + Gravação,True,True,True,METROPOLE PAULISTA - DEPINEDO,
73797,25,2026-09-11T11:50,2026-09-11,2026-10-07,27,27,0,473,473,100.0,0,473,5,Erro SD + Gravação,True,True,True,METROPOLE PAULISTA - DEPINEDO,
73797,26,2026-09-11T11:50,2026-09-11,2026-10-07,27,23,4,401,401,100.0,0,401,5,Erro SD + Gravação,True,True,True,METROPOLE PAULISTA - DEPINEDO,
73799,21,2026-09-22T15:39,2026-09-22,2026-10-07,16,12,4,152,152,100.0,152,0,0,Offline,True,True,True,METROPOLE PAULISTA - DEPINEDO,
73799,22,2026-09-22T15:39,2026-09-22,2026-10-07,16,15,1,191,191,100.0,191,0,0,Offline,True,True,True,METROPOLE PAULISTA - DEPINEDO,
73799,23,2026-09-22T15:39,2026-09-22,2026-10-07,16,16,0,212,212,100.0,212,0,0,Offline,True,True,True,METROPOLE PAULISTA - DEPINEDO,
73799,24,2026-09-22T15:39,2026-09-22,2026-10-07,16,16,0,200,200,100.0,200,0,0,Offline,True,True,True,METROPOLE PAULISTA - DEPINEDO,
73799,25,2026-09-22T15:39,2026-09-22,2026-10-07,16,16,0,206,206,100.0,206,0,0,Offline,True,True,True,METROPOLE PAULISTA - DEPINEDO,
73799,26,2026-09-22T15:39,2026-09-22,2026-10-07,16,12,4,148,148,100.0,148,0,0,Offline,True,True,True,METROPOLE PAULISTA - DEPINEDO,
73800,21,2026-09-17T14:03,2026-09-17,2026-10-07,21,17,4,291,291,100.0,291,0,0,Offline,True,True,True,METROPOLE PAULISTA - DEPINEDO,
73800,22,2026-09-17T14:03,2026-09-17,2026-10-07,21,20,1,346,346,100.0,346,0,0,Offline,True,True,True,METROPOLE PAULISTA - DEPINEDO,
73800,23,2026-09-17T14:03,2026-09-17,2026-10-07,21,21,0,358,358,100.0,358,0,0,Offline,True,True,True,METROPOLE PAULISTA - DEPINEDO,
73800,24,2026-09-17T14:03,2026-09-17,2026-10-07,21,21,0,358,358,100.0,358,0,0,Offline,True,True,True,METROPOLE PAULISTA - DEPINEDO,
73800,25,2026-09-17T14:03,2026-09-17,2026-10-07,21,21,0,357,357,100.0,357,0,0,Offline,True,True,True,METROPOLE PAULISTA - DEPINEDO,
73800,26,2026-09-17T14:03,2026-09-17,2026-10-07,21,17,4,294,294,100.0,294,0,0,Offline,True,True,True,METROPOLE PAULISTA - DEPINEDO,
73804,21,2026-09-27T17:46,2026-09-27,2026-10-07,11,7,4,60,50,83.3,50,0,0,Offline,False,False,True,METROPOLE PAULISTA - DEPINEDO,Viação Metrópole Pinedo
73804,22,2026-08-31T21:36,2026-08-31,2026-10-07,38,37,1,716,716,100.0,258,458,5,Offline e Erro SD + Gravação,True,True,True,METROPOLE PAULISTA - DEPINEDO,Viação Metrópole Pinedo
73804,23,2026-09-27T17:46,2026-09-27,2026-10-07,11,11,0,114,104,91.2,104,0,0,Offline,False,False,True,METROPOLE PAULISTA - DEPINEDO,Viação Metrópole Pinedo
73804,24,2026-09-27T17:46,2026-09-27,2026-10-07,11,11,0,128,118,92.2,118,0,0,Offline,False,False,True,METROPOLE PAULISTA - DEPINEDO,Viação Metrópole Pinedo
73804,25,2026-08-31T21:37,2026-08-31,2026-10-07,38,38,0,724,724,100.0,724,0,0,Offline,True,True,True,METROPOLE PAULISTA - DEPINEDO,Viação Metrópole Pinedo
73804,26,2026-09-01T10:38,2026-09-01,2026-10-07,37,33,4,652,645,98.9,645,0,0,Offline,False,False,True,METROPOLE PAULISTA - DEPINEDO,Viação Metrópole Pinedo
73807,26,2026-08-31T22:17,2026-08-31,2026-10-07,38,34,4,629,629,100.0,0,629,5,Erro SD + Gravação,True,True,True,METROPOLE PAULISTA - DEPINEDO,
73812,21,2026-10-07T11:17,2026-10-07,2026-10-07,1,1,0,1,1,100.0,0,1,5,Erro SD + Gravação,True,False,True,METROPOLE PAULISTA - DEPINEDO,Viação Metrópole Pinedo
73814,21,2026-10-07T10:49,2026-10-07,2026-10-07,1,1,0,1,1,100.0,0,1,5,Erro SD + Gravação,True,False,True,METROPOLE PAULISTA - DEPINEDO,
73815,24,2026-09-01T08:00,2026-09-01,2026-10-07,37,37,0,675,675,100.0,0,675,5,Erro SD + Gravação,True,True,True,METROPOLE PAULISTA - DEPINEDO,Viação Metrópole Pinedo
73820,21,2026-10-06T18:31,2026-10-06,2026-10-06,1,1,0,1,1,100.0,1,0,0,Offline,True,False,False,METROPOLE PAULISTA - DEPINEDO,Viação Metrópole Pinedo
73820,22,2026-10-06T18:34,2026-10-06,2026-10-06,1,1,0,1,1,100.0,1,0,0,Offline,True,False,False,METROPOLE PAULISTA - DEPINEDO,Viação Metrópole Pinedo
73820,23,2026-10-06T18:36,2026-10-06,2026-10-06,1,1,0,1,1,100.0,1,0,0,Offline,True,False,False,METROPOLE PAULISTA - DEPINEDO,Viação Metrópole Pinedo
73825,21,2026-08-31T21:57,2026-08-31,2026-10-07,38,34,4,665,665,100.0,665,0,0,Offline,True,True,True,METROPOLE PAULISTA - DEPINEDO,Viação Metrópole Pinedo
73825,22,2026-08-31T21:57,2026-08-31,2026-10-07,38,37,1,723,723,100.0,723,0,0,Offline,True,True,True,METROPOLE PAULISTA - DEPINEDO,Viação Metrópole Pinedo
73825,23,2026-08-31T21:57,2026-08-31,2026-10-07,38,38,0,735,735,100.0,735,0,0,Offline,True,True,True,METROPOLE PAULISTA - DEPINEDO,Viação Metrópole Pinedo
73825,24,2026-08-31T21:57,2026-08-31,2026-10-07,38,38,0,730,730,100.0,730,0,0,Offline,True,True,True,METROPOLE PAULISTA - DEPINEDO,Viação Metrópole Pinedo
73825,25,2026-08-31T21:57,2026-08-31,2026-10-07,38,38,0,726,726,100.0,726,0,0,Offline,True,True,True,METROPOLE PAULISTA - DEPINEDO,Viação Metrópole Pinedo
73825,26,2026-08-31T21:57,2026-08-31,2026-10-07,38,34,4,663,663,100.0,663,0,0,Offline,True,True,True,METROPOLE PAULISTA - DEPINEDO,Viação Metrópole Pinedo
73826,21,2026-10-07T10:51,2026-10-07,2026-10-07,1,1,0,1,1,100.0,1,0,0,Offline,True,False,True,METROPOLE PAULISTA - DEPINEDO,Viação Metrópole Pinedo
73826,24,2026-08-31T21:27,2026-08-31,2026-10-07,38,38,0,725,725,100.0,0,725,5,Erro SD + Gravação,True,True,True,METROPOLE PAULISTA - DEPINEDO,Viação Metrópole Pinedo
73826,26,2026-08-31T21:27,2026-08-31,2026-10-07,38,34,4,671,671,100.0,0,671,5,Erro SD + Gravação,True,True,True,METROPOLE PAULISTA - DEPINEDO,Viação Metrópole Pinedo
73827,21,2026-09-20T08:43,2026-09-20,2026-10-07,18,14,4,236,228,96.6,228,0,0,Offline,False,False,True,METROPOLE PAULISTA - DEPINEDO,Viação Metrópole Pinedo
73827,22,2026-09-20T08:43,2026-09-20,2026-10-07,18,17,1,286,278,97.2,278,0,0,Offline,False,False,True,METROPOLE PAULISTA - DEPINEDO,Viação Metrópole Pinedo
73827,23,2026-10-01T23:18,2026-10-01,2026-10-07,7,7,0,51,40,78.4,40,0,0,Offline,False,False,True,METROPOLE PAULISTA - DEPINEDO,Viação Metrópole Pinedo
73829,25,2026-10-07T11:36,2026-10-07,2026-10-07,1,1,0,1,1,100.0,0,1,5,Erro SD + Gravação,True,False,True,METROPOLE PAULISTA - DEPINEDO,Viação Metrópole Pinedo
73830,23,2026-10-01T00:25,2026-10-01,2026-10-07,7,7,0,53,53,100.0,0,53,5,Erro SD + Gravação,True,False,True,METROPOLE PAULISTA - DEPINEDO,Viação Metrópole Pinedo
73831,21,2026-09-05T07:46,2026-09-05,2026-10-07,33,29,4,548,540,98.5,540,0,0,Offline,False,False,True,METROPOLE PAULISTA - DEPINEDO,Viação Metrópole Pinedo
73831,22,2026-09-05T07:48,2026-09-05,2026-10-07,33,32,1,590,584,99.0,584,0,0,Offline,False,False,True,METROPOLE PAULISTA - DEPINEDO,Viação Metrópole Pinedo
73831,23,2026-09-05T07:50,2026-09-05,2026-10-07,33,33,0,612,606,99.0,606,0,0,Offline,False,False,True,METROPOLE PAULISTA - DEPINEDO,Viação Metrópole Pinedo
73831,24,2026-09-05T07:53,2026-09-05,2026-10-07,33,33,0,615,608,98.9,608,0,0,Offline,False,False,True,METROPOLE PAULISTA - DEPINEDO,Viação Metrópole Pinedo
73831,25,2026-08-31T21:26,2026-08-31,2026-10-07,38,38,0,692,692,100.0,618,74,5,Offline e Erro SD + Gravação,True,True,True,METROPOLE PAULISTA - DEPINEDO,Viação Metrópole Pinedo
73832,25,2026-08-31T21:21,2026-08-31,2026-10-07,38,38,0,731,731,100.0,731,0,0,Offline,True,True,True,METROPOLE PAULISTA - DEPINEDO,Viação Metrópole Pinedo
73832,26,2026-08-31T21:21,2026-08-31,2026-10-07,38,34,4,658,658,100.0,658,0,0,Offline,True,True,True,METROPOLE PAULISTA - DEPINEDO,Viação Metrópole Pinedo
73834,25,2026-09-14T19:11,2026-09-14,2026-10-07,24,23,1,357,342,95.8,0,342,5,Erro SD + Gravação,False,False,True,METROPOLE PAULISTA - DEPINEDO,
73835,26,2026-08-31T21:23,2026-08-31,2026-10-07,38,34,4,649,634,97.7,634,0,0,Offline,False,True,True,METROPOLE PAULISTA - DEPINEDO,Viação Metrópole Pinedo
73836,21,2026-09-17T10:01,2026-09-17,2026-10-07,21,17,4,279,238,85.3,238,0,0,Offline,False,False,True,METROPOLE PAULISTA - DEPINEDO,Viação Metrópole Pinedo
73836,22,2026-09-02T20:08,2026-09-02,2026-10-07,36,32,4,510,510,100.0,510,0,0,Offline,True,True,True,METROPOLE PAULISTA - DEPINEDO,Viação Metrópole Pinedo
73836,24,2026-09-22T03:02,2026-09-22,2026-10-07,16,16,0,245,242,98.8,1,241,5,Offline e Erro SD + Gravação,False,False,True,METROPOLE PAULISTA - DEPINEDO,Viação Metrópole Pinedo
73836,25,2026-09-02T20:08,2026-09-02,2026-10-07,36,33,3,528,528,100.0,528,0,0,Offline,True,True,True,METROPOLE PAULISTA - DEPINEDO,Viação Metrópole Pinedo
73836,26,2026-09-02T20:09,2026-09-02,2026-10-07,36,29,7,463,463,100.0,463,0,0,Offline,True,True,True,METROPOLE PAULISTA - DEPINEDO,Viação Metrópole Pinedo
73840,25,2026-08-31T21:28,2026-08-31,2026-10-07,38,38,0,643,643,100.0,0,643,5,Erro SD + Gravação,True,True,True,METROPOLE PAULISTA - DEPINEDO,Viação Metrópole Pinedo
73842,24,2026-08-31T21:33,2026-08-31,2026-10-07,38,32,6,504,504,100.0,2,502,5,Offline e Erro SD + Gravação,True,True,True,METROPOLE PAULISTA - DEPINEDO,Viação Metrópole Pinedo
73844,24,2026-08-31T21:32,2026-08-31,2026-10-07,38,38,0,734,734,100.0,734,0,0,Offline,True,True,True,METROPOLE PAULISTA - DEPINEDO,Viação Metrópole Pinedo
73844,25,2026-08-31T21:32,2026-08-31,2026-10-07,38,38,0,737,737,100.0,737,0,0,Offline,True,True,True,METROPOLE PAULISTA - DEPINEDO,Viação Metrópole Pinedo
73844,26,2026-08-31T21:32,2026-08-31,2026-10-07,38,34,4,668,668,100.0,668,0,0,Offline,True,True,True,METROPOLE PAULISTA - DEPINEDO,Viação Metrópole Pinedo
73847,21,2026-08-31T21:55,2026-08-31,2026-10-07,38,34,4,644,644,100.0,644,0,0,Offline,True,True,True,METROPOLE PAULISTA - DEPINEDO,
73847,22,2026-08-31T21:55,2026-08-31,2026-10-07,38,37,1,694,682,98.3,682,0,0,Offline,False,True,True,METROPOLE PAULISTA - DEPINEDO,
73850,23,2026-09-24T16:43,2026-09-24,2026-10-07,14,14,0,173,157,90.8,0,157,5,Erro SD + Gravação,False,False,True,METROPOLE PAULISTA - DEPINEDO,Viação Metrópole Pinedo
73850,26,2026-10-03T21:45,2026-10-03,2026-10-07,5,5,0,14,14,100.0,0,14,5,Erro SD + Gravação,True,False,True,METROPOLE PAULISTA - DEPINEDO,Viação Metrópole Pinedo
73853,22,2026-10-07T11:13,2026-10-07,2026-10-07,1,1,0,1,1,100.0,1,0,0,Offline,True,False,True,METROPOLE PAULISTA - DEPINEDO,Viação Metrópole Pinedo
73853,24,2026-09-22T20:49,2026-09-22,2026-10-07,16,16,0,250,230,92.0,230,0,0,Offline,False,False,True,METROPOLE PAULISTA - DEPINEDO,Viação Metrópole Pinedo
73853,25,2026-09-09T10:47,2026-09-09,2026-10-07,29,29,0,541,531,98.2,531,0,0,Offline,False,False,True,METROPOLE PAULISTA - DEPINEDO,Viação Metrópole Pinedo
73853,26,2026-08-31T21:26,2026-08-31,2026-10-07,38,34,4,669,669,100.0,669,0,0,Offline,True,True,True,METROPOLE PAULISTA - DEPINEDO,Viação Metrópole Pinedo
73855,24,2026-08-31T21:38,2026-08-31,2026-10-07,38,38,0,697,697,100.0,697,0,0,Offline,True,True,True,METROPOLE PAULISTA - DEPINEDO,Viação Metrópole Pinedo
73856,23,2026-08-31T21:30,2026-08-31,2026-10-07,38,38,0,710,704,99.2,0,704,5,Erro SD + Gravação,False,True,True,METROPOLE PAULISTA - DEPINEDO,Viação Metrópole Pinedo
73856,25,2026-09-12T07:51,2026-09-12,2026-10-07,26,26,0,463,456,98.5,0,456,5,Erro SD + Gravação,False,False,True,METROPOLE PAULISTA - DEPINEDO,Viação Metrópole Pinedo
73857,26,2026-10-07T11:27,2026-10-07,2026-10-07,1,1,0,1,1,100.0,0,1,5,Erro SD + Gravação,True,False,True,METROPOLE PAULISTA - DEPINEDO,
73860,22,2026-10-07T11:18,2026-10-07,2026-10-07,1,1,0,1,1,100.0,1,0,0,Offline,True,False,True,METROPOLE PAULISTA - DEPINEDO,Viação Metrópole Pinedo
73860,25,2026-08-31T21:18,2026-08-31,2026-10-07,38,38,0,734,639,87.1,639,0,0,Offline,False,True,True,METROPOLE PAULISTA - DEPINEDO,Viação Metrópole Pinedo
73861,25,,2026-10-06,2026-10-07,2,2,0,2,2,100.0,2,0,0,Offline,True,False,True,METROPOLE PAULISTA - DEPINEDO,Viação Metrópole Pinedo
73862,22,2026-10-07T11:31,2026-10-07,2026-10-07,1,1,0,1,1,100.0,1,0,0,Offline,True,False,True,METROPOLE PAULISTA - DEPINEDO,Viação Metrópole Pinedo
73862,23,2026-08-31T21:01,2026-08-31,2026-10-07,38,38,0,724,724,100.0,724,0,0,Offline,True,True,True,METROPOLE PAULISTA - DEPINEDO,Viação Metrópole Pinedo
73862,24,2026-08-31T21:02,2026-08-31,2026-10-07,38,38,0,719,719,100.0,719,0,0,Offline,True,True,True,METROPOLE PAULISTA - DEPINEDO,Viação Metrópole Pinedo
73862,25,2026-08-31T21:02,2026-08-31,2026-10-07,38,38,0,722,722,100.0,722,0,0,Offline,True,True,True,METROPOLE PAULISTA - DEPINEDO,Viação Metrópole Pinedo
73862,26,2026-08-31T21:02,2026-08-31,2026-10-07,38,34,4,654,654,100.0,654,0,0,Offline,True,True,True,METROPOLE PAULISTA - DEPINEDO,Viação Metrópole Pinedo
73863,21,2026-08-31T21:17,2026-08-31,2026-10-07,38,34,4,636,636,100.0,26,610,5,Offline e Erro SD + Gravação,True,True,True,METROPOLE PAULISTA - DEPINEDO,Viação Metrópole Pinedo
73863,22,2026-10-01T00:06,2026-10-01,2026-10-07,7,6,1,39,39,100.0,39,0,0,Offline,True,False,True,METROPOLE PAULISTA - DEPINEDO,Viação Metrópole Pinedo
73863,23,2026-08-31T21:18,2026-08-31,2026-10-07,38,38,0,700,700,100.0,54,646,5,Offline e Erro SD + Gravação,True,True,True,METROPOLE PAULISTA - DEPINEDO,Viação Metrópole Pinedo
73863,24,2026-08-31T21:18,2026-08-31,2026-10-07,38,38,0,705,705,100.0,705,0,0,Offline,True,True,True,METROPOLE PAULISTA - DEPINEDO,Viação Metrópole Pinedo
73863,25,2026-08-31T21:18,2026-08-31,2026-10-07,38,38,0,717,717,100.0,717,0,0,Offline,True,True,True,METROPOLE PAULISTA - DEPINEDO,Viação Metrópole Pinedo
73863,26,2026-08-31T21:18,2026-08-31,2026-10-07,38,34,4,652,652,100.0,652,0,0,Offline,True,True,True,METROPOLE PAULISTA - DEPINEDO,Viação Metrópole Pinedo
73864,25,2026-10-07T11:45,2026-10-07,2026-10-07,1,1,0,1,1,100.0,0,1,5,Erro SD + Gravação,True,False,True,METROPOLE PAULISTA - DEPINEDO,Viação Metrópole Pinedo
73864,26,2026-08-31T21:44,2026-08-31,2026-10-07,38,34,4,622,608,97.7,608,0,0,Offline,False,True,True,METROPOLE PAULISTA - DEPINEDO,Viação Metrópole Pinedo
73866,22,2026-09-11T11:29,2026-09-11,2026-10-05,25,22,3,418,408,97.6,0,408,5,Erro SD + Gravação,False,False,False,METROPOLE PAULISTA - DEPINEDO,Viação Metrópole Pinedo
73866,23,2026-10-05T00:27,2026-10-05,2026-10-05,1,1,0,11,1,9.1,1,0,0,Offline,False,False,False,METROPOLE PAULISTA - DEPINEDO,Viação Metrópole Pinedo
73867,21,2026-10-03T21:43,2026-10-03,2026-10-07,5,5,0,22,22,100.0,22,0,0,Offline,True,False,True,METROPOLE PAULISTA - DEPINEDO,
73867,22,2026-10-03T22:43,2026-10-03,2026-10-07,5,5,0,25,25,100.0,25,0,0,Offline,True,False,True,METROPOLE PAULISTA - DEPINEDO,
73867,23,2026-10-03T22:43,2026-10-03,2026-10-07,5,5,0,26,26,100.0,26,0,0,Offline,True,False,True,METROPOLE PAULISTA - DEPINEDO,
73868,24,2026-08-31T21:51,2026-08-31,2026-10-07,38,38,0,719,719,100.0,0,719,5,Erro SD + Gravação,True,True,True,METROPOLE PAULISTA - DEPINEDO,
73869,22,2026-10-07T11:03,2026-10-07,2026-10-07,1,1,0,1,1,100.0,0,1,5,Erro SD + Gravação,True,False,True,METROPOLE PAULISTA - DEPINEDO,
73870,22,2026-10-07T11:40,2026-10-07,2026-10-07,1,1,0,1,1,100.0,0,1,5,Erro SD + Gravação,True,False,True,METROPOLE PAULISTA - DEPINEDO,Viação Metrópole Pinedo
73872,23,2026-08-31T21:15,2026-08-31,2026-10-07,38,38,0,684,684,100.0,0,684,5,Erro SD + Gravação,True,True,True,METROPOLE PAULISTA - DEPINEDO,Viação Metrópole Pinedo
73873,24,2026-09-30T23:47,2026-09-30,2026-10-07,8,8,0,70,55,78.6,55,0,0,Offline,False,False,True,METROPOLE PAULISTA - DEPINEDO,Viação Metrópole Pinedo
73874,21,2026-08-31T21:48,2026-08-31,2026-10-07,38,34,4,660,660,100.0,660,0,0,Offline,True,True,True,METROPOLE PAULISTA - DEPINEDO,Viação Metrópole Pinedo
73874,22,2026-08-31T21:49,2026-08-31,2026-10-07,38,37,1,710,710,100.0,710,0,0,Offline,True,True,True,METROPOLE PAULISTA - DEPINEDO,Viação Metrópole Pinedo
73874,23,2026-08-31T21:49,2026-08-31,2026-10-07,38,38,0,738,738,100.0,738,0,0,Offline,True,True,True,METROPOLE PAULISTA - DEPINEDO,Viação Metrópole Pinedo
73874,24,2026-08-31T21:49,2026-08-31,2026-10-07,38,38,0,721,721,100.0,721,0,0,Offline,True,True,True,METROPOLE PAULISTA - DEPINEDO,Viação Metrópole Pinedo
73874,25,2026-08-31T21:49,2026-08-31,2026-10-07,38,38,0,726,726,100.0,726,0,0,Offline,True,True,True,METROPOLE PAULISTA - DEPINEDO,Viação Metrópole Pinedo
73874,26,2026-08-31T21:49,2026-08-31,2026-10-07,38,34,4,665,665,100.0,665,0,0,Offline,True,True,True,METROPOLE PAULISTA - DEPINEDO,Viação Metrópole Pinedo
73875,23,2026-08-31T21:17,2026-08-31,2026-10-07,38,38,0,701,697,99.4,1,696,5,Offline e Erro SD + Gravação,False,True,True,METROPOLE PAULISTA - DEPINEDO,Viação Metrópole Pinedo
73876,23,2026-08-31T21:22,2026-08-31,2026-10-07,38,38,0,713,713,100.0,713,0,0,Offline,True,True,True,METROPOLE PAULISTA - DEPINEDO,
73876,24,2026-08-31T21:22,2026-08-31,2026-10-07,38,38,0,723,723,100.0,723,0,0,Offline,True,True,True,METROPOLE PAULISTA - DEPINEDO,
73876,25,2026-08-31T21:23,2026-08-31,2026-10-07,38,38,0,721,721,100.0,721,0,0,Offline,True,True,True,METROPOLE PAULISTA - DEPINEDO,
73876,26,2026-08-31T21:23,2026-08-31,2026-10-07,38,34,4,655,655,100.0,655,0,0,Offline,True,True,True,METROPOLE PAULISTA - DEPINEDO,
73877,23,2026-09-16T10:20,2026-09-16,2026-10-07,22,22,0,341,334,97.9,0,334,5,Erro SD + Gravação,False,False,True,METROPOLE PAULISTA - DEPINEDO,
73877,24,2026-10-04T18:57,2026-10-04,2026-10-07,4,4,0,21,15,71.4,0,15,5,Erro SD + Gravação,False,False,True,METROPOLE PAULISTA - DEPINEDO,
73877,25,2026-09-16T10:20,2026-09-16,2026-10-07,22,22,0,350,343,98.0,0,343,5,Erro SD + Gravação,False,False,True,METROPOLE PAULISTA - DEPINEDO,
73877,26,2026-08-31T21:54,2026-08-31,2026-10-07,38,34,4,576,576,100.0,1,575,5,Offline e Erro SD + Gravação,True,True,True,METROPOLE PAULISTA - DEPINEDO,
73878,26,2026-08-31T21:24,2026-08-31,2026-10-07,38,34,4,593,593,100.0,593,0,0,Offline,True,True,True,METROPOLE PAULISTA - DEPINEDO,Viação Metrópole Pinedo
73881,21,2026-10-07T11:41,2026-10-07,2026-10-07,1,1,0,1,1,100.0,0,1,5,Erro SD + Gravação,True,False,True,METROPOLE PAULISTA - DEPINEDO,
73883,21,2026-10-07T11:09,2026-10-07,2026-10-07,1,1,0,1,1,100.0,1,0,0,Offline,True,False,True,METROPOLE PAULISTA - DEPINEDO,Viação Metrópole Pinedo
73883,26,2026-08-31T21:24,2026-08-31,2026-10-07,38,34,4,655,655,100.0,655,0,0,Offline,True,True,True,METROPOLE PAULISTA - DEPINEDO,Viação Metrópole Pinedo
73884,21,2026-10-03T21:30,2026-10-03,2026-10-07,5,5,0,25,25,100.0,25,0,0,Offline,True,False,True,METROPOLE PAULISTA - DEPINEDO,Viação Metrópole Pinedo
73884,22,2026-10-03T21:32,2026-10-03,2026-10-07,5,5,0,24,24,100.0,24,0,0,Offline,True,False,True,METROPOLE PAULISTA - DEPINEDO,Viação Metrópole Pinedo
73884,23,2026-10-02T07:31,2026-10-02,2026-10-07,6,6,0,38,33,86.8,33,0,0,Offline,False,False,True,METROPOLE PAULISTA - DEPINEDO,Viação Metrópole Pinedo
73884,24,2026-08-31T21:51,2026-08-31,2026-10-07,38,38,0,706,706,100.0,706,0,0,Offline,True,True,True,METROPOLE PAULISTA - DEPINEDO,Viação Metrópole Pinedo
73884,25,2026-08-31T21:51,2026-08-31,2026-10-07,38,38,0,713,713,100.0,713,0,0,Offline,True,True,True,METROPOLE PAULISTA - DEPINEDO,Viação Metrópole Pinedo
73884,26,2026-08-31T21:51,2026-08-31,2026-10-07,38,34,4,646,646,100.0,646,0,0,Offline,True,True,True,METROPOLE PAULISTA - DEPINEDO,Viação Metrópole Pinedo
73887,26,2026-08-31T21:19,2026-08-31,2026-10-07,38,34,4,653,653,100.0,0,653,5,Erro SD + Gravação,True,True,True,METROPOLE PAULISTA - DEPINEDO,Viação Metrópole Pinedo
73892,23,2026-09-05T11:40,2026-09-05,2026-10-07,33,33,0,605,594,98.2,1,593,5,Offline e Erro SD + Gravação,False,False,True,METROPOLE PAULISTA - DEPINEDO,Viação Metrópole Pinedo
73895,21,2026-09-01T20:59,2026-09-01,2026-09-18,18,18,0,378,360,95.2,1,359,5,Offline e Erro SD + Gravação,False,False,False,METROPOLE PAULISTA - DEPINEDO,Viação Metrópole Pinedo
73895,25,2026-08-31T21:07,2026-08-31,2026-09-18,19,19,0,383,383,100.0,383,0,0,Offline,True,True,False,METROPOLE PAULISTA - DEPINEDO,Viação Metrópole Pinedo
73897,23,2026-08-31T21:14,2026-08-31,2026-10-07,38,38,0,692,692,100.0,1,691,5,Offline e Erro SD + Gravação,True,True,True,METROPOLE PAULISTA - DEPINEDO,
73897,25,2026-08-31T21:15,2026-08-31,2026-10-07,38,38,0,705,705,100.0,529,176,5,Offline e Erro SD + Gravação,True,True,True,METROPOLE PAULISTA - DEPINEDO,
73903,22,2026-10-07T11:41,2026-10-07,2026-10-07,1,1,0,1,1,100.0,1,0,0,Offline,True,False,True,METROPOLE PAULISTA - DEPINEDO,Viação Metrópole Pinedo
73912,22,2026-10-07T11:17,2026-10-07,2026-10-07,1,1,0,1,1,100.0,0,1,5,Erro SD + Gravação,True,False,True,METROPOLE PAULISTA - DEPINEDO,Viação Metrópole Pinedo
73912,23,2026-08-31T21:55,2026-08-31,2026-10-07,38,33,5,607,607,100.0,607,0,0,Offline,True,True,True,METROPOLE PAULISTA - DEPINEDO,Viação Metrópole Pinedo
73912,24,2026-08-31T21:55,2026-08-31,2026-10-07,38,33,5,599,599,100.0,599,0,0,Offline,True,True,True,METROPOLE PAULISTA - DEPINEDO,Viação Metrópole Pinedo
73912,26,2026-08-31T21:55,2026-08-31,2026-10-07,38,29,9,518,518,100.0,0,518,5,Erro SD + Gravação,True,True,True,METROPOLE PAULISTA - DEPINEDO,Viação Metrópole Pinedo
73913,25,2026-09-18T16:50,2026-09-18,2026-10-07,20,20,0,350,335,95.7,1,334,5,Offline e Erro SD + Gravação,False,False,True,METROPOLE PAULISTA - DEPINEDO,Viação Metrópole Pinedo
73915,21,2026-10-04T10:25,2026-10-04,2026-10-07,4,4,0,22,4,18.2,4,0,0,Offline,False,False,True,METROPOLE PAULISTA - DEPINEDO,Viação Metrópole Pinedo
73916,21,2026-10-07T11:26,2026-10-07,2026-10-07,1,1,0,1,1,100.0,0,1,5,Erro SD + Gravação,True,False,True,METROPOLE PAULISTA - DEPINEDO,Viação Metrópole Pinedo
73916,23,2026-09-20T03:13,2026-09-20,2026-10-07,18,18,0,282,281,99.6,0,281,5,Erro SD + Gravação,False,False,True,METROPOLE PAULISTA - DEPINEDO,Viação Metrópole Pinedo
73919,25,2026-10-07T11:42,2026-10-07,2026-10-07,1,1,0,1,1,100.0,1,0,0,Offline,True,False,True,METROPOLE PAULISTA - DEPINEDO,
73920,22,2026-08-31T21:49,2026-08-31,2026-10-07,38,37,1,677,677,100.0,5,672,5,Offline e Erro SD + Gravação,True,True,True,METROPOLE PAULISTA - DEPINEDO,Viação Metrópole Pinedo
73920,24,2026-08-31T22:49,2026-08-31,2026-10-07,38,38,0,698,698,100.0,5,693,5,Offline e Erro SD + Gravação,True,True,True,METROPOLE PAULISTA - DEPINEDO,Viação Metrópole Pinedo
73920,25,2026-08-31T23:49,2026-08-31,2026-10-07,38,38,0,694,694,100.0,2,692,5,Offline e Erro SD + Gravação,True,True,True,METROPOLE PAULISTA - DEPINEDO,Viação Metrópole Pinedo
73920,26,2026-08-31T21:49,2026-08-31,2026-10-07,38,34,4,629,629,100.0,6,623,5,Offline e Erro SD + Gravação,True,True,True,METROPOLE PAULISTA - DEPINEDO,Viação Metrópole Pinedo
73922,25,2026-10-04T19:26,2026-10-04,2026-10-07,4,4,0,23,12,52.2,12,0,0,Offline,False,False,True,METROPOLE PAULISTA - DEPINEDO,Viação Metrópole Pinedo
73924,21,2026-10-07T11:11,2026-10-07,2026-10-07,1,1,0,1,1,100.0,1,0,0,Offline,True,False,True,METROPOLE - MBOI - MIRIM,Viação Metrópole M'Boi Mirim
73928,26,2026-08-31T21:04,2026-08-31,2026-10-07,38,34,4,655,655,100.0,0,655,5,Erro SD + Gravação,True,True,True,METROPOLE - MBOI - MIRIM,
73931,23,2026-08-31T21:32,2026-08-31,2026-10-07,38,38,0,707,707,100.0,0,707,5,Erro SD + Gravação,True,True,True,METROPOLE - MBOI - MIRIM,Viação Metrópole M'Boi Mirim
73932,25,2026-09-26T07:29,2026-09-26,2026-10-07,12,12,0,165,122,73.9,122,0,0,Offline,False,False,True,METROPOLE - MBOI - MIRIM,Viação Metrópole M'Boi Mirim
73935,26,2026-09-12T07:12,2026-09-12,2026-10-07,26,22,4,402,393,97.8,393,0,0,Offline,False,False,True,METROPOLE - MBOI - MIRIM,Viação Metrópole M'Boi Mirim
73936,26,2026-09-10T10:04,2026-09-10,2026-10-07,28,24,4,449,439,97.8,0,439,5,Erro SD + Gravação,False,False,True,METROPOLE - MBOI - MIRIM,Viação Metrópole Pinedo
73939,21,2026-10-07T11:40,2026-10-07,2026-10-07,1,1,0,1,1,100.0,0,1,5,Erro SD + Gravação,True,False,True,METROPOLE - MBOI - MIRIM,Viação Metrópole Pinedo
73939,23,2026-08-31T21:54,2026-08-31,2026-10-07,38,38,0,731,731,100.0,0,731,5,Erro SD + Gravação,True,True,True,METROPOLE - MBOI - MIRIM,Viação Metrópole Pinedo
73943,21,2026-08-31T21:33,2026-08-31,2026-10-07,38,34,4,650,650,100.0,650,0,0,Offline,True,True,True,METROPOLE PAULISTA - DEPINEDO,Viação Metrópole Pinedo
73943,22,2026-08-31T21:33,2026-08-31,2026-10-07,38,37,1,688,688,100.0,688,0,0,Offline,True,True,True,METROPOLE PAULISTA - DEPINEDO,Viação Metrópole Pinedo
73943,23,2026-10-01T16:28,2026-10-01,2026-10-07,7,7,0,54,31,57.4,31,0,0,Offline,False,False,True,METROPOLE PAULISTA - DEPINEDO,Viação Metrópole Pinedo
73943,24,2026-09-22T07:06,2026-09-22,2026-10-07,16,16,0,256,249,97.3,249,0,0,Offline,False,False,True,METROPOLE PAULISTA - DEPINEDO,Viação Metrópole Pinedo
73944,21,2026-10-07T11:45,2026-10-07,2026-10-07,1,1,0,1,1,100.0,0,1,5,Erro SD + Gravação,True,False,True,METROPOLE PAULISTA - DEPINEDO,Viação Metrópole Pinedo
73944,23,2026-09-02T16:46,2026-09-02,2026-10-07,36,36,0,677,662,97.8,662,0,0,Offline,False,False,True,METROPOLE PAULISTA - DEPINEDO,Viação Metrópole Pinedo
73944,25,2026-09-02T16:46,2026-09-02,2026-10-07,36,36,0,693,678,97.8,0,678,5,Erro SD + Gravação,False,False,True,METROPOLE PAULISTA - DEPINEDO,Viação Metrópole Pinedo
73947,21,2026-09-13T18:31,2026-09-13,2026-10-07,25,21,4,377,359,95.2,359,0,0,Offline,False,False,True,METROPOLE - MBOI - MIRIM,Viação Metrópole Pinedo
73947,22,2026-09-11T17:27,2026-09-11,2026-10-07,27,26,1,468,451,96.4,451,0,0,Offline,False,False,True,METROPOLE - MBOI - MIRIM,Viação Metrópole Pinedo
73947,23,2026-09-01T14:45,2026-09-01,2026-10-07,37,37,0,711,697,98.0,697,0,0,Offline,False,False,True,METROPOLE - MBOI - MIRIM,Viação Metrópole Pinedo
73948,21,2026-09-08T22:54,2026-09-08,2026-10-07,30,26,4,494,473,95.7,473,0,0,Offline,False,False,True,METROPOLE PAULISTA - DEPINEDO,
73948,22,2026-09-08T22:54,2026-09-08,2026-10-07,30,29,1,539,517,95.9,517,0,0,Offline,False,False,True,METROPOLE PAULISTA - DEPINEDO,
73948,23,2026-09-08T22:54,2026-09-08,2026-10-07,30,29,1,560,538,96.1,538,0,0,Offline,False,False,True,METROPOLE PAULISTA - DEPINEDO,
73948,25,2026-08-31T21:30,2026-08-31,2026-10-07,38,38,0,727,727,100.0,727,0,0,Offline,True,True,True,METROPOLE PAULISTA - DEPINEDO,
73949,22,2026-10-07T11:34,2026-10-07,2026-10-07,1,1,0,1,1,100.0,1,0,0,Offline,True,False,True,METROPOLE PAULISTA - DEPINEDO,Viação Metrópole Pinedo
73951,26,2026-08-31T21:03,2026-08-31,2026-10-07,38,34,4,644,644,100.0,644,0,0,Offline,True,True,True,METROPOLE PAULISTA - DEPINEDO,Viação Metrópole Pinedo
73954,23,2026-08-31T21:28,2026-08-31,2026-10-07,38,38,0,706,706,100.0,0,706,5,Erro SD + Gravação,True,True,True,METROPOLE - MBOI - MIRIM,
73955,22,2026-10-07T10:53,2026-10-07,2026-10-07,1,1,0,1,1,100.0,0,1,5,Erro SD + Gravação,True,False,True,METROPOLE - MBOI - MIRIM,
73961,22,2026-10-07T11:11,2026-10-07,2026-10-07,1,1,0,1,1,100.0,1,0,0,Offline,True,False,True,METROPOLE PAULISTA - DEPINEDO,
73968,22,2026-10-07T10:47,2026-10-07,2026-10-07,1,1,0,1,1,100.0,0,1,5,Erro SD + Gravação,True,False,True,METROPOLE PAULISTA - DEPINEDO,Viação Metrópole Pinedo
73968,26,2026-08-31T21:27,2026-08-31,2026-10-07,38,34,4,663,663,100.0,0,663,5,Erro SD + Gravação,True,True,True,METROPOLE PAULISTA - DEPINEDO,Viação Metrópole Pinedo
73969,23,2026-08-31T21:08,2026-08-31,2026-10-07,38,38,0,715,715,100.0,0,715,5,Erro SD + Gravação,True,True,True,METROPOLE PAULISTA - DEPINEDO,
73970,22,2026-10-07T11:45,2026-10-07,2026-10-07,1,1,0,1,1,100.0,1,0,0,Offline,True,False,True,METROPOLE PAULISTA - DEPINEDO,
73970,26,2026-08-31T21:35,2026-08-31,2026-10-07,38,32,6,565,565,100.0,31,534,5,Offline e Erro SD + Gravação,True,True,True,METROPOLE PAULISTA - DEPINEDO,
73972,26,2026-08-31T21:22,2026-08-31,2026-10-07,38,34,4,667,667,100.0,667,0,0,Offline,True,True,True,METROPOLE PAULISTA - DEPINEDO,Viação Metrópole Pinedo
73975,25,2026-10-07T11:07,2026-10-07,2026-10-07,1,1,0,1,1,100.0,1,0,0,Offline,True,False,True,METROPOLE PAULISTA - DEPINEDO,
73976,26,2026-09-19T17:01,2026-09-19,2026-10-07,19,15,4,252,244,96.8,244,0,0,Offline,False,False,True,METROPOLE PAULISTA - DEPINEDO,Viação Metrópole Pinedo
73977,22,2026-10-07T10:50,2026-10-07,2026-10-07,1,1,0,1,1,100.0,0,1,5,Erro SD + Gravação,True,False,True,METROPOLE PAULISTA - DEPINEDO,
73977,23,2026-09-09T06:40,2026-09-09,2026-10-07,29,29,0,544,538,98.9,1,537,5,Offline e Erro SD + Gravação,False,False,True,METROPOLE PAULISTA - DEPINEDO,
73977,25,2026-08-31T21:31,2026-08-31,2026-10-07,38,38,0,706,706,100.0,1,705,5,Offline e Erro SD + Gravação,True,True,True,METROPOLE PAULISTA - DEPINEDO,
73977,26,2026-08-31T21:31,2026-08-31,2026-10-07,38,34,4,639,621,97.2,1,620,5,Offline e Erro SD + Gravação,False,True,True,METROPOLE PAULISTA - DEPINEDO,
73978,24,2026-09-01T21:11,2026-09-01,2026-10-07,37,37,0,713,695,97.5,695,0,0,Offline,False,False,True,METROPOLE PAULISTA - DEPINEDO,
73978,25,2026-08-31T21:08,2026-08-31,2026-10-07,38,38,0,719,719,100.0,719,0,0,Offline,True,True,True,METROPOLE PAULISTA - DEPINEDO,
73978,26,2026-09-22T10:20,2026-09-22,2026-10-07,16,12,4,188,170,90.4,170,0,0,Offline,False,False,True,METROPOLE PAULISTA - DEPINEDO,
73979,22,2026-10-07T11:42,2026-10-07,2026-10-07,1,1,0,1,1,100.0,0,1,5,Erro SD + Gravação,True,False,True,METROPOLE PAULISTA - DEPINEDO,Viação Metrópole Pinedo
73979,23,2026-08-31T21:22,2026-08-31,2026-10-07,38,38,0,739,739,100.0,0,739,5,Erro SD + Gravação,True,True,True,METROPOLE PAULISTA - DEPINEDO,Viação Metrópole Pinedo
73981,25,2026-08-31T21:13,2026-08-31,2026-10-07,38,38,0,739,739,100.0,0,739,5,Erro SD + Gravação,True,True,True,METROPOLE PAULISTA - DEPINEDO,Viação Metrópole Pinedo
73982,26,2026-08-31T21:38,2026-08-31,2026-10-07,38,34,4,660,660,100.0,660,0,0,Offline,True,True,True,METROPOLE PAULISTA - DEPINEDO,Viação Metrópole Pinedo
73983,21,2026-09-13T01:04,2026-09-13,2026-10-07,25,21,4,380,379,99.7,267,112,5,Offline e Erro SD + Gravação,False,False,True,METROPOLE PAULISTA - DEPINEDO,Viação Metrópole Pinedo
73983,22,2026-09-07T20:35,2026-09-07,2026-10-07,31,30,1,572,552,96.5,390,162,5,Offline e Erro SD + Gravação,False,False,True,METROPOLE PAULISTA - DEPINEDO,Viação Metrópole Pinedo
73984,25,2026-08-31T21:08,2026-08-31,2026-10-07,38,38,0,733,690,94.1,690,0,0,Offline,False,True,True,METROPOLE PAULISTA - DEPINEDO,Viação Metrópole Pinedo
73985,21,2026-08-31T21:33,2026-08-31,2026-10-07,38,34,4,667,667,100.0,26,641,5,Offline e Erro SD + Gravação,True,True,True,METROPOLE PAULISTA - DEPINEDO,Viação Metrópole Pinedo
73985,22,2026-09-30T09:57,2026-09-30,2026-10-07,8,7,1,42,38,90.5,38,0,0,Offline,False,False,True,METROPOLE PAULISTA - DEPINEDO,Viação Metrópole Pinedo
73985,23,2026-09-30T08:57,2026-09-30,2026-10-07,8,8,0,67,62,92.5,62,0,0,Offline,False,False,True,METROPOLE PAULISTA - DEPINEDO,Viação Metrópole Pinedo
73985,24,2026-09-30T09:57,2026-09-30,2026-10-07,8,8,0,68,63,92.6,63,0,0,Offline,False,False,True,METROPOLE PAULISTA - DEPINEDO,Viação Metrópole Pinedo
73985,25,2026-08-31T21:34,2026-08-31,2026-10-07,38,38,0,737,737,100.0,0,737,5,Erro SD + Gravação,True,True,True,METROPOLE PAULISTA - DEPINEDO,Viação Metrópole Pinedo
73986,23,2026-08-31T21:04,2026-08-31,2026-10-07,38,38,0,720,720,100.0,0,720,5,Erro SD + Gravação,True,True,True,METROPOLE PAULISTA - DEPINEDO,Viação Metrópole Pinedo
73986,25,2026-08-31T21:05,2026-08-31,2026-10-07,38,38,0,724,724,100.0,724,0,0,Offline,True,True,True,METROPOLE PAULISTA - DEPINEDO,Viação Metrópole Pinedo
82407,21,2026-10-07T11:14,2026-10-07,2026-10-07,1,1,0,1,1,100.0,0,1,5,Erro SD + Gravação,True,False,True,GATO PRETO,
82408,22,2026-08-31T22:38,2026-08-31,2026-10-07,38,37,1,664,663,99.8,0,663,5,Erro SD + Gravação,False,True,True,GATO PRETO,Gato Preto - Portinari
82409,21,2026-09-21T19:05,2026-09-21,2026-09-28,8,6,2,107,88,82.2,88,0,0,Offline,False,False,False,GATO PRETO,Gato Preto - Portinari
82409,22,2026-09-21T19:07,2026-09-21,2026-09-28,8,6,2,107,88,82.2,88,0,0,Offline,False,False,False,GATO PRETO,Gato Preto - Portinari
82409,23,2026-09-21T19:09,2026-09-21,2026-09-28,8,6,2,107,88,82.2,88,0,0,Offline,False,False,False,GATO PRETO,Gato Preto - Portinari
82415,21,2026-08-31T22:51,2026-08-31,2026-10-06,37,32,5,650,650,100.0,0,650,5,Erro SD + Gravação,True,True,False,GATO PRETO,
82418,21,2026-10-07T11:22,2026-10-07,2026-10-07,1,1,0,1,1,100.0,1,0,0,Offline,True,False,True,GATO PRETO,Gato Preto - Mackenzie
82418,24,2026-10-07T11:23,2026-10-07,2026-10-07,1,1,0,1,1,100.0,1,0,0,Offline,True,False,True,GATO PRETO,Gato Preto - Mackenzie
82419,21,2026-10-07T10:38,2026-10-07,2026-10-07,1,1,0,1,1,100.0,0,1,5,Erro SD + Gravação,True,False,True,GATO PRETO,Gato Preto - Mackenzie
82419,26,2026-10-04T18:33,2026-10-04,2026-10-07,4,4,0,21,8,38.1,8,0,0,Offline,False,False,True,GATO PRETO,Gato Preto - Mackenzie
82423,21,2026-09-02T13:47,2026-09-02,2026-10-07,36,18,18,274,274,100.0,274,0,0,Offline,True,True,True,GATO PRETO,
82423,22,2026-09-02T13:47,2026-09-02,2026-10-07,36,19,17,282,282,100.0,282,0,0,Offline,True,True,True,GATO PRETO,
82423,23,2026-09-02T13:47,2026-09-02,2026-10-07,36,20,16,293,293,100.0,293,0,0,Offline,True,True,True,GATO PRETO,
82423,24,2026-09-02T13:47,2026-09-02,2026-10-07,36,20,16,294,294,100.0,294,0,0,Offline,True,True,True,GATO PRETO,
82423,25,2026-09-02T13:47,2026-09-02,2026-10-07,36,20,16,300,300,100.0,300,0,0,Offline,True,True,True,GATO PRETO,
82423,26,2026-09-02T13:47,2026-09-02,2026-10-07,36,18,18,272,272,100.0,272,0,0,Offline,True,True,True,GATO PRETO,
82424,21,2026-10-03T22:50,2026-10-03,2026-10-07,5,5,0,24,24,100.0,24,0,0,Offline,True,False,True,GATO PRETO,
82424,22,2026-10-03T21:52,2026-10-03,2026-10-07,5,5,0,23,23,100.0,23,0,0,Offline,True,False,True,GATO PRETO,
82424,23,2026-08-31T21:46,2026-08-31,2026-10-07,38,32,6,425,425,100.0,425,0,0,Offline,True,True,True,GATO PRETO,
82424,24,2026-10-02T01:53,2026-10-02,2026-10-07,6,6,0,40,39,97.5,39,0,0,Offline,False,False,True,GATO PRETO,
82424,25,2026-10-02T03:55,2026-10-02,2026-10-07,6,6,0,36,35,97.2,35,0,0,Offline,False,False,True,GATO PRETO,
82424,26,2026-10-03T22:01,2026-10-03,2026-10-07,5,5,0,23,23,100.0,23,0,0,Offline,True,False,True,GATO PRETO,
82438,22,2026-10-07T11:00,2026-10-07,2026-10-07,1,1,0,1,1,100.0,0,1,5,Erro SD + Gravação,True,False,True,GATO PRETO,Gato Preto - Portinari
82439,21,2026-10-07T11:20,2026-10-07,2026-10-07,1,1,0,1,1,100.0,0,1,5,Erro SD + Gravação,True,False,True,GATO PRETO,
82441,21,2026-09-08T07:30,2026-09-08,2026-09-28,21,21,0,464,453,97.6,453,0,0,Offline,False,False,False,GATO PRETO,
82441,23,2026-10-02T12:30,2026-10-02,2026-10-02,1,1,0,12,4,33.3,4,0,0,Offline,False,False,False,GATO PRETO,
82447,21,2026-10-07T10:52,2026-10-07,2026-10-07,1,1,0,1,1,100.0,0,1,5,Erro SD + Gravação,True,False,True,GATO PRETO,
82454,22,2026-10-05T09:50,2026-10-05,2026-10-07,3,3,0,11,3,27.3,2,1,5,Offline e Erro SD + Gravação,False,False,True,GATO PRETO,
82454,23,2026-09-30T13:43,2026-09-30,2026-10-07,8,8,0,76,67,88.2,67,0,0,Offline,False,False,True,GATO PRETO,
82459,23,2026-10-02T17:21,2026-10-02,2026-10-07,6,6,0,42,30,71.4,0,30,5,Erro SD + Gravação,False,False,True,GATO PRETO,
82460,22,2026-10-07T11:05,2026-10-07,2026-10-07,1,1,0,1,1,100.0,0,1,5,Erro SD + Gravação,True,False,True,GATO PRETO,
82480,21,2026-10-07T11:18,2026-10-07,2026-10-07,1,1,0,1,1,100.0,0,1,5,Erro SD + Gravação,True,False,True,GATO PRETO,
82480,26,2026-08-31T22:00,2026-08-31,2026-10-07,38,34,4,661,661,100.0,0,661,5,Erro SD + Gravação,True,True,True,GATO PRETO,
82482,21,2026-10-03T21:03,2026-10-03,2026-10-05,3,3,0,17,17,100.0,17,0,0,Offline,True,False,False,GATO PRETO,
82482,26,2026-08-31T21:28,2026-08-31,2026-10-05,36,32,4,657,657,100.0,0,657,5,Erro SD + Gravação,True,True,False,GATO PRETO,
82483,21,2026-08-31T21:41,2026-08-31,2026-10-07,38,32,6,641,641,100.0,0,641,5,Erro SD + Gravação,True,True,True,GATO PRETO,
82483,22,2026-08-31T21:41,2026-08-31,2026-10-07,38,35,3,682,682,100.0,1,681,5,Offline e Erro SD + Gravação,True,True,True,GATO PRETO,
82483,23,2026-08-31T21:41,2026-08-31,2026-10-07,38,36,2,703,703,100.0,0,703,5,Erro SD + Gravação,True,True,True,GATO PRETO,
82483,24,2026-08-31T21:41,2026-08-31,2026-10-07,38,36,2,700,700,100.0,0,700,5,Erro SD + Gravação,True,True,True,GATO PRETO,
82488,23,2026-08-31T21:48,2026-08-31,2026-10-07,38,38,0,734,734,100.0,0,734,5,Erro SD + Gravação,True,True,True,GATO PRETO,
82490,23,2026-09-30T10:24,2026-09-30,2026-10-07,8,8,0,69,65,94.2,0,65,5,Erro SD + Gravação,False,False,True,GATO PRETO,
82494,21,2026-10-07T10:26,2026-10-07,2026-10-07,1,1,0,1,1,100.0,0,1,5,Erro SD + Gravação,True,False,True,GATO PRETO,
82495,23,2026-08-31T21:32,2026-08-31,2026-10-07,38,38,0,739,739,100.0,739,0,0,Offline,True,True,True,GATO PRETO,
82498,22,2026-10-07T11:02,2026-10-07,2026-10-07,1,1,0,1,1,100.0,0,1,5,Erro SD + Gravação,True,False,True,GATO PRETO,Gato Preto - Portinari
82498,23,2026-09-28T07:04,2026-09-28,2026-10-07,10,8,2,82,82,100.0,0,82,5,Erro SD + Gravação,True,False,True,GATO PRETO,Gato Preto - Portinari
82501,22,2026-09-11T06:12,2026-09-11,2026-09-28,18,18,0,375,374,99.7,374,0,0,Offline,False,False,False,GATO PRETO,
82501,23,2026-09-11T06:12,2026-09-11,2026-09-28,18,18,0,375,374,99.7,374,0,0,Offline,False,False,False,GATO PRETO,
82503,21,2026-10-06T16:00,2026-10-06,2026-10-06,1,1,0,1,1,100.0,1,0,0,Offline,True,False,False,GATO PRETO,Gato Preto - Portinari
82503,23,2026-09-10T14:38,2026-09-10,2026-10-06,27,27,0,517,491,95.0,491,0,0,Offline,False,False,False,GATO PRETO,Gato Preto - Portinari
82509,22,2026-10-07T11:01,2026-10-07,2026-10-07,1,1,0,1,1,100.0,0,1,5,Erro SD + Gravação,True,False,True,GATO PRETO,
82511,22,2026-10-07T11:00,2026-10-07,2026-10-07,1,1,0,1,1,100.0,0,1,5,Erro SD + Gravação,True,False,True,GATO PRETO,
82512,22,2026-10-07T10:30,2026-10-07,2026-10-07,1,1,0,1,1,100.0,0,1,5,Erro SD + Gravação,True,False,True,GATO PRETO,
82515,23,2026-08-31T21:44,2026-08-31,2026-10-07,38,38,0,657,657,100.0,0,657,5,Erro SD + Gravação,True,True,True,GATO PRETO,
82541,23,2026-10-05T07:41,2026-10-05,2026-10-07,3,3,0,7,6,85.7,0,6,5,Erro SD + Gravação,False,False,True,GATO PRETO,
82544,21,2026-10-07T10:27,2026-10-07,2026-10-07,1,1,0,1,1,100.0,0,1,5,Erro SD + Gravação,True,False,True,GATO PRETO,Gato Preto - Portinari
82544,23,2026-08-31T21:40,2026-08-31,2026-10-07,38,38,0,729,729,100.0,729,0,0,Offline,True,True,True,GATO PRETO,Gato Preto - Portinari
82550,21,2026-10-07T11:11,2026-10-07,2026-10-07,1,1,0,1,1,100.0,1,0,0,Offline,True,False,True,GATO PRETO,Gato Preto - Mackenzie
82553,21,2026-08-31T21:11,2026-08-31,2026-10-06,37,33,4,620,620,100.0,0,620,5,Erro SD + Gravação,True,True,False,GATO PRETO,
82553,22,2026-10-01T20:44,2026-10-01,2026-10-06,6,5,1,34,21,61.8,0,21,5,Erro SD + Gravação,False,False,False,GATO PRETO,
82560,22,2026-10-07T10:36,2026-10-07,2026-10-07,1,1,0,1,1,100.0,0,1,5,Erro SD + Gravação,True,False,True,GATO PRETO,
82561,22,2026-10-01T12:30,2026-10-01,2026-10-07,7,6,1,36,24,66.7,23,1,5,Offline e Erro SD + Gravação,False,False,True,GATO PRETO,
82563,22,2026-09-30T14:06,2026-09-30,2026-09-30,1,1,0,13,1,7.7,1,0,0,Offline,False,False,False,GATO PRETO,
82563,23,2026-09-30T14:08,2026-09-30,2026-09-30,1,1,0,8,1,12.5,1,0,0,Offline,False,False,False,GATO PRETO,
82564,21,2026-10-07T11:12,2026-10-07,2026-10-07,1,1,0,1,1,100.0,0,1,5,Erro SD + Gravação,True,False,True,GATO PRETO,
82569,21,2026-09-25T11:48,2026-09-25,2026-10-07,13,9,4,113,102,90.3,102,0,0,Offline,False,False,True,GATO PRETO,
82569,22,2026-09-25T11:51,2026-09-25,2026-10-07,13,12,1,168,157,93.5,157,0,0,Offline,False,False,True,GATO PRETO,
82569,23,2026-09-25T11:53,2026-09-25,2026-10-07,13,13,0,185,174,94.1,174,0,0,Offline,False,False,True,GATO PRETO,
82570,21,2026-08-31T21:21,2026-08-31,2026-10-07,38,34,4,665,665,100.0,665,0,0,Offline,True,True,True,GATO PRETO,Gato Preto - Portinari
82570,22,2026-08-31T21:21,2026-08-31,2026-10-07,38,37,1,710,710,100.0,710,0,0,Offline,True,True,True,GATO PRETO,Gato Preto - Portinari
82570,23,2026-08-31T21:21,2026-08-31,2026-10-07,38,38,0,730,730,100.0,730,0,0,Offline,True,True,True,GATO PRETO,Gato Preto - Portinari
82575,21,2026-10-07T10:27,2026-10-07,2026-10-07,1,1,0,1,1,100.0,1,0,0,Offline,True,False,True,GATO PRETO,
82577,23,2026-09-01T00:09,2026-09-01,2026-10-07,37,33,4,614,610,99.3,105,505,5,Offline e Erro SD + Gravação,False,True,True,GATO PRETO,
82579,21,2026-08-31T21:07,2026-08-31,2026-10-07,38,34,4,648,648,100.0,648,0,0,Offline,True,True,True,GATO PRETO,
82579,22,2026-08-31T21:07,2026-08-31,2026-10-07,38,37,1,693,693,100.0,693,0,0,Offline,True,True,True,GATO PRETO,
82579,23,2026-08-31T21:07,2026-08-31,2026-10-07,38,38,0,719,719,100.0,719,0,0,Offline,True,True,True,GATO PRETO,
82580,21,2026-08-31T21:56,2026-08-31,2026-10-07,38,34,4,584,584,100.0,0,584,5,Erro SD + Gravação,True,True,True,GATO PRETO,
82580,22,2026-08-31T21:56,2026-08-31,2026-10-07,38,37,1,623,623,100.0,0,623,5,Erro SD + Gravação,True,True,True,GATO PRETO,
82580,23,2026-08-31T21:56,2026-08-31,2026-10-07,38,38,0,640,640,100.0,112,528,5,Offline e Erro SD + Gravação,True,True,True,GATO PRETO,
82582,21,2026-08-31T21:43,2026-08-31,2026-10-07,38,33,5,562,562,100.0,6,556,5,Offline e Erro SD + Gravação,True,True,True,GATO PRETO,Gato Preto - Portinari
82582,22,2026-08-31T21:43,2026-08-31,2026-10-07,38,36,2,607,607,100.0,7,600,5,Offline e Erro SD + Gravação,True,True,True,GATO PRETO,Gato Preto - Portinari
82582,23,2026-08-31T21:43,2026-08-31,2026-10-07,38,37,1,622,622,100.0,5,617,5,Offline e Erro SD + Gravação,True,True,True,GATO PRETO,Gato Preto - Portinari
82583,23,2026-10-07T10:38,2026-10-07,2026-10-07,1,1,0,1,1,100.0,1,0,0,Offline,True,False,True,GATO PRETO,
82600,23,2026-08-31T21:19,2026-08-31,2026-10-04,35,35,0,713,713,100.0,0,713,5,Erro SD + Gravação,True,True,False,GATO PRETO,
82621,21,2026-08-31T21:10,2026-08-31,2026-10-07,38,34,4,671,671,100.0,671,0,0,Offline,True,True,True,GATO PRETO,
82621,22,2026-08-31T21:10,2026-08-31,2026-10-07,38,37,1,711,711,100.0,711,0,0,Offline,True,True,True,GATO PRETO,
82621,23,2026-08-31T21:10,2026-08-31,2026-10-07,38,38,0,737,737,100.0,737,0,0,Offline,True,True,True,GATO PRETO,
82623,21,2026-10-07T10:31,2026-10-07,2026-10-07,1,1,0,1,1,100.0,0,1,5,Erro SD + Gravação,True,False,True,GATO PRETO,
82624,21,2026-09-22T08:33,2026-09-22,2026-10-07,16,12,4,189,161,85.2,1,160,5,Offline e Erro SD + Gravação,False,False,True,GATO PRETO,
82624,22,2026-09-23T05:35,2026-09-23,2026-10-07,15,14,1,213,208,97.7,0,208,5,Erro SD + Gravação,False,False,True,GATO PRETO,
82624,23,2026-09-23T05:35,2026-09-23,2026-10-07,15,15,0,230,225,97.8,0,225,5,Erro SD + Gravação,False,False,True,GATO PRETO,
82628,21,2026-08-31T21:32,2026-08-31,2026-09-20,21,21,0,405,405,100.0,405,0,0,Offline,True,True,False,GATO PRETO,
82628,22,2026-08-31T21:33,2026-08-31,2026-09-20,21,21,0,405,405,100.0,405,0,0,Offline,True,True,False,GATO PRETO,
82628,23,2026-08-31T21:33,2026-08-31,2026-09-20,21,21,0,405,405,100.0,405,0,0,Offline,True,True,False,GATO PRETO,
82631,21,2026-08-31T21:23,2026-08-31,2026-09-28,29,28,1,602,602,100.0,602,0,0,Offline,True,True,False,GATO PRETO,
82631,22,2026-08-31T21:24,2026-08-31,2026-09-29,30,29,1,612,612,100.0,612,0,0,Offline,True,True,False,GATO PRETO,
82631,23,2026-08-31T21:24,2026-08-31,2026-09-29,30,29,1,612,612,100.0,612,0,0,Offline,True,True,False,GATO PRETO,
82632,23,2026-08-31T21:24,2026-08-31,2026-10-07,38,38,0,725,725,100.0,229,496,5,Offline e Erro SD + Gravação,True,True,True,GATO PRETO,
82634,22,2026-10-07T11:17,2026-10-07,2026-10-07,1,1,0,1,1,100.0,0,1,5,Erro SD + Gravação,True,False,True,GATO PRETO,
82636,23,2026-08-31T21:01,2026-08-31,2026-10-07,38,36,2,618,618,100.0,24,594,5,Offline e Erro SD + Gravação,True,True,True,GATO PRETO,
82648,22,2026-10-07T11:05,2026-10-07,2026-10-07,1,1,0,1,1,100.0,0,1,5,Erro SD + Gravação,True,False,True,GATO PRETO,Gato Preto - Mackenzie
82649,21,,2026-10-06,2026-10-07,2,2,0,2,2,100.0,1,1,5,Offline e Erro SD + Gravação,True,False,True,GATO PRETO,
82654,21,2026-10-07T10:59,2026-10-07,2026-10-07,1,1,0,1,1,100.0,0,1,5,Erro SD + Gravação,True,False,True,GATO PRETO,
82654,23,2026-08-31T21:55,2026-08-31,2026-10-07,38,38,0,719,712,99.0,712,0,0,Offline,False,True,True,GATO PRETO,
82656,22,2026-10-07T11:15,2026-10-07,2026-10-07,1,1,0,1,1,100.0,0,1,5,Erro SD + Gravação,True,False,True,GATO PRETO,
82657,21,2026-10-07T11:15,2026-10-07,2026-10-07,1,1,0,1,1,100.0,1,0,0,Offline,True,False,True,GATO PRETO,
82657,23,2026-08-31T22:58,2026-08-31,2026-10-07,38,38,0,731,731,100.0,0,731,5,Erro SD + Gravação,True,True,True,GATO PRETO,
82659,21,2026-10-07T05:12,2026-10-07,2026-10-07,1,1,0,1,1,100.0,0,1,5,Erro SD + Gravação,True,False,True,GATO PRETO,
82662,22,2026-10-07T10:27,2026-10-07,2026-10-07,1,1,0,1,1,100.0,1,0,0,Offline,True,False,True,GATO PRETO,
82663,21,2026-08-31T21:03,2026-08-31,2026-10-07,38,34,4,669,669,100.0,669,0,0,Offline,True,True,True,GATO PRETO,
82663,22,2026-08-31T21:03,2026-08-31,2026-10-07,38,37,1,707,707,100.0,707,0,0,Offline,True,True,True,GATO PRETO,
82663,23,2026-08-31T21:03,2026-08-31,2026-10-07,38,38,0,733,733,100.0,733,0,0,Offline,True,True,True,GATO PRETO,
82664,22,2026-09-18T10:15,2026-09-18,2026-10-07,20,19,1,328,318,97.0,318,0,0,Offline,False,False,True,GATO PRETO,
82693,21,2026-08-31T21:42,2026-08-31,2026-09-10,11,11,0,225,225,100.0,225,0,0,Offline,True,True,False,GATO PRETO,
82694,22,2026-08-31T21:08,2026-08-31,2026-10-07,38,37,1,706,706,100.0,706,0,0,Offline,True,True,True,GATO PRETO,
82700,22,2026-10-07T10:49,2026-10-07,2026-10-07,1,1,0,1,1,100.0,1,0,0,Offline,True,False,True,GATO PRETO,
82701,22,2026-10-05T07:32,2026-10-05,2026-10-07,3,3,0,5,5,100.0,0,5,5,Erro SD + Gravação,True,False,True,GATO PRETO,
82708,21,2026-08-31T21:08,2026-08-31,2026-10-07,38,34,4,659,659,100.0,659,0,0,Offline,True,True,True,GATO PRETO,
82708,22,2026-08-31T21:08,2026-08-31,2026-10-07,38,37,1,709,709,100.0,709,0,0,Offline,True,True,True,GATO PRETO,
82709,21,2026-08-31T21:19,2026-08-31,2026-10-07,38,34,4,650,650,100.0,650,0,0,Offline,True,True,True,GATO PRETO,Gato Preto - Portinari
82709,22,2026-08-31T21:19,2026-08-31,2026-10-07,38,37,1,703,703,100.0,703,0,0,Offline,True,True,True,GATO PRETO,Gato Preto - Portinari
82709,23,2026-08-31T21:20,2026-08-31,2026-10-07,38,38,0,724,724,100.0,724,0,0,Offline,True,True,True,GATO PRETO,Gato Preto - Portinari
82711,21,2026-09-12T15:08,2026-09-12,2026-10-07,26,17,9,209,199,95.2,11,188,5,Offline e Erro SD + Gravação,False,False,True,GATO PRETO,
82712,22,2026-08-31T21:45,2026-08-31,2026-10-07,38,37,1,710,710,100.0,0,710,5,Erro SD + Gravação,True,True,True,GATO PRETO,
82713,21,2026-08-31T21:32,2026-08-31,2026-10-07,38,34,4,503,503,100.0,503,0,0,Offline,True,True,True,GATO PRETO,
82714,21,2026-10-03T22:36,2026-10-03,2026-10-07,5,5,0,25,25,100.0,0,25,5,Erro SD + Gravação,True,False,True,GATO PRETO,Gato Preto - Portinari
82716,21,2026-08-31T21:50,2026-08-31,2026-10-07,38,34,4,635,635,100.0,635,0,0,Offline,True,True,True,GATO PRETO,Gato Preto - Portinari
82716,22,2026-08-31T21:52,2026-08-31,2026-10-07,38,37,1,668,668,100.0,668,0,0,Offline,True,True,True,GATO PRETO,Gato Preto - Portinari
82716,23,2026-08-31T21:54,2026-08-31,2026-10-07,38,38,0,680,680,100.0,680,0,0,Offline,True,True,True,GATO PRETO,Gato Preto - Portinari
82717,21,2026-08-31T21:20,2026-08-31,2026-10-07,38,32,6,632,632,100.0,632,0,0,Offline,True,True,True,GATO PRETO,
82717,22,2026-08-31T21:20,2026-08-31,2026-10-07,38,35,3,663,663,100.0,663,0,0,Offline,True,True,True,GATO PRETO,
82719,23,,2026-10-06,2026-10-07,2,2,0,2,2,100.0,2,0,0,Offline,True,False,True,GATO PRETO,
82722,21,2026-10-07T10:38,2026-10-07,2026-10-07,1,1,0,1,1,100.0,0,1,5,Erro SD + Gravação,True,False,True,GATO PRETO,
82723,21,2026-10-07T10:55,2026-10-07,2026-10-07,1,1,0,1,1,100.0,0,1,5,Erro SD + Gravação,True,False,True,GATO PRETO,Gato Preto - Mackenzie
82724,22,2026-10-07T10:54,2026-10-07,2026-10-07,1,1,0,1,1,100.0,0,1,5,Erro SD + Gravação,True,False,True,GATO PRETO,
82725,21,2026-10-07T11:12,2026-10-07,2026-10-07,1,1,0,1,1,100.0,0,1,5,Erro SD + Gravação,True,False,True,GATO PRETO,
82727,21,2026-10-07T10:51,2026-10-07,2026-10-07,1,1,0,1,1,100.0,0,1,5,Erro SD + Gravação,True,False,True,GATO PRETO,
82728,21,2026-08-31T21:31,2026-08-31,2026-10-07,38,34,4,655,655,100.0,0,655,5,Erro SD + Gravação,True,True,True,GATO PRETO,Gato Preto - Mackenzie
82728,22,2026-08-31T21:31,2026-08-31,2026-10-07,38,37,1,706,706,100.0,0,706,5,Erro SD + Gravação,True,True,True,GATO PRETO,Gato Preto - Mackenzie
82728,23,2026-08-31T21:31,2026-08-31,2026-10-07,38,38,0,729,729,100.0,0,729,5,Erro SD + Gravação,True,True,True,GATO PRETO,Gato Preto - Mackenzie
82729,21,2026-10-07T10:51,2026-10-07,2026-10-07,1,1,0,1,1,100.0,0,1,5,Erro SD + Gravação,True,False,True,GATO PRETO,Gato Preto - Mackenzie
82730,22,2026-10-07T11:00,2026-10-07,2026-10-07,1,1,0,1,1,100.0,1,0,0,Offline,True,False,True,GATO PRETO,Gato Preto - Mackenzie
82730,23,2026-10-03T22:56,2026-10-03,2026-10-07,5,5,0,27,27,100.0,0,27,5,Erro SD + Gravação,True,False,True,GATO PRETO,Gato Preto - Mackenzie
82731,21,2026-10-07T10:39,2026-10-07,2026-10-07,1,1,0,1,1,100.0,0,1,5,Erro SD + Gravação,True,False,True,GATO PRETO,
82737,21,2026-08-31T21:18,2026-08-31,2026-10-07,38,34,4,638,638,100.0,638,0,0,Offline,True,True,True,GATO PRETO,
82741,21,2026-08-31T21:07,2026-08-31,2026-10-07,38,34,4,670,670,100.0,670,0,0,Offline,True,True,True,GATO PRETO,Gato Preto - Portinari
82743,22,2026-10-07T11:14,2026-10-07,2026-10-07,1,1,0,1,1,100.0,0,1,5,Erro SD + Gravação,True,False,True,GATO PRETO,
82744,21,2026-08-31T21:18,2026-08-31,2026-10-07,38,33,5,559,559,100.0,0,559,5,Erro SD + Gravação,True,True,True,GATO PRETO,
82744,22,2026-10-04T21:11,2026-10-04,2026-10-07,4,4,0,21,13,61.9,0,13,5,Erro SD + Gravação,False,False,True,GATO PRETO,
82744,23,2026-08-31T21:18,2026-08-31,2026-10-07,38,37,1,620,620,100.0,0,620,5,Erro SD + Gravação,True,True,True,GATO PRETO,
82744,24,2026-08-31T21:18,2026-08-31,2026-10-07,38,37,1,637,627,98.4,627,0,0,Offline,False,True,True,GATO PRETO,
82746,22,2026-10-07T10:47,2026-10-07,2026-10-07,1,1,0,1,1,100.0,1,0,0,Offline,True,False,True,GATO PRETO,
82746,24,2026-08-31T21:47,2026-08-31,2026-10-07,38,38,0,718,718,100.0,0,718,5,Erro SD + Gravação,True,True,True,GATO PRETO,
82746,25,2026-08-31T21:47,2026-08-31,2026-10-07,38,38,0,726,726,100.0,726,0,0,Offline,True,True,True,GATO PRETO,
82746,26,2026-09-08T09:26,2026-09-08,2026-10-07,30,26,4,494,480,97.2,7,473,5,Offline e Erro SD + Gravação,False,False,True,GATO PRETO,
82748,21,2026-08-31T21:34,2026-08-31,2026-10-07,38,34,4,664,664,100.0,664,0,0,Offline,True,True,True,GATO PRETO,
82749,21,2026-08-31T21:10,2026-08-31,2026-10-07,38,34,4,658,658,100.0,658,0,0,Offline,True,True,True,GATO PRETO,
82753,21,,2026-10-06,2026-10-07,2,2,0,2,2,100.0,2,0,0,Offline,True,False,True,GATO PRETO,
82756,21,2026-08-31T21:38,2026-08-31,2026-10-07,38,20,18,330,330,100.0,330,0,0,Offline,True,True,True,GATO PRETO,
82758,21,2026-08-31T21:02,2026-08-31,2026-10-07,38,33,5,669,669,100.0,644,25,5,Offline e Erro SD + Gravação,True,True,True,GATO PRETO,
82758,22,,2026-10-06,2026-10-06,1,1,0,1,1,100.0,0,1,5,Erro SD + Gravação,True,False,False,GATO PRETO,
82759,21,2026-08-31T21:55,2026-08-31,2026-10-07,38,33,5,600,600,100.0,600,0,0,Offline,True,True,True,GATO PRETO,
82759,22,2026-08-31T21:55,2026-08-31,2026-10-07,38,36,2,649,649,100.0,649,0,0,Offline,True,True,True,GATO PRETO,
82772,21,2026-08-31T21:48,2026-08-31,2026-10-07,38,34,4,663,663,100.0,663,0,0,Offline,True,True,True,GATO PRETO,
82775,21,2026-08-31T21:18,2026-08-31,2026-10-07,38,34,4,669,669,100.0,0,669,5,Erro SD + Gravação,True,True,True,GATO PRETO,
82778,21,2026-08-31T21:30,2026-08-31,2026-10-07,38,34,4,646,646,100.0,646,0,0,Offline,True,True,True,GATO PRETO,
82787,23,2026-09-21T19:33,2026-09-21,2026-10-07,17,17,0,278,234,84.2,2,232,5,Offline e Erro SD + Gravação,False,False,True,GATO PRETO,Gato Preto - Portinari
82790,21,2026-10-07T11:12,2026-10-07,2026-10-07,1,1,0,1,1,100.0,0,1,5,Erro SD + Gravação,True,False,True,GATO PRETO,
82790,23,2026-10-07T11:12,2026-10-07,2026-10-07,1,1,0,1,1,100.0,0,1,5,Erro SD + Gravação,True,False,True,GATO PRETO,
82791,22,2026-09-29T17:24,2026-09-29,2026-10-01,3,3,0,32,4,12.5,0,4,5,Erro SD + Gravação,False,True,False,GATO PRETO,
82791,23,2026-09-29T20:24,2026-09-29,2026-10-02,4,4,0,50,30,60.0,2,28,5,Offline e Erro SD + Gravação,False,True,False,GATO PRETO,
82792,23,2026-10-07T11:11,2026-10-07,2026-10-07,1,1,0,1,1,100.0,0,1,5,Erro SD + Gravação,True,False,True,GATO PRETO,
82793,22,2026-10-07T10:39,2026-10-07,2026-10-07,1,1,0,1,1,100.0,0,1,5,Erro SD + Gravação,True,False,True,GATO PRETO,
82794,23,2026-09-21T04:02,2026-09-21,2026-10-07,17,17,0,273,242,88.6,0,242,5,Erro SD + Gravação,False,False,True,GATO PRETO,
86017,21,2026-08-31T21:10,2026-08-31,2026-10-07,38,34,4,611,611,100.0,611,0,0,Offline,True,True,True,ALFA RODOBUS,
86019,21,2026-09-02T12:42,2026-09-02,2026-10-07,36,30,6,530,530,100.0,530,0,0,Offline,True,True,True,ALFA RODOBUS,
86024,21,2026-08-31T21:59,2026-08-31,2026-10-07,38,34,4,661,661,100.0,0,661,5,Erro SD + Gravação,True,True,True,ALFA RODOBUS,Alfa Rodobus
86032,21,2026-09-09T17:09,2026-09-09,2026-10-07,29,24,5,330,317,96.1,1,316,5,Offline e Erro SD + Gravação,False,False,True,ALFA RODOBUS,Alfa Rodobus
86038,21,2026-08-31T21:33,2026-08-31,2026-10-07,38,30,8,588,588,100.0,588,0,0,Offline,True,True,True,ALFA RODOBUS,Alfa Rodobus
86044,21,2026-08-31T21:30,2026-08-31,2026-10-07,38,34,4,665,665,100.0,665,0,0,Offline,True,True,True,ALFA RODOBUS,Alfa Rodobus
86050,21,2026-08-31T21:39,2026-08-31,2026-10-07,38,31,7,535,535,100.0,535,0,0,Offline,True,True,True,ALFA RODOBUS,Alfa Rodobus
86076,21,2026-09-22T04:46,2026-09-22,2026-10-07,16,12,4,190,186,97.9,186,0,0,Offline,False,False,True,ALFA RODOBUS,Alfa Rodobus
86077,21,2026-10-07T11:32,2026-10-07,2026-10-07,1,1,0,1,1,100.0,1,0,0,Offline,True,False,True,ALFA RODOBUS,Alfa Rodobus
86129,22,2026-10-07T11:27,2026-10-07,2026-10-07,1,1,0,1,1,100.0,1,0,0,Offline,True,False,True,ALFA RODOBUS,Alfa Rodobus
86138,21,2026-08-31T21:02,2026-08-31,2026-10-07,38,34,4,646,646,100.0,0,646,5,Erro SD + Gravação,True,True,True,ALFA RODOBUS,Alfa Rodobus
86139,21,2026-08-31T21:20,2026-08-31,2026-10-07,38,34,4,601,601,100.0,601,0,0,Offline,True,True,True,ALFA RODOBUS,Alfa Rodobus
86139,22,2026-08-31T21:20,2026-08-31,2026-10-07,38,37,1,652,652,100.0,652,0,0,Offline,True,True,True,ALFA RODOBUS,Alfa Rodobus
86171,21,2026-09-21T08:13,2026-09-21,2026-10-07,17,13,4,210,202,96.2,0,202,5,Erro SD + Gravação,False,False,True,ALFA RODOBUS,Alfa Rodobus
86172,21,2026-09-14T15:21,2026-09-14,2026-10-07,24,20,4,359,344,95.8,0,344,5,Erro SD + Gravação,False,False,True,ALFA RODOBUS,
86175,21,2026-10-07T11:21,2026-10-07,2026-10-07,1,1,0,1,1,100.0,0,1,5,Erro SD + Gravação,True,False,True,ALFA RODOBUS,
86183,21,2026-09-16T15:13,2026-09-16,2026-09-23,8,3,5,29,14,48.3,0,14,5,Erro SD + Gravação,False,False,False,ALFA RODOBUS,Alfa Rodobus
86265,21,2026-10-07T10:50,2026-10-07,2026-10-07,1,1,0,1,1,100.0,1,0,0,Offline,True,False,True,ALFA RODOBUS,Alfa Rodobus
86270,21,2026-09-28T16:29,2026-09-28,2026-10-07,10,6,4,43,27,62.8,27,0,0,Offline,False,False,True,ALFA RODOBUS,Alfa Rodobus
86286,21,2026-08-31T21:43,2026-08-31,2026-10-07,38,34,4,668,668,100.0,0,668,5,Erro SD + Gravação,True,True,True,ALFA RODOBUS,Alfa Rodobus
86303,21,2026-08-31T21:15,2026-08-31,2026-10-07,38,34,4,673,673,100.0,673,0,0,Offline,True,True,True,ALFA RODOBUS,Alfa Rodobus
86308,21,2026-10-05T05:28,2026-10-05,2026-10-07,3,3,0,13,8,61.5,0,8,5,Erro SD + Gravação,False,False,True,ALFA RODOBUS,
86312,21,2026-08-31T21:39,2026-08-31,2026-10-07,38,32,6,574,574,100.0,1,573,5,Offline e Erro SD + Gravação,True,True,True,ALFA RODOBUS,Alfa Rodobus
86312,22,2026-08-31T21:40,2026-08-31,2026-10-07,38,35,3,629,629,100.0,628,1,5,Offline e Erro SD + Gravação,True,True,True,ALFA RODOBUS,Alfa Rodobus
86336,21,2026-09-22T12:58,2026-09-22,2026-10-07,16,12,4,177,176,99.4,176,0,0,Offline,False,False,True,ALFA RODOBUS,Alfa Rodobus
86351,21,2026-08-31T21:38,2026-08-31,2026-10-07,38,34,4,655,655,100.0,655,0,0,Offline,True,True,True,ALFA RODOBUS,Alfa Rodobus
86354,21,2026-09-10T05:43,2026-09-10,2026-10-07,28,24,4,446,441,98.9,0,441,5,Erro SD + Gravação,False,False,True,ALFA RODOBUS,Alfa Rodobus
86357,21,2026-08-31T21:50,2026-08-31,2026-10-07,38,34,4,638,638,100.0,3,635,5,Offline e Erro SD + Gravação,True,True,True,ALFA RODOBUS,Alfa Rodobus
86363,21,2026-08-31T21:53,2026-08-31,2026-09-18,19,19,0,405,405,100.0,0,405,5,Erro SD + Gravação,True,True,False,ALFA RODOBUS,
86601,22,2026-10-07T11:20,2026-10-07,2026-10-07,1,1,0,1,1,100.0,1,0,0,Offline,True,False,True,ALFA RODOBUS,
86602,22,2026-10-07T11:40,2026-10-07,2026-10-07,1,1,0,1,1,100.0,1,0,0,Offline,True,False,True,ALFA RODOBUS,Alfa Rodobus
86603,22,2026-10-07T11:14,2026-10-07,2026-10-07,1,1,0,1,1,100.0,1,0,0,Offline,True,False,True,ALFA RODOBUS,Alfa Rodobus
86604,22,2026-08-31T21:37,2026-08-31,2026-10-07,38,37,1,720,720,100.0,719,1,5,Offline e Erro SD + Gravação,True,True,True,ALFA RODOBUS,Alfa Rodobus
86605,21,2026-09-27T06:10,2026-09-27,2026-10-07,11,7,4,71,61,85.9,61,0,0,Offline,False,False,True,ALFA RODOBUS,Alfa Rodobus
86605,22,2026-08-31T21:56,2026-08-31,2026-10-07,38,36,2,697,697,100.0,697,0,0,Offline,True,True,True,ALFA RODOBUS,Alfa Rodobus
86606,21,2026-08-31T21:16,2026-08-31,2026-10-07,38,34,4,672,672,100.0,672,0,0,Offline,True,True,True,ALFA RODOBUS,
86606,22,2026-08-31T21:16,2026-08-31,2026-10-07,38,37,1,716,716,100.0,716,0,0,Offline,True,True,True,ALFA RODOBUS,
86607,21,2026-10-07T10:52,2026-10-07,2026-10-07,1,1,0,1,1,100.0,0,1,5,Erro SD + Gravação,True,False,True,ALFA RODOBUS,
86608,21,2026-10-03T21:50,2026-10-03,2026-10-07,5,5,0,22,22,100.0,22,0,0,Offline,True,False,True,ALFA RODOBUS,Alfa Rodobus
86608,22,2026-08-31T21:17,2026-08-31,2026-10-07,38,37,1,680,680,100.0,680,0,0,Offline,True,True,True,ALFA RODOBUS,Alfa Rodobus
86609,22,2026-10-07T11:27,2026-10-07,2026-10-07,1,1,0,1,1,100.0,1,0,0,Offline,True,False,True,ALFA RODOBUS,Alfa Rodobus
86610,22,2026-10-07T11:07,2026-10-07,2026-10-07,1,1,0,1,1,100.0,1,0,0,Offline,True,False,True,ALFA RODOBUS,Alfa Rodobus
86613,22,2026-10-07T11:12,2026-10-07,2026-10-07,1,1,0,1,1,100.0,1,0,0,Offline,True,False,True,ALFA RODOBUS,Alfa Rodobus
86614,22,2026-10-07T10:50,2026-10-07,2026-10-07,1,1,0,1,1,100.0,1,0,0,Offline,True,False,True,ALFA RODOBUS,Alfa Rodobus
86615,22,2026-10-07T10:56,2026-10-07,2026-10-07,1,1,0,1,1,100.0,1,0,0,Offline,True,False,True,ALFA RODOBUS,Alfa Rodobus
86616,21,2026-09-24T15:44,2026-09-24,2026-10-07,14,10,4,138,125,90.6,125,0,0,Offline,False,False,True,ALFA RODOBUS,Alfa Rodobus
86617,22,2026-10-07T11:17,2026-10-07,2026-10-07,1,1,0,1,1,100.0,1,0,0,Offline,True,False,True,ALFA RODOBUS,Alfa Rodobus
86629,21,2026-08-31T21:43,2026-08-31,2026-10-07,38,34,4,670,670,100.0,0,670,5,Erro SD + Gravação,True,True,True,ALFA RODOBUS,
86629,22,2026-08-31T21:43,2026-08-31,2026-10-07,38,37,1,708,708,100.0,0,708,5,Erro SD + Gravação,True,True,True,ALFA RODOBUS,
86629,23,2026-08-31T21:43,2026-08-31,2026-10-07,38,38,0,731,731,100.0,731,0,0,Offline,True,True,True,ALFA RODOBUS,
86630,21,2026-10-07T10:50,2026-10-07,2026-10-07,1,1,0,1,1,100.0,1,0,0,Offline,True,False,True,ALFA RODOBUS,
86630,23,2026-08-31T21:59,2026-08-31,2026-10-07,38,38,0,728,728,100.0,728,0,0,Offline,True,True,True,ALFA RODOBUS,
